[2025-03-10 16:30:28] Configuration updated for memory_ratio:
  Warning threshold: 1.2
  Critical threshold: 1.5
  Consecutive violations: 3
  Notification level: all

[2025-03-10 16:30:28] Configuration updated for cpu_threshold:
  Warning threshold: 1.2
  Critical threshold: 1.5
  Consecutive violations: 3
  Notification level: all

[2025-03-10 16:30:28] Configuration updated for gpu_utilization:
  Warning threshold: 0.4
  Critical threshold: 0.2
  Consecutive violations: 3
  Notification level: all

[2025-03-10 16:30:28] CRITICAL violation for gpu_utilization:
  Value: 0.32 (Threshold: 0.32)
  Trend: insufficient data

[2025-03-10 16:30:28] CRITICAL: gpu_utilization
Value 0.32 exceeds critical threshold 0.06
[2025-03-10 16:30:28] CRITICAL violation for gpu_utilization:
  Value: 0.19 (Threshold: 0.20)
  Trend: insufficient data

[2025-03-10 16:30:28] CRITICAL: gpu_utilization
Value 0.19 exceeds critical threshold 0.04
[2025-03-10 16:30:28] CRITICAL violation for gpu_utilization:
  Value: 0.18 (Threshold: 0.18)
  Trend: insufficient data

[2025-03-10 16:30:28] CRITICAL: gpu_utilization
Value 0.18 exceeds critical threshold 0.04
[2025-03-10 16:30:28] CRITICAL violation for gpu_utilization:
  Value: 0.16 (Threshold: 0.16)
  Trend: insufficient data

[2025-03-10 16:30:28] CRITICAL: gpu_utilization
Value 0.16 exceeds critical threshold 0.03
[2025-03-10 16:30:28] CRITICAL violation for gpu_utilization:
  Value: 0.28 (Threshold: 0.16)
  Trend: insufficient data

[2025-03-10 16:30:28] CRITICAL: gpu_utilization
Value 0.28 exceeds critical threshold 0.03
[2025-03-10 16:30:29] CRITICAL violation for gpu_utilization:
  Value: 0.46 (Threshold: 0.16)
  Trend: insufficient data

[2025-03-10 16:30:29] CRITICAL: gpu_utilization
Value 0.46 exceeds critical threshold 0.03
[2025-03-10 16:30:29] CRITICAL violation for gpu_utilization:
  Value: 0.55 (Threshold: 0.16)
  Trend: insufficient data

[2025-03-10 16:30:29] CRITICAL: gpu_utilization
Value 0.55 exceeds critical threshold 0.03
[2025-03-10 16:30:29] CRITICAL violation for gpu_utilization:
  Value: 0.19 (Threshold: 0.16)
  Trend: insufficient data

[2025-03-10 16:30:29] CRITICAL: gpu_utilization
Value 0.19 exceeds critical threshold 0.03
[2025-03-10 16:30:29] CRITICAL violation for gpu_utilization:
  Value: 0.15 (Threshold: 0.16)
  Trend: insufficient data

[2025-03-10 16:30:29] CRITICAL: gpu_utilization
Value 0.15 exceeds critical threshold 0.03
[2025-03-10 16:30:29] CRITICAL violation for gpu_utilization:
  Value: 0.40 (Threshold: 0.16)
  Trend: stable

[2025-03-10 16:30:29] CRITICAL: gpu_utilization
Value 0.40 exceeds critical threshold 0.03
[2025-03-10 16:30:29] CRITICAL violation for gpu_utilization:
  Value: 0.25 (Threshold: 0.16)
  Trend: stable

[2025-03-10 16:30:29] CRITICAL: gpu_utilization
Value 0.25 exceeds critical threshold 0.03
[2025-03-10 16:30:29] CRITICAL violation for gpu_utilization:
  Value: 0.36 (Threshold: 0.16)
  Trend: stable

[2025-03-10 16:30:29] CRITICAL: gpu_utilization
Value 0.36 exceeds critical threshold 0.03
[2025-03-10 16:30:29] CRITICAL violation for gpu_utilization:
  Value: 0.49 (Threshold: 0.16)
  Trend: stable

[2025-03-10 16:30:29] CRITICAL: gpu_utilization
Value 0.49 exceeds critical threshold 0.03
[2025-03-10 16:30:29] CRITICAL violation for gpu_utilization:
  Value: 0.55 (Threshold: 0.16)
  Trend: stable

[2025-03-10 16:30:29] CRITICAL: gpu_utilization
Value 0.55 exceeds critical threshold 0.03
[2025-03-10 16:30:29] CRITICAL violation for gpu_utilization:
  Value: 0.31 (Threshold: 0.16)
  Trend: stable

[2025-03-10 16:30:29] CRITICAL: gpu_utilization
Value 0.31 exceeds critical threshold 0.03
[2025-03-10 16:30:30] CRITICAL violation for gpu_utilization:
  Value: 0.55 (Threshold: 0.16)
  Trend: stable

[2025-03-10 16:30:30] CRITICAL: gpu_utilization
Value 0.55 exceeds critical threshold 0.03
[2025-03-10 16:30:30] CRITICAL violation for gpu_utilization:
  Value: 0.54 (Threshold: 0.16)
  Trend: increasing

[2025-03-10 16:30:30] CRITICAL: gpu_utilization
Value 0.54 exceeds critical threshold 0.03
[2025-03-10 16:30:30] CRITICAL violation for gpu_utilization:
  Value: 0.64 (Threshold: 0.16)
  Trend: increasing

[2025-03-10 16:30:30] CRITICAL: gpu_utilization
Value 0.64 exceeds critical threshold 0.03
[2025-03-10 16:30:30] CRITICAL violation for gpu_utilization:
  Value: 0.50 (Threshold: 0.16)
  Trend: stable

[2025-03-10 16:30:30] CRITICAL: gpu_utilization
Value 0.50 exceeds critical threshold 0.03
[2025-03-10 16:30:30] CRITICAL violation for gpu_utilization:
  Value: 0.26 (Threshold: 0.16)
  Trend: stable

[2025-03-10 16:30:30] CRITICAL: gpu_utilization
Value 0.26 exceeds critical threshold 0.03
[2025-03-10 16:30:30] CRITICAL violation for gpu_utilization:
  Value: 0.37 (Threshold: 0.16)
  Trend: stable

[2025-03-10 16:30:30] CRITICAL: gpu_utilization
Value 0.37 exceeds critical threshold 0.03
[2025-03-10 16:30:31] CRITICAL violation for gpu_utilization:
  Value: 0.49 (Threshold: 0.16)
  Trend: stable

[2025-03-10 16:30:31] CRITICAL: gpu_utilization
Value 0.49 exceeds critical threshold 0.03
[2025-03-10 16:30:31] CRITICAL violation for gpu_utilization:
  Value: 0.38 (Threshold: 0.16)
  Trend: stable

[2025-03-10 16:30:31] CRITICAL: gpu_utilization
Value 0.38 exceeds critical threshold 0.03
[2025-03-10 16:30:31] CRITICAL violation for gpu_utilization:
  Value: 0.44 (Threshold: 0.16)
  Trend: stable

[2025-03-10 16:30:31] CRITICAL: gpu_utilization
Value 0.44 exceeds critical threshold 0.03
[2025-03-10 16:30:31] CRITICAL violation for gpu_utilization:
  Value: 0.26 (Threshold: 0.16)
  Trend: stable

[2025-03-10 16:30:31] CRITICAL: gpu_utilization
Value 0.26 exceeds critical threshold 0.03
[2025-03-10 16:30:32] CRITICAL violation for gpu_utilization:
  Value: 0.34 (Threshold: 0.16)
  Trend: stable

[2025-03-10 16:30:32] CRITICAL: gpu_utilization
Value 0.34 exceeds critical threshold 0.03
[2025-03-10 16:30:32] CRITICAL violation for gpu_utilization:
  Value: 0.29 (Threshold: 0.16)
  Trend: stable

[2025-03-10 16:30:32] CRITICAL: gpu_utilization
Value 0.29 exceeds critical threshold 0.03
[2025-03-10 16:30:32] CRITICAL violation for gpu_utilization:
  Value: 0.23 (Threshold: 0.16)
  Trend: stable

[2025-03-10 16:30:32] CRITICAL: gpu_utilization
Value 0.23 exceeds critical threshold 0.03
[2025-03-10 16:30:32] CRITICAL violation for gpu_utilization:
  Value: 0.57 (Threshold: 0.17)
  Trend: stable

[2025-03-10 16:30:32] CRITICAL: gpu_utilization
Value 0.57 exceeds critical threshold 0.03
[2025-03-10 16:30:32] CRITICAL violation for gpu_utilization:
  Value: 0.42 (Threshold: 0.17)
  Trend: stable

[2025-03-10 16:30:32] CRITICAL: gpu_utilization
Value 0.42 exceeds critical threshold 0.03
[2025-03-10 16:30:32] CRITICAL violation for gpu_utilization:
  Value: 0.48 (Threshold: 0.17)
  Trend: stable

[2025-03-10 16:30:32] CRITICAL: gpu_utilization
Value 0.48 exceeds critical threshold 0.03
[2025-03-10 16:30:33] CRITICAL violation for gpu_utilization:
  Value: 0.34 (Threshold: 0.17)
  Trend: stable

[2025-03-10 16:30:33] CRITICAL: gpu_utilization
Value 0.34 exceeds critical threshold 0.03
[2025-03-10 16:30:33] CRITICAL violation for gpu_utilization:
  Value: 0.35 (Threshold: 0.17)
  Trend: stable

[2025-03-10 16:30:33] CRITICAL: gpu_utilization
Value 0.35 exceeds critical threshold 0.03
[2025-03-10 16:30:33] CRITICAL violation for gpu_utilization:
  Value: 0.34 (Threshold: 0.17)
  Trend: stable

[2025-03-10 16:30:33] CRITICAL: gpu_utilization
Value 0.34 exceeds critical threshold 0.03
[2025-03-10 16:30:33] CRITICAL violation for gpu_utilization:
  Value: 0.37 (Threshold: 0.17)
  Trend: stable

[2025-03-10 16:30:33] CRITICAL: gpu_utilization
Value 0.37 exceeds critical threshold 0.03
[2025-03-10 16:30:33] CRITICAL violation for gpu_utilization:
  Value: 0.41 (Threshold: 0.17)
  Trend: stable

[2025-03-10 16:30:33] CRITICAL: gpu_utilization
Value 0.41 exceeds critical threshold 0.03
[2025-03-10 16:30:33] CRITICAL violation for gpu_utilization:
  Value: 0.45 (Threshold: 0.17)
  Trend: stable

[2025-03-10 16:30:33] CRITICAL: gpu_utilization
Value 0.45 exceeds critical threshold 0.03
[2025-03-10 16:30:34] CRITICAL violation for gpu_utilization:
  Value: 0.50 (Threshold: 0.17)
  Trend: stable

[2025-03-10 16:30:34] CRITICAL: gpu_utilization
Value 0.50 exceeds critical threshold 0.03
[2025-03-10 16:30:34] WARNING violation for cpu_threshold:
  Value: 112.55 (Threshold: 76.87)
  Trend: stable

[2025-03-10 16:30:34] WARNING: cpu_threshold
Value 112.55 exceeds warning threshold 92.25
[2025-03-10 16:30:34] CRITICAL violation for gpu_utilization:
  Value: 0.42 (Threshold: 0.18)
  Trend: stable

[2025-03-10 16:30:34] CRITICAL: gpu_utilization
Value 0.42 exceeds critical threshold 0.04
[2025-03-10 16:30:34] CRITICAL violation for gpu_utilization:
  Value: 0.32 (Threshold: 0.18)
  Trend: stable

[2025-03-10 16:30:34] CRITICAL: gpu_utilization
Value 0.32 exceeds critical threshold 0.04
[2025-03-10 16:30:35] CRITICAL violation for gpu_utilization:
  Value: 0.41 (Threshold: 0.18)
  Trend: stable

[2025-03-10 16:30:35] CRITICAL: gpu_utilization
Value 0.41 exceeds critical threshold 0.04
[2025-03-10 16:30:35] CRITICAL violation for gpu_utilization:
  Value: 0.66 (Threshold: 0.18)
  Trend: stable

[2025-03-10 16:30:35] CRITICAL: gpu_utilization
Value 0.66 exceeds critical threshold 0.04
[2025-03-10 16:30:36] CRITICAL violation for gpu_utilization:
  Value: 0.39 (Threshold: 0.18)
  Trend: stable

[2025-03-10 16:30:36] CRITICAL: gpu_utilization
Value 0.39 exceeds critical threshold 0.04
[2025-03-10 16:30:36] CRITICAL violation for gpu_utilization:
  Value: 0.57 (Threshold: 0.18)
  Trend: stable

[2025-03-10 16:30:36] CRITICAL: gpu_utilization
Value 0.57 exceeds critical threshold 0.04
[2025-03-10 16:30:36] CRITICAL violation for gpu_utilization:
  Value: 0.41 (Threshold: 0.18)
  Trend: stable

[2025-03-10 16:30:36] CRITICAL: gpu_utilization
Value 0.41 exceeds critical threshold 0.04
[2025-03-10 16:30:36] CRITICAL violation for gpu_utilization:
  Value: 0.38 (Threshold: 0.18)
  Trend: stable

[2025-03-10 16:30:36] CRITICAL: gpu_utilization
Value 0.38 exceeds critical threshold 0.04
[2025-03-10 16:30:37] CRITICAL violation for gpu_utilization:
  Value: 0.30 (Threshold: 0.18)
  Trend: stable

[2025-03-10 16:30:37] CRITICAL: gpu_utilization
Value 0.30 exceeds critical threshold 0.04
[2025-03-10 16:30:37] CRITICAL violation for gpu_utilization:
  Value: 0.34 (Threshold: 0.18)
  Trend: stable

[2025-03-10 16:30:37] CRITICAL: gpu_utilization
Value 0.34 exceeds critical threshold 0.04
[2025-03-10 16:30:37] CRITICAL violation for gpu_utilization:
  Value: 0.52 (Threshold: 0.18)
  Trend: stable

[2025-03-10 16:30:37] CRITICAL: gpu_utilization
Value 0.52 exceeds critical threshold 0.04
[2025-03-10 16:30:39] CRITICAL violation for gpu_utilization:
  Value: 0.47 (Threshold: 0.18)
  Trend: stable

[2025-03-10 16:30:39] CRITICAL: gpu_utilization
Value 0.47 exceeds critical threshold 0.04
[2025-03-10 16:30:39] CRITICAL violation for gpu_utilization:
  Value: 0.40 (Threshold: 0.19)
  Trend: stable

[2025-03-10 16:30:39] CRITICAL: gpu_utilization
Value 0.40 exceeds critical threshold 0.04
[2025-03-10 16:30:39] CRITICAL violation for gpu_utilization:
  Value: 0.40 (Threshold: 0.19)
  Trend: stable

[2025-03-10 16:30:39] CRITICAL: gpu_utilization
Value 0.40 exceeds critical threshold 0.04
[2025-03-10 16:30:39] CRITICAL violation for gpu_utilization:
  Value: 0.23 (Threshold: 0.19)
  Trend: stable

[2025-03-10 16:30:39] CRITICAL: gpu_utilization
Value 0.23 exceeds critical threshold 0.04
[2025-03-10 16:30:39] CRITICAL violation for gpu_utilization:
  Value: 0.37 (Threshold: 0.19)
  Trend: stable

[2025-03-10 16:30:39] CRITICAL: gpu_utilization
Value 0.37 exceeds critical threshold 0.04
[2025-03-10 16:30:39] CRITICAL violation for gpu_utilization:
  Value: 0.26 (Threshold: 0.19)
  Trend: stable

[2025-03-10 16:30:39] CRITICAL: gpu_utilization
Value 0.26 exceeds critical threshold 0.04
[2025-03-10 16:30:39] CRITICAL violation for gpu_utilization:
  Value: 0.61 (Threshold: 0.19)
  Trend: stable

[2025-03-10 16:30:39] CRITICAL: gpu_utilization
Value 0.61 exceeds critical threshold 0.04
[2025-03-10 16:30:39] CRITICAL violation for gpu_utilization:
  Value: 0.37 (Threshold: 0.19)
  Trend: stable

[2025-03-10 16:30:39] CRITICAL: gpu_utilization
Value 0.37 exceeds critical threshold 0.04
[2025-03-10 16:30:39] CRITICAL violation for gpu_utilization:
  Value: 0.29 (Threshold: 0.19)
  Trend: stable

[2025-03-10 16:30:39] CRITICAL: gpu_utilization
Value 0.29 exceeds critical threshold 0.04
[2025-03-10 16:30:39] CRITICAL violation for gpu_utilization:
  Value: 0.48 (Threshold: 0.19)
  Trend: stable

[2025-03-10 16:30:39] CRITICAL: gpu_utilization
Value 0.48 exceeds critical threshold 0.04
[2025-03-10 16:30:39] CRITICAL violation for gpu_utilization:
  Value: 0.38 (Threshold: 0.19)
  Trend: stable

[2025-03-10 16:30:39] CRITICAL: gpu_utilization
Value 0.38 exceeds critical threshold 0.04
[2025-03-10 16:30:40] CRITICAL violation for gpu_utilization:
  Value: 0.35 (Threshold: 0.19)
  Trend: stable

[2025-03-10 16:30:40] CRITICAL: gpu_utilization
Value 0.35 exceeds critical threshold 0.04
[2025-03-10 16:30:40] CRITICAL violation for gpu_utilization:
  Value: 0.43 (Threshold: 0.19)
  Trend: stable

[2025-03-10 16:30:40] CRITICAL: gpu_utilization
Value 0.43 exceeds critical threshold 0.04
[2025-03-10 16:30:40] CRITICAL violation for gpu_utilization:
  Value: 0.26 (Threshold: 0.19)
  Trend: stable

[2025-03-10 16:30:40] CRITICAL: gpu_utilization
Value 0.26 exceeds critical threshold 0.04
[2025-03-10 16:30:40] CRITICAL violation for gpu_utilization:
  Value: 0.28 (Threshold: 0.19)
  Trend: stable

[2025-03-10 16:30:40] CRITICAL: gpu_utilization
Value 0.28 exceeds critical threshold 0.04
[2025-03-10 16:30:40] CRITICAL violation for gpu_utilization:
  Value: 0.25 (Threshold: 0.19)
  Trend: stable

[2025-03-10 16:30:40] CRITICAL: gpu_utilization
Value 0.25 exceeds critical threshold 0.04
[2025-03-10 16:30:40] CRITICAL violation for gpu_utilization:
  Value: 0.01 (Threshold: 0.18)
  Trend: stable

[2025-03-10 16:30:41] CRITICAL violation for gpu_utilization:
  Value: 0.25 (Threshold: 0.18)
  Trend: stable

[2025-03-10 16:30:41] CRITICAL: gpu_utilization
Value 0.25 exceeds critical threshold 0.04
[2025-03-10 16:30:41] CRITICAL violation for gpu_utilization:
  Value: 0.04 (Threshold: 0.16)
  Trend: decreasing

[2025-03-10 16:30:41] CRITICAL: gpu_utilization
Value 0.04 exceeds critical threshold 0.03
[2025-03-10 16:30:41] CRITICAL violation for gpu_utilization:
  Value: 0.12 (Threshold: 0.16)
  Trend: decreasing

[2025-03-10 16:30:41] CRITICAL: gpu_utilization
Value 0.12 exceeds critical threshold 0.03
[2025-03-10 16:30:41] CRITICAL violation for gpu_utilization:
  Value: 0.24 (Threshold: 0.16)
  Trend: stable

[2025-03-10 16:30:41] CRITICAL: gpu_utilization
Value 0.24 exceeds critical threshold 0.03
[2025-03-10 16:30:41] CRITICAL violation for gpu_utilization:
  Value: 0.25 (Threshold: 0.16)
  Trend: stable

[2025-03-10 16:30:41] CRITICAL: gpu_utilization
Value 0.25 exceeds critical threshold 0.03
[2025-03-10 16:30:41] CRITICAL violation for gpu_utilization:
  Value: 0.12 (Threshold: 0.14)
  Trend: stable

[2025-03-10 16:30:41] CRITICAL: gpu_utilization
Value 0.12 exceeds critical threshold 0.03
[2025-03-10 16:30:41] WARNING violation for memory_ratio:
  Value: 4.53 (Threshold: 3.73)
  Trend: stable

[2025-03-10 16:30:41] WARNING: memory_ratio
Value 4.53 exceeds warning threshold 4.48
[2025-03-10 16:30:41] CRITICAL violation for gpu_utilization:
  Value: 0.20 (Threshold: 0.14)
  Trend: stable

[2025-03-10 16:30:41] CRITICAL: gpu_utilization
Value 0.20 exceeds critical threshold 0.03
[2025-03-10 16:30:41] CRITICAL violation for gpu_utilization:
  Value: 0.40 (Threshold: 0.14)
  Trend: stable

[2025-03-10 16:30:41] CRITICAL: gpu_utilization
Value 0.40 exceeds critical threshold 0.03
[2025-03-10 16:30:42] CRITICAL violation for gpu_utilization:
  Value: 0.22 (Threshold: 0.14)
  Trend: stable

[2025-03-10 16:30:42] CRITICAL: gpu_utilization
Value 0.22 exceeds critical threshold 0.03
[2025-03-10 16:30:42] CRITICAL violation for gpu_utilization:
  Value: 0.30 (Threshold: 0.15)
  Trend: stable

[2025-03-10 16:30:42] CRITICAL: gpu_utilization
Value 0.30 exceeds critical threshold 0.03
[2025-03-10 16:30:42] CRITICAL violation for gpu_utilization:
  Value: 0.34 (Threshold: 0.15)
  Trend: stable

[2025-03-10 16:30:42] CRITICAL: gpu_utilization
Value 0.34 exceeds critical threshold 0.03
[2025-03-10 16:30:42] CRITICAL violation for gpu_utilization:
  Value: 0.30 (Threshold: 0.15)
  Trend: stable

[2025-03-10 16:30:42] CRITICAL: gpu_utilization
Value 0.30 exceeds critical threshold 0.03
[2025-03-10 16:30:42] CRITICAL violation for gpu_utilization:
  Value: 0.29 (Threshold: 0.15)
  Trend: stable

[2025-03-10 16:30:42] CRITICAL: gpu_utilization
Value 0.29 exceeds critical threshold 0.03
[2025-03-10 16:30:42] CRITICAL violation for gpu_utilization:
  Value: -0.01 (Threshold: 0.12)
  Trend: stable

[2025-03-10 16:30:43] CRITICAL violation for gpu_utilization:
  Value: 0.13 (Threshold: 0.12)
  Trend: stable

[2025-03-10 16:30:43] CRITICAL: gpu_utilization
Value 0.13 exceeds critical threshold 0.02
[2025-03-10 16:30:43] CRITICAL violation for memory_ratio:
  Value: 6.62 (Threshold: 3.97)
  Trend: stable

[2025-03-10 16:30:43] CRITICAL: memory_ratio
Value 6.62 exceeds critical threshold 5.96
[2025-03-10 16:30:43] CRITICAL violation for gpu_utilization:
  Value: 0.20 (Threshold: 0.12)
  Trend: stable

[2025-03-10 16:30:43] CRITICAL: gpu_utilization
Value 0.20 exceeds critical threshold 0.02
[2025-03-10 16:30:43] CRITICAL violation for gpu_utilization:
  Value: 0.07 (Threshold: 0.12)
  Trend: stable

[2025-03-10 16:30:43] CRITICAL: gpu_utilization
Value 0.07 exceeds critical threshold 0.02
[2025-03-10 16:30:44] CRITICAL violation for gpu_utilization:
  Value: 0.25 (Threshold: 0.12)
  Trend: stable

[2025-03-10 16:30:44] CRITICAL: gpu_utilization
Value 0.25 exceeds critical threshold 0.02
[2025-03-10 16:30:44] CRITICAL violation for gpu_utilization:
  Value: 0.00 (Threshold: 0.08)
  Trend: stable

[2025-03-10 16:30:45] CRITICAL violation for gpu_utilization:
  Value: 0.28 (Threshold: 0.08)
  Trend: stable

[2025-03-10 16:30:45] CRITICAL: gpu_utilization
Value 0.28 exceeds critical threshold 0.02
[2025-03-10 16:30:45] WARNING violation for memory_ratio:
  Value: 5.65 (Threshold: 4.23)
  Trend: stable

[2025-03-10 16:30:45] WARNING: memory_ratio
Value 5.65 exceeds warning threshold 5.07
[2025-03-10 16:30:45] CRITICAL violation for gpu_utilization:
  Value: -0.01 (Threshold: 0.05)
  Trend: stable

[2025-03-10 16:30:45] CRITICAL violation for memory_ratio:
  Value: 5.58 (Threshold: 4.46)
  Trend: stable

[2025-03-10 16:30:45] WARNING: memory_ratio
Value 5.58 exceeds warning threshold 5.35
[2025-03-10 16:30:45] CRITICAL violation for gpu_utilization:
  Value: 0.26 (Threshold: 0.05)
  Trend: stable

[2025-03-10 16:30:45] CRITICAL: gpu_utilization
Value 0.26 exceeds critical threshold 0.01
[2025-03-10 16:30:45] CRITICAL violation for memory_ratio:
  Value: 4.06 (Threshold: 4.44)
  Trend: stable

[2025-03-10 16:30:45] CRITICAL violation for gpu_utilization:
  Value: 0.07 (Threshold: 0.06)
  Trend: stable

[2025-03-10 16:30:45] CRITICAL: gpu_utilization
Value 0.07 exceeds critical threshold 0.01
[2025-03-10 16:30:46] CRITICAL violation for memory_ratio:
  Value: 4.15 (Threshold: 4.43)
  Trend: stable

[2025-03-10 16:30:46] CRITICAL violation for gpu_utilization:
  Value: -0.18 (Threshold: 0.03)
  Trend: stable

[2025-03-10 16:30:46] CRITICAL violation for memory_ratio:
  Value: 3.14 (Threshold: 4.42)
  Trend: stable

[2025-03-10 16:30:46] CRITICAL violation for gpu_utilization:
  Value: 0.11 (Threshold: 0.03)
  Trend: stable

[2025-03-10 16:30:46] CRITICAL: gpu_utilization
Value 0.11 exceeds critical threshold 0.01
[2025-03-10 16:30:47] CRITICAL violation for memory_ratio:
  Value: 6.64 (Threshold: 4.59)
  Trend: stable

[2025-03-10 16:30:47] WARNING: memory_ratio
Value 6.64 exceeds warning threshold 5.51
[2025-03-10 16:30:47] CRITICAL violation for gpu_utilization:
  Value: 0.08 (Threshold: 0.03)
  Trend: stable

[2025-03-10 16:30:47] CRITICAL: gpu_utilization
Value 0.08 exceeds critical threshold 0.01
[2025-03-10 16:30:47] CRITICAL violation for memory_ratio:
  Value: 4.42 (Threshold: 4.59)
  Trend: stable

[2025-03-10 16:30:47] CRITICAL violation for gpu_utilization:
  Value: 0.05 (Threshold: 0.03)
  Trend: stable

[2025-03-10 16:30:47] CRITICAL: gpu_utilization
Value 0.05 exceeds critical threshold 0.01
[2025-03-10 16:30:48] CRITICAL violation for memory_ratio:
  Value: 4.08 (Threshold: 4.58)
  Trend: stable

[2025-03-10 16:30:48] CRITICAL violation for gpu_utilization:
  Value: -0.36 (Threshold: 0.01)
  Trend: stable

[2025-03-10 16:30:49] CRITICAL violation for gpu_utilization:
  Value: 0.06 (Threshold: 0.01)
  Trend: stable

[2025-03-10 16:30:49] CRITICAL: gpu_utilization
Value 0.06 exceeds critical threshold 0.00
[2025-03-10 16:30:49] CRITICAL violation for memory_ratio:
  Value: 3.98 (Threshold: 4.58)
  Trend: stable

[2025-03-10 16:30:49] CRITICAL violation for gpu_utilization:
  Value: -0.06 (Threshold: -0.00)
  Trend: stable

[2025-03-10 16:30:49] CRITICAL: gpu_utilization
Value -0.06 exceeds critical threshold -0.00
[2025-03-10 16:30:49] CRITICAL violation for memory_ratio:
  Value: 4.29 (Threshold: 4.57)
  Trend: stable

[2025-03-10 16:30:49] CRITICAL violation for gpu_utilization:
  Value: -0.01 (Threshold: -0.01)
  Trend: stable

[2025-03-10 16:30:49] CRITICAL: gpu_utilization
Value -0.01 exceeds critical threshold -0.00
[2025-03-10 16:30:49] CRITICAL violation for memory_ratio:
  Value: 3.69 (Threshold: 4.56)
  Trend: stable

[2025-03-10 16:30:49] CRITICAL violation for gpu_utilization:
  Value: -0.07 (Threshold: -0.01)
  Trend: stable

[2025-03-10 16:30:49] CRITICAL: gpu_utilization
Value -0.07 exceeds critical threshold -0.00
[2025-03-10 16:30:49] CRITICAL violation for memory_ratio:
  Value: 3.60 (Threshold: 4.56)
  Trend: stable

[2025-03-10 16:30:49] CRITICAL violation for gpu_utilization:
  Value: 0.12 (Threshold: -0.01)
  Trend: stable

[2025-03-10 16:30:49] CRITICAL: gpu_utilization
Value 0.12 exceeds critical threshold -0.00
[2025-03-10 16:30:49] CRITICAL violation for memory_ratio:
  Value: 3.28 (Threshold: 4.55)
  Trend: stable

[2025-03-10 16:30:49] CRITICAL violation for gpu_utilization:
  Value: -0.10 (Threshold: -0.02)
  Trend: stable

[2025-03-10 16:30:49] CRITICAL: gpu_utilization
Value -0.10 exceeds critical threshold -0.00
[2025-03-10 16:30:49] CRITICAL violation for memory_ratio:
  Value: 4.31 (Threshold: 4.55)
  Trend: stable

[2025-03-10 16:30:49] CRITICAL violation for gpu_utilization:
  Value: -0.06 (Threshold: -0.06)
  Trend: stable

[2025-03-10 16:30:49] CRITICAL: gpu_utilization
Value -0.06 exceeds critical threshold -0.01
[2025-03-10 16:30:49] CRITICAL violation for memory_ratio:
  Value: 3.60 (Threshold: 4.54)
  Trend: stable

[2025-03-10 16:30:49] CRITICAL violation for gpu_utilization:
  Value: -0.04 (Threshold: -0.06)
  Trend: stable

[2025-03-10 16:30:49] CRITICAL: gpu_utilization
Value -0.04 exceeds critical threshold -0.01
[2025-03-10 16:30:49] CRITICAL violation for memory_ratio:
  Value: 4.52 (Threshold: 4.54)
  Trend: stable

[2025-03-10 16:30:49] CRITICAL violation for gpu_utilization:
  Value: -0.09 (Threshold: -0.06)
  Trend: stable

[2025-03-10 16:30:49] CRITICAL: gpu_utilization
Value -0.09 exceeds critical threshold -0.01
[2025-03-10 16:30:50] CRITICAL violation for memory_ratio:
  Value: 3.38 (Threshold: 4.54)
  Trend: stable

[2025-03-10 16:30:50] CRITICAL violation for gpu_utilization:
  Value: -0.16 (Threshold: -0.07)
  Trend: stable

[2025-03-10 16:30:50] CRITICAL: gpu_utilization
Value -0.16 exceeds critical threshold -0.01
[2025-03-10 16:30:50] CRITICAL violation for memory_ratio:
  Value: 3.64 (Threshold: 4.54)
  Trend: stable

[2025-03-10 16:30:50] CRITICAL violation for gpu_utilization:
  Value: -0.17 (Threshold: -0.09)
  Trend: stable

[2025-03-10 16:30:50] CRITICAL: gpu_utilization
Value -0.17 exceeds critical threshold -0.02
[2025-03-10 16:30:50] CRITICAL violation for memory_ratio:
  Value: 3.85 (Threshold: 4.54)
  Trend: stable

[2025-03-10 16:30:50] CRITICAL violation for gpu_utilization:
  Value: 0.04 (Threshold: -0.09)
  Trend: stable

[2025-03-10 16:30:50] CRITICAL: gpu_utilization
Value 0.04 exceeds critical threshold -0.02
[2025-03-10 16:30:50] CRITICAL violation for memory_ratio:
  Value: 4.36 (Threshold: 4.54)
  Trend: stable

[2025-03-10 16:30:50] CRITICAL violation for gpu_utilization:
  Value: 0.00 (Threshold: -0.09)
  Trend: stable

[2025-03-10 16:30:50] CRITICAL: gpu_utilization
Value 0.00 exceeds critical threshold -0.02
[2025-03-10 16:30:50] CRITICAL violation for memory_ratio:
  Value: 4.55 (Threshold: 4.55)
  Trend: stable

[2025-03-10 16:30:50] CRITICAL violation for gpu_utilization:
  Value: -0.06 (Threshold: -0.09)
  Trend: stable

[2025-03-10 16:30:50] CRITICAL: gpu_utilization
Value -0.06 exceeds critical threshold -0.02
[2025-03-10 16:30:50] CRITICAL violation for memory_ratio:
  Value: 3.83 (Threshold: 4.55)
  Trend: stable

[2025-03-10 16:30:50] CRITICAL violation for gpu_utilization:
  Value: -0.09 (Threshold: -0.09)
  Trend: stable

[2025-03-10 16:30:50] CRITICAL: gpu_utilization
Value -0.09 exceeds critical threshold -0.02
[2025-03-10 16:30:51] CRITICAL violation for memory_ratio:
  Value: 4.80 (Threshold: 4.66)
  Trend: stable

[2025-03-10 16:30:51] CRITICAL violation for gpu_utilization:
  Value: -0.32 (Threshold: -0.11)
  Trend: stable

[2025-03-10 16:30:51] CRITICAL: gpu_utilization
Value -0.32 exceeds critical threshold -0.02
[2025-03-10 16:30:51] CRITICAL violation for memory_ratio:
  Value: 3.92 (Threshold: 4.66)
  Trend: stable

[2025-03-10 16:30:51] CRITICAL violation for gpu_utilization:
  Value: -0.18 (Threshold: -0.16)
  Trend: stable

[2025-03-10 16:30:51] CRITICAL: gpu_utilization
Value -0.18 exceeds critical threshold -0.03
[2025-03-10 16:30:51] CRITICAL violation for memory_ratio:
  Value: 3.70 (Threshold: 4.66)
  Trend: stable

[2025-03-10 16:30:51] CRITICAL violation for gpu_utilization:
  Value: -0.05 (Threshold: -0.16)
  Trend: stable

[2025-03-10 16:30:51] CRITICAL: gpu_utilization
Value -0.05 exceeds critical threshold -0.03
[2025-03-10 16:30:51] CRITICAL violation for memory_ratio:
  Value: 4.32 (Threshold: 4.66)
  Trend: stable

[2025-03-10 16:30:51] CRITICAL violation for gpu_utilization:
  Value: -0.23 (Threshold: -0.17)
  Trend: stable

[2025-03-10 16:30:51] CRITICAL: gpu_utilization
Value -0.23 exceeds critical threshold -0.03
[2025-03-10 16:30:51] CRITICAL violation for memory_ratio:
  Value: 3.96 (Threshold: 4.66)
  Trend: stable

[2025-03-10 16:30:51] CRITICAL violation for gpu_utilization:
  Value: -0.21 (Threshold: -0.18)
  Trend: stable

[2025-03-10 16:30:51] CRITICAL: gpu_utilization
Value -0.21 exceeds critical threshold -0.04
[2025-03-10 16:30:51] CRITICAL violation for memory_ratio:
  Value: 3.91 (Threshold: 4.66)
  Trend: stable

[2025-03-10 16:30:51] CRITICAL violation for gpu_utilization:
  Value: -0.36 (Threshold: -0.19)
  Trend: stable

[2025-03-10 16:30:51] CRITICAL: gpu_utilization
Value -0.36 exceeds critical threshold -0.04
[2025-03-10 16:30:52] CRITICAL violation for memory_ratio:
  Value: 3.73 (Threshold: 4.66)
  Trend: stable

[2025-03-10 16:30:52] CRITICAL violation for memory_ratio:
  Value: 5.77 (Threshold: 4.84)
  Trend: stable

[2025-03-10 16:30:52] CRITICAL violation for gpu_utilization:
  Value: -0.06 (Threshold: -0.19)
  Trend: stable

[2025-03-10 16:30:52] CRITICAL: gpu_utilization
Value -0.06 exceeds critical threshold -0.04
[2025-03-10 16:30:52] CRITICAL violation for memory_ratio:
  Value: 4.35 (Threshold: 4.84)
  Trend: stable

[2025-03-10 16:30:52] CRITICAL violation for gpu_utilization:
  Value: -0.32 (Threshold: -0.21)
  Trend: stable

[2025-03-10 16:30:52] CRITICAL: gpu_utilization
Value -0.32 exceeds critical threshold -0.04
[2025-03-10 16:30:52] CRITICAL violation for memory_ratio:
  Value: 3.79 (Threshold: 4.84)
  Trend: stable

[2025-03-10 16:30:52] CRITICAL violation for gpu_utilization:
  Value: -0.28 (Threshold: -0.23)
  Trend: stable

[2025-03-10 16:30:52] CRITICAL: gpu_utilization
Value -0.28 exceeds critical threshold -0.05
[2025-03-10 16:30:52] CRITICAL violation for memory_ratio:
  Value: 3.62 (Threshold: 4.84)
  Trend: stable

[2025-03-10 16:30:52] CRITICAL violation for gpu_utilization:
  Value: -0.09 (Threshold: -0.23)
  Trend: stable

[2025-03-10 16:30:52] CRITICAL: gpu_utilization
Value -0.09 exceeds critical threshold -0.05
[2025-03-10 16:30:52] CRITICAL violation for memory_ratio:
  Value: 5.13 (Threshold: 5.16)
  Trend: stable

[2025-03-10 16:30:52] CRITICAL violation for gpu_utilization:
  Value: -0.16 (Threshold: -0.23)
  Trend: stable

[2025-03-10 16:30:52] CRITICAL: gpu_utilization
Value -0.16 exceeds critical threshold -0.05
[2025-03-10 16:30:52] CRITICAL violation for memory_ratio:
  Value: 3.51 (Threshold: 5.16)
  Trend: stable

[2025-03-10 16:30:52] CRITICAL violation for gpu_utilization:
  Value: -0.14 (Threshold: -0.23)
  Trend: stable

[2025-03-10 16:30:52] CRITICAL: gpu_utilization
Value -0.14 exceeds critical threshold -0.05
[2025-03-10 16:30:53] CRITICAL violation for memory_ratio:
  Value: 3.85 (Threshold: 5.16)
  Trend: stable

[2025-03-10 16:30:53] CRITICAL violation for gpu_utilization:
  Value: -0.12 (Threshold: -0.23)
  Trend: stable

[2025-03-10 16:30:53] CRITICAL: gpu_utilization
Value -0.12 exceeds critical threshold -0.05
[2025-03-10 16:30:53] CRITICAL violation for memory_ratio:
  Value: 7.47 (Threshold: 5.58)
  Trend: stable

[2025-03-10 16:30:53] WARNING: memory_ratio
Value 7.47 exceeds warning threshold 6.70
[2025-03-10 16:30:53] CRITICAL violation for gpu_utilization:
  Value: -0.27 (Threshold: -0.27)
  Trend: stable

[2025-03-10 16:30:53] CRITICAL: gpu_utilization
Value -0.27 exceeds critical threshold -0.05
[2025-03-10 16:30:54] CRITICAL violation for memory_ratio:
  Value: 4.22 (Threshold: 5.58)
  Trend: stable

[2025-03-10 16:30:54] CRITICAL violation for gpu_utilization:
  Value: -0.13 (Threshold: -0.27)
  Trend: stable

[2025-03-10 16:30:54] CRITICAL: gpu_utilization
Value -0.13 exceeds critical threshold -0.05
[2025-03-10 16:30:54] CRITICAL violation for memory_ratio:
  Value: 4.53 (Threshold: 5.58)
  Trend: stable

[2025-03-10 16:30:54] CRITICAL violation for gpu_utilization:
  Value: -0.20 (Threshold: -0.27)
  Trend: stable

[2025-03-10 16:30:54] CRITICAL: gpu_utilization
Value -0.20 exceeds critical threshold -0.05
[2025-03-10 16:30:55] CRITICAL violation for memory_ratio:
  Value: 4.32 (Threshold: 5.58)
  Trend: stable

[2025-03-10 16:30:55] CRITICAL violation for gpu_utilization:
  Value: 0.01 (Threshold: -0.27)
  Trend: stable

[2025-03-10 16:30:55] CRITICAL: gpu_utilization
Value 0.01 exceeds critical threshold -0.05
[2025-03-10 16:30:55] CRITICAL violation for memory_ratio:
  Value: 4.52 (Threshold: 5.58)
  Trend: stable

[2025-03-10 16:30:55] CRITICAL violation for gpu_utilization:
  Value: 0.05 (Threshold: -0.27)
  Trend: stable

[2025-03-10 16:30:55] CRITICAL: gpu_utilization
Value 0.05 exceeds critical threshold -0.05
[2025-03-10 16:30:55] CRITICAL violation for memory_ratio:
  Value: 4.29 (Threshold: 5.58)
  Trend: stable

[2025-03-10 16:30:55] CRITICAL violation for gpu_utilization:
  Value: 0.16 (Threshold: -0.27)
  Trend: stable

[2025-03-10 16:30:55] CRITICAL: gpu_utilization
Value 0.16 exceeds critical threshold -0.05
[2025-03-10 16:30:56] CRITICAL violation for memory_ratio:
  Value: 4.05 (Threshold: 5.58)
  Trend: stable

[2025-03-10 16:30:56] CRITICAL violation for gpu_utilization:
  Value: -0.02 (Threshold: -0.27)
  Trend: stable

[2025-03-10 16:30:56] CRITICAL: gpu_utilization
Value -0.02 exceeds critical threshold -0.05
[2025-03-10 16:30:56] CRITICAL violation for memory_ratio:
  Value: 5.05 (Threshold: 5.58)
  Trend: stable

[2025-03-10 16:30:56] CRITICAL violation for gpu_utilization:
  Value: -0.10 (Threshold: -0.27)
  Trend: stable

[2025-03-10 16:30:56] CRITICAL: gpu_utilization
Value -0.10 exceeds critical threshold -0.05
[2025-03-10 16:30:57] CRITICAL violation for memory_ratio:
  Value: 4.66 (Threshold: 5.58)
  Trend: stable

[2025-03-10 16:30:57] CRITICAL violation for gpu_utilization:
  Value: -0.07 (Threshold: -0.27)
  Trend: stable

[2025-03-10 16:30:57] CRITICAL: gpu_utilization
Value -0.07 exceeds critical threshold -0.05
[2025-03-10 16:30:59] CRITICAL violation for memory_ratio:
  Value: 4.53 (Threshold: 5.58)
  Trend: stable

[2025-03-10 16:30:59] CRITICAL violation for gpu_utilization:
  Value: 0.00 (Threshold: -0.27)
  Trend: stable

[2025-03-10 16:30:59] CRITICAL: gpu_utilization
Value 0.00 exceeds critical threshold -0.05
[2025-03-10 16:30:59] CRITICAL violation for memory_ratio:
  Value: 5.55 (Threshold: 5.58)
  Trend: stable

[2025-03-10 16:30:59] CRITICAL violation for gpu_utilization:
  Value: -0.00 (Threshold: -0.27)
  Trend: stable

[2025-03-10 16:30:59] CRITICAL: gpu_utilization
Value -0.00 exceeds critical threshold -0.05
[2025-03-10 16:30:59] CRITICAL violation for memory_ratio:
  Value: 4.91 (Threshold: 5.58)
  Trend: stable

[2025-03-10 16:30:59] CRITICAL violation for gpu_utilization:
  Value: -0.17 (Threshold: -0.27)
  Trend: stable

[2025-03-10 16:30:59] CRITICAL: gpu_utilization
Value -0.17 exceeds critical threshold -0.05
[2025-03-10 16:30:59] CRITICAL violation for memory_ratio:
  Value: 5.52 (Threshold: 5.58)
  Trend: stable

[2025-03-10 16:30:59] CRITICAL violation for gpu_utilization:
  Value: 0.18 (Threshold: -0.27)
  Trend: stable

[2025-03-10 16:30:59] CRITICAL: gpu_utilization
Value 0.18 exceeds critical threshold -0.05
[2025-03-10 16:30:59] CRITICAL violation for memory_ratio:
  Value: 5.12 (Threshold: 5.58)
  Trend: stable

[2025-03-10 16:30:59] CRITICAL violation for gpu_utilization:
  Value: -0.07 (Threshold: -0.27)
  Trend: stable

[2025-03-10 16:30:59] CRITICAL: gpu_utilization
Value -0.07 exceeds critical threshold -0.05
[2025-03-10 16:30:59] CRITICAL violation for memory_ratio:
  Value: 5.12 (Threshold: 5.58)
  Trend: stable

[2025-03-10 16:30:59] CRITICAL violation for gpu_utilization:
  Value: -0.12 (Threshold: -0.27)
  Trend: stable

[2025-03-10 16:30:59] CRITICAL: gpu_utilization
Value -0.12 exceeds critical threshold -0.05
[2025-03-10 16:30:59] CRITICAL violation for memory_ratio:
  Value: 5.59 (Threshold: 5.59)
  Trend: stable

[2025-03-10 16:30:59] CRITICAL violation for gpu_utilization:
  Value: -0.08 (Threshold: -0.27)
  Trend: stable

[2025-03-10 16:30:59] CRITICAL: gpu_utilization
Value -0.08 exceeds critical threshold -0.05
[2025-03-10 16:30:59] CRITICAL violation for memory_ratio:
  Value: 5.16 (Threshold: 5.59)
  Trend: stable

[2025-03-10 16:30:59] CRITICAL violation for gpu_utilization:
  Value: -0.07 (Threshold: -0.27)
  Trend: stable

[2025-03-10 16:30:59] CRITICAL: gpu_utilization
Value -0.07 exceeds critical threshold -0.05
[2025-03-10 16:31:00] CRITICAL violation for memory_ratio:
  Value: 5.69 (Threshold: 5.65)
  Trend: stable

[2025-03-10 16:31:00] CRITICAL violation for gpu_utilization:
  Value: 0.13 (Threshold: -0.27)
  Trend: stable

[2025-03-10 16:31:00] CRITICAL: gpu_utilization
Value 0.13 exceeds critical threshold -0.05
[2025-03-10 16:31:00] CRITICAL violation for memory_ratio:
  Value: 4.67 (Threshold: 5.65)
  Trend: stable

[2025-03-10 16:31:00] CRITICAL violation for gpu_utilization:
  Value: 0.10 (Threshold: -0.27)
  Trend: stable

[2025-03-10 16:31:00] CRITICAL: gpu_utilization
Value 0.10 exceeds critical threshold -0.05
[2025-03-10 16:31:00] CRITICAL violation for memory_ratio:
  Value: 5.89 (Threshold: 5.69)
  Trend: stable

[2025-03-10 16:31:00] CRITICAL violation for gpu_utilization:
  Value: -0.03 (Threshold: -0.27)
  Trend: stable

[2025-03-10 16:31:00] CRITICAL: gpu_utilization
Value -0.03 exceeds critical threshold -0.05
[2025-03-10 16:31:00] CRITICAL violation for memory_ratio:
  Value: 5.73 (Threshold: 5.73)
  Trend: stable

[2025-03-10 16:31:00] CRITICAL violation for gpu_utilization:
  Value: -0.01 (Threshold: -0.27)
  Trend: stable

[2025-03-10 16:31:00] CRITICAL: gpu_utilization
Value -0.01 exceeds critical threshold -0.05
[2025-03-10 16:31:00] CRITICAL violation for memory_ratio:
  Value: 5.11 (Threshold: 5.73)
  Trend: stable

[2025-03-10 16:31:00] CRITICAL violation for gpu_utilization:
  Value: 0.08 (Threshold: -0.27)
  Trend: stable

[2025-03-10 16:31:00] CRITICAL: gpu_utilization
Value 0.08 exceeds critical threshold -0.05
[2025-03-10 16:31:00] CRITICAL violation for memory_ratio:
  Value: 4.33 (Threshold: 5.73)
  Trend: stable

[2025-03-10 16:31:00] CRITICAL violation for gpu_utilization:
  Value: 0.08 (Threshold: -0.27)
  Trend: stable

[2025-03-10 16:31:00] CRITICAL: gpu_utilization
Value 0.08 exceeds critical threshold -0.05
[2025-03-10 16:31:00] CRITICAL violation for memory_ratio:
  Value: 5.25 (Threshold: 5.73)
  Trend: stable

[2025-03-10 16:31:00] CRITICAL violation for gpu_utilization:
  Value: -0.04 (Threshold: -0.27)
  Trend: stable

[2025-03-10 16:31:00] CRITICAL: gpu_utilization
Value -0.04 exceeds critical threshold -0.05
[2025-03-10 16:31:01] CRITICAL violation for memory_ratio:
  Value: 5.23 (Threshold: 5.73)
  Trend: stable

[2025-03-10 16:31:01] CRITICAL violation for gpu_utilization:
  Value: 0.05 (Threshold: -0.27)
  Trend: stable

[2025-03-10 16:31:01] CRITICAL: gpu_utilization
Value 0.05 exceeds critical threshold -0.05
[2025-03-10 16:31:01] CRITICAL violation for memory_ratio:
  Value: 5.57 (Threshold: 5.73)
  Trend: stable

[2025-03-10 16:31:01] CRITICAL violation for gpu_utilization:
  Value: 0.16 (Threshold: -0.27)
  Trend: stable

[2025-03-10 16:31:01] CRITICAL: gpu_utilization
Value 0.16 exceeds critical threshold -0.05
[2025-03-10 16:31:01] CRITICAL violation for memory_ratio:
  Value: 5.45 (Threshold: 5.73)
  Trend: stable

[2025-03-10 16:31:01] CRITICAL violation for gpu_utilization:
  Value: -0.02 (Threshold: -0.27)
  Trend: stable

[2025-03-10 16:31:01] CRITICAL: gpu_utilization
Value -0.02 exceeds critical threshold -0.05
[2025-03-10 16:31:01] CRITICAL violation for memory_ratio:
  Value: 5.49 (Threshold: 5.73)
  Trend: stable

[2025-03-10 16:31:01] CRITICAL violation for gpu_utilization:
  Value: 0.02 (Threshold: -0.27)
  Trend: stable

[2025-03-10 16:31:01] CRITICAL: gpu_utilization
Value 0.02 exceeds critical threshold -0.05
[2025-03-10 16:31:01] CRITICAL violation for memory_ratio:
  Value: 5.34 (Threshold: 5.73)
  Trend: stable

[2025-03-10 16:31:01] CRITICAL violation for gpu_utilization:
  Value: -0.06 (Threshold: -0.27)
  Trend: stable

[2025-03-10 16:31:01] CRITICAL: gpu_utilization
Value -0.06 exceeds critical threshold -0.05
[2025-03-10 16:31:01] CRITICAL violation for memory_ratio:
  Value: 5.63 (Threshold: 5.73)
  Trend: stable

[2025-03-10 16:31:01] CRITICAL violation for gpu_utilization:
  Value: 0.14 (Threshold: -0.27)
  Trend: stable

[2025-03-10 16:31:01] CRITICAL: gpu_utilization
Value 0.14 exceeds critical threshold -0.05
[2025-03-10 16:31:01] CRITICAL violation for memory_ratio:
  Value: 5.69 (Threshold: 5.73)
  Trend: stable

[2025-03-10 16:31:01] CRITICAL violation for gpu_utilization:
  Value: 0.05 (Threshold: -0.27)
  Trend: stable

[2025-03-10 16:31:01] CRITICAL: gpu_utilization
Value 0.05 exceeds critical threshold -0.05
[2025-03-10 16:31:01] CRITICAL violation for memory_ratio:
  Value: 6.66 (Threshold: 5.78)
  Trend: increasing

[2025-03-10 16:31:01] CRITICAL violation for gpu_utilization:
  Value: 0.19 (Threshold: -0.27)
  Trend: stable

[2025-03-10 16:31:01] CRITICAL: gpu_utilization
Value 0.19 exceeds critical threshold -0.05
[2025-03-10 16:31:02] CRITICAL violation for memory_ratio:
  Value: 5.49 (Threshold: 5.78)
  Trend: stable

[2025-03-10 16:31:02] CRITICAL violation for gpu_utilization:
  Value: 0.08 (Threshold: -0.27)
  Trend: stable

[2025-03-10 16:31:02] CRITICAL: gpu_utilization
Value 0.08 exceeds critical threshold -0.05
[2025-03-10 16:31:02] CRITICAL violation for memory_ratio:
  Value: 5.55 (Threshold: 5.78)
  Trend: stable

[2025-03-10 16:31:02] CRITICAL violation for gpu_utilization:
  Value: 0.05 (Threshold: -0.27)
  Trend: stable

[2025-03-10 16:31:02] CRITICAL: gpu_utilization
Value 0.05 exceeds critical threshold -0.05
[2025-03-10 16:31:02] CRITICAL violation for memory_ratio:
  Value: 5.74 (Threshold: 5.78)
  Trend: stable

[2025-03-10 16:31:02] CRITICAL violation for gpu_utilization:
  Value: 0.16 (Threshold: -0.27)
  Trend: stable

[2025-03-10 16:31:02] CRITICAL: gpu_utilization
Value 0.16 exceeds critical threshold -0.05
[2025-03-10 16:31:02] CRITICAL violation for memory_ratio:
  Value: 6.21 (Threshold: 5.90)
  Trend: stable

[2025-03-10 16:31:02] CRITICAL violation for gpu_utilization:
  Value: -0.00 (Threshold: -0.27)
  Trend: stable

[2025-03-10 16:31:02] CRITICAL: gpu_utilization
Value -0.00 exceeds critical threshold -0.05
[2025-03-10 16:31:02] CRITICAL violation for memory_ratio:
  Value: 5.37 (Threshold: 5.90)
  Trend: stable

[2025-03-10 16:31:02] CRITICAL violation for gpu_utilization:
  Value: 0.07 (Threshold: -0.27)
  Trend: stable

[2025-03-10 16:31:02] CRITICAL: gpu_utilization
Value 0.07 exceeds critical threshold -0.05
[2025-03-10 16:31:02] CRITICAL violation for memory_ratio:
  Value: 5.79 (Threshold: 5.90)
  Trend: stable

[2025-03-10 16:31:02] CRITICAL violation for gpu_utilization:
  Value: 0.15 (Threshold: -0.27)
  Trend: stable

[2025-03-10 16:31:02] CRITICAL: gpu_utilization
Value 0.15 exceeds critical threshold -0.05
[2025-03-10 16:31:03] CRITICAL violation for memory_ratio:
  Value: 4.98 (Threshold: 5.90)
  Trend: stable

[2025-03-10 16:31:03] CRITICAL violation for gpu_utilization:
  Value: 0.09 (Threshold: -0.27)
  Trend: stable

[2025-03-10 16:31:03] CRITICAL: gpu_utilization
Value 0.09 exceeds critical threshold -0.05
[2025-03-10 16:31:03] CRITICAL violation for memory_ratio:
  Value: 6.15 (Threshold: 6.16)
  Trend: stable

[2025-03-10 16:31:03] CRITICAL violation for gpu_utilization:
  Value: -0.11 (Threshold: -0.27)
  Trend: stable

[2025-03-10 16:31:03] CRITICAL: gpu_utilization
Value -0.11 exceeds critical threshold -0.05
[2025-03-10 16:31:03] CRITICAL violation for memory_ratio:
  Value: 6.37 (Threshold: 6.22)
  Trend: stable

[2025-03-10 16:31:03] CRITICAL violation for gpu_utilization:
  Value: -0.08 (Threshold: -0.27)
  Trend: stable

[2025-03-10 16:31:03] CRITICAL: gpu_utilization
Value -0.08 exceeds critical threshold -0.05
[2025-03-10 16:31:04] CRITICAL violation for memory_ratio:
  Value: 5.40 (Threshold: 6.22)
  Trend: stable

[2025-03-10 16:31:04] CRITICAL violation for gpu_utilization:
  Value: 0.17 (Threshold: -0.27)
  Trend: stable

[2025-03-10 16:31:04] CRITICAL: gpu_utilization
Value 0.17 exceeds critical threshold -0.05
[2025-03-10 16:31:04] CRITICAL violation for memory_ratio:
  Value: 6.16 (Threshold: 6.22)
  Trend: stable

[2025-03-10 16:31:04] CRITICAL violation for gpu_utilization:
  Value: 0.03 (Threshold: -0.27)
  Trend: stable

[2025-03-10 16:31:04] CRITICAL: gpu_utilization
Value 0.03 exceeds critical threshold -0.05
[2025-03-10 16:31:04] CRITICAL violation for memory_ratio:
  Value: 6.38 (Threshold: 6.37)
  Trend: stable

[2025-03-10 16:31:04] CRITICAL violation for gpu_utilization:
  Value: 0.11 (Threshold: -0.27)
  Trend: stable

[2025-03-10 16:31:04] CRITICAL: gpu_utilization
Value 0.11 exceeds critical threshold -0.05
[2025-03-10 16:31:05] CRITICAL violation for memory_ratio:
  Value: 8.31 (Threshold: 6.39)
  Trend: stable

[2025-03-10 16:31:05] WARNING: memory_ratio
Value 8.31 exceeds warning threshold 7.67
[2025-03-10 16:31:05] CRITICAL violation for gpu_utilization:
  Value: 0.07 (Threshold: -0.27)
  Trend: stable

[2025-03-10 16:31:05] CRITICAL: gpu_utilization
Value 0.07 exceeds critical threshold -0.05
[2025-03-10 16:31:05] CRITICAL violation for memory_ratio:
  Value: 5.90 (Threshold: 6.39)
  Trend: stable

[2025-03-10 16:31:05] CRITICAL violation for gpu_utilization:
  Value: 0.24 (Threshold: -0.27)
  Trend: stable

[2025-03-10 16:31:05] CRITICAL: gpu_utilization
Value 0.24 exceeds critical threshold -0.05
[2025-03-10 16:31:05] CRITICAL violation for memory_ratio:
  Value: 5.55 (Threshold: 6.39)
  Trend: stable

[2025-03-10 16:31:05] CRITICAL violation for gpu_utilization:
  Value: 0.08 (Threshold: -0.27)
  Trend: stable

[2025-03-10 16:31:05] CRITICAL: gpu_utilization
Value 0.08 exceeds critical threshold -0.05
[2025-03-10 16:31:06] CRITICAL violation for memory_ratio:
  Value: 6.16 (Threshold: 6.39)
  Trend: stable

[2025-03-10 16:31:06] CRITICAL violation for gpu_utilization:
  Value: 0.17 (Threshold: -0.27)
  Trend: stable

[2025-03-10 16:31:06] CRITICAL: gpu_utilization
Value 0.17 exceeds critical threshold -0.05
[2025-03-10 16:31:06] CRITICAL violation for memory_ratio:
  Value: 5.71 (Threshold: 6.39)
  Trend: stable

[2025-03-10 16:31:06] CRITICAL violation for gpu_utilization:
  Value: -0.03 (Threshold: -0.27)
  Trend: stable

[2025-03-10 16:31:06] CRITICAL: gpu_utilization
Value -0.03 exceeds critical threshold -0.05
[2025-03-10 16:31:07] CRITICAL violation for memory_ratio:
  Value: 5.46 (Threshold: 6.39)
  Trend: stable

[2025-03-10 16:31:07] CRITICAL violation for gpu_utilization:
  Value: 0.20 (Threshold: -0.27)
  Trend: stable

[2025-03-10 16:31:07] CRITICAL: gpu_utilization
Value 0.20 exceeds critical threshold -0.05
[2025-03-10 16:31:08] CRITICAL violation for memory_ratio:
  Value: 6.37 (Threshold: 6.39)
  Trend: stable

[2025-03-10 16:31:08] CRITICAL violation for gpu_utilization:
  Value: -0.01 (Threshold: -0.27)
  Trend: stable

[2025-03-10 16:31:08] CRITICAL: gpu_utilization
Value -0.01 exceeds critical threshold -0.05
[2025-03-10 16:31:09] CRITICAL violation for memory_ratio:
  Value: 7.04 (Threshold: 6.62)
  Trend: stable

[2025-03-10 16:31:09] CRITICAL violation for gpu_utilization:
  Value: -0.10 (Threshold: -0.27)
  Trend: stable

[2025-03-10 16:31:09] CRITICAL: gpu_utilization
Value -0.10 exceeds critical threshold -0.05
[2025-03-10 16:31:09] CRITICAL violation for memory_ratio:
  Value: 5.18 (Threshold: 6.62)
  Trend: stable

[2025-03-10 16:31:09] CRITICAL violation for gpu_utilization:
  Value: -0.07 (Threshold: -0.27)
  Trend: stable

[2025-03-10 16:31:09] CRITICAL: gpu_utilization
Value -0.07 exceeds critical threshold -0.05
[2025-03-10 16:31:09] CRITICAL violation for memory_ratio:
  Value: 6.42 (Threshold: 6.62)
  Trend: stable

[2025-03-10 16:31:09] CRITICAL violation for gpu_utilization:
  Value: 0.04 (Threshold: -0.27)
  Trend: stable

[2025-03-10 16:31:09] CRITICAL: gpu_utilization
Value 0.04 exceeds critical threshold -0.05
[2025-03-10 16:31:09] CRITICAL violation for memory_ratio:
  Value: 6.20 (Threshold: 6.62)
  Trend: stable

[2025-03-10 16:31:09] CRITICAL violation for gpu_utilization:
  Value: 0.21 (Threshold: -0.27)
  Trend: stable

[2025-03-10 16:31:09] CRITICAL: gpu_utilization
Value 0.21 exceeds critical threshold -0.05
[2025-03-10 16:31:09] CRITICAL violation for memory_ratio:
  Value: 6.33 (Threshold: 6.62)
  Trend: stable

[2025-03-10 16:31:09] CRITICAL violation for gpu_utilization:
  Value: -0.09 (Threshold: -0.27)
  Trend: stable

[2025-03-10 16:31:09] CRITICAL: gpu_utilization
Value -0.09 exceeds critical threshold -0.05
[2025-03-10 16:31:09] CRITICAL violation for memory_ratio:
  Value: 6.94 (Threshold: 6.64)
  Trend: stable

[2025-03-10 16:31:09] CRITICAL violation for gpu_utilization:
  Value: 0.13 (Threshold: -0.27)
  Trend: stable

[2025-03-10 16:31:09] CRITICAL: gpu_utilization
Value 0.13 exceeds critical threshold -0.05
[2025-03-10 16:31:09] CRITICAL violation for memory_ratio:
  Value: 6.37 (Threshold: 6.64)
  Trend: stable

[2025-03-10 16:31:09] CRITICAL violation for gpu_utilization:
  Value: 0.05 (Threshold: -0.27)
  Trend: stable

[2025-03-10 16:31:09] CRITICAL: gpu_utilization
Value 0.05 exceeds critical threshold -0.05
[2025-03-10 16:31:09] CRITICAL violation for memory_ratio:
  Value: 7.07 (Threshold: 6.67)
  Trend: stable

[2025-03-10 16:31:09] CRITICAL violation for gpu_utilization:
  Value: 0.07 (Threshold: -0.27)
  Trend: stable

[2025-03-10 16:31:09] CRITICAL: gpu_utilization
Value 0.07 exceeds critical threshold -0.05
[2025-03-10 16:31:10] CRITICAL violation for memory_ratio:
  Value: 6.68 (Threshold: 6.69)
  Trend: stable

[2025-03-10 16:31:10] CRITICAL violation for gpu_utilization:
  Value: 0.06 (Threshold: -0.27)
  Trend: stable

[2025-03-10 16:31:10] CRITICAL: gpu_utilization
Value 0.06 exceeds critical threshold -0.05
[2025-03-10 16:31:10] CRITICAL violation for memory_ratio:
  Value: 6.19 (Threshold: 6.69)
  Trend: stable

[2025-03-10 16:31:10] CRITICAL violation for gpu_utilization:
  Value: -0.00 (Threshold: -0.27)
  Trend: stable

[2025-03-10 16:31:10] CRITICAL: gpu_utilization
Value -0.00 exceeds critical threshold -0.05
[2025-03-10 16:31:10] CRITICAL violation for memory_ratio:
  Value: 6.74 (Threshold: 6.75)
  Trend: stable

[2025-03-10 16:31:10] CRITICAL violation for gpu_utilization:
  Value: 0.32 (Threshold: -0.27)
  Trend: stable

[2025-03-10 16:31:10] CRITICAL: gpu_utilization
Value 0.32 exceeds critical threshold -0.05
[2025-03-10 16:31:10] CRITICAL violation for memory_ratio:
  Value: 6.03 (Threshold: 6.75)
  Trend: stable

[2025-03-10 16:31:10] CRITICAL violation for gpu_utilization:
  Value: 0.07 (Threshold: -0.27)
  Trend: stable

[2025-03-10 16:31:10] CRITICAL: gpu_utilization
Value 0.07 exceeds critical threshold -0.05
[2025-03-10 16:31:10] CRITICAL violation for memory_ratio:
  Value: 6.66 (Threshold: 6.75)
  Trend: stable

[2025-03-10 16:31:10] CRITICAL violation for gpu_utilization:
  Value: 0.01 (Threshold: -0.27)
  Trend: stable

[2025-03-10 16:31:10] CRITICAL: gpu_utilization
Value 0.01 exceeds critical threshold -0.05
[2025-03-10 16:31:10] CRITICAL violation for memory_ratio:
  Value: 6.32 (Threshold: 6.75)
  Trend: stable

[2025-03-10 16:31:10] CRITICAL violation for gpu_utilization:
  Value: 0.03 (Threshold: -0.27)
  Trend: stable

[2025-03-10 16:31:10] CRITICAL: gpu_utilization
Value 0.03 exceeds critical threshold -0.05
[2025-03-10 16:31:11] CRITICAL violation for memory_ratio:
  Value: 6.16 (Threshold: 6.75)
  Trend: stable

[2025-03-10 16:31:11] CRITICAL violation for gpu_utilization:
  Value: -0.08 (Threshold: -0.27)
  Trend: stable

[2025-03-10 16:31:11] CRITICAL: gpu_utilization
Value -0.08 exceeds critical threshold -0.05
[2025-03-10 16:31:11] CRITICAL violation for memory_ratio:
  Value: 9.69 (Threshold: 6.95)
  Trend: stable

[2025-03-10 16:31:11] WARNING: memory_ratio
Value 9.69 exceeds warning threshold 8.34
[2025-03-10 16:31:11] CRITICAL violation for gpu_utilization:
  Value: -0.05 (Threshold: -0.27)
  Trend: stable

[2025-03-10 16:31:11] CRITICAL: gpu_utilization
Value -0.05 exceeds critical threshold -0.05
[2025-03-10 16:31:11] CRITICAL violation for memory_ratio:
  Value: 6.73 (Threshold: 6.95)
  Trend: stable

[2025-03-10 16:31:11] CRITICAL violation for gpu_utilization:
  Value: -0.03 (Threshold: -0.27)
  Trend: stable

[2025-03-10 16:31:11] CRITICAL: gpu_utilization
Value -0.03 exceeds critical threshold -0.05
[2025-03-10 16:31:11] CRITICAL violation for memory_ratio:
  Value: 6.33 (Threshold: 6.95)
  Trend: stable

[2025-03-10 16:31:11] CRITICAL violation for gpu_utilization:
  Value: -0.02 (Threshold: -0.27)
  Trend: stable

[2025-03-10 16:31:11] CRITICAL: gpu_utilization
Value -0.02 exceeds critical threshold -0.05
[2025-03-10 16:31:11] CRITICAL violation for memory_ratio:
  Value: 6.70 (Threshold: 6.95)
  Trend: stable

[2025-03-10 16:31:11] CRITICAL violation for gpu_utilization:
  Value: 0.11 (Threshold: -0.27)
  Trend: stable

[2025-03-10 16:31:11] CRITICAL: gpu_utilization
Value 0.11 exceeds critical threshold -0.05
[2025-03-10 16:31:11] CRITICAL violation for memory_ratio:
  Value: 6.00 (Threshold: 6.95)
  Trend: stable

[2025-03-10 16:31:11] CRITICAL violation for gpu_utilization:
  Value: 0.08 (Threshold: -0.27)
  Trend: stable

[2025-03-10 16:31:11] CRITICAL: gpu_utilization
Value 0.08 exceeds critical threshold -0.05
[2025-03-10 16:31:11] CRITICAL violation for memory_ratio:
  Value: 7.49 (Threshold: 7.04)
  Trend: stable

[2025-03-10 16:31:11] CRITICAL violation for gpu_utilization:
  Value: -0.01 (Threshold: -0.23)
  Trend: stable

[2025-03-10 16:31:11] CRITICAL: gpu_utilization
Value -0.01 exceeds critical threshold -0.05
[2025-03-10 16:31:11] CRITICAL violation for memory_ratio:
  Value: 5.99 (Threshold: 7.04)
  Trend: stable

[2025-03-10 16:31:11] CRITICAL violation for gpu_utilization:
  Value: -0.09 (Threshold: -0.23)
  Trend: stable

[2025-03-10 16:31:11] CRITICAL: gpu_utilization
Value -0.09 exceeds critical threshold -0.05
[2025-03-10 16:31:12] CRITICAL violation for memory_ratio:
  Value: 6.85 (Threshold: 7.04)
  Trend: stable

[2025-03-10 16:31:12] CRITICAL violation for gpu_utilization:
  Value: 0.19 (Threshold: -0.23)
  Trend: stable

[2025-03-10 16:31:12] CRITICAL: gpu_utilization
Value 0.19 exceeds critical threshold -0.05
[2025-03-10 16:31:12] CRITICAL violation for memory_ratio:
  Value: 5.58 (Threshold: 7.04)
  Trend: stable

[2025-03-10 16:31:12] CRITICAL violation for gpu_utilization:
  Value: -0.25 (Threshold: -0.25)
  Trend: stable

[2025-03-10 16:31:12] CRITICAL: gpu_utilization
Value -0.25 exceeds critical threshold -0.05
[2025-03-10 16:31:12] CRITICAL violation for memory_ratio:
  Value: 8.38 (Threshold: 7.09)
  Trend: stable

[2025-03-10 16:31:12] CRITICAL violation for cpu_threshold:
  Value: 149.89 (Threshold: 96.38)
  Trend: stable

[2025-03-10 16:31:12] CRITICAL: cpu_threshold
Value 149.89 exceeds critical threshold 144.57
[2025-03-10 16:31:12] CRITICAL violation for gpu_utilization:
  Value: 0.04 (Threshold: -0.25)
  Trend: stable

[2025-03-10 16:31:12] CRITICAL: gpu_utilization
Value 0.04 exceeds critical threshold -0.05
[2025-03-10 16:31:12] CRITICAL violation for memory_ratio:
  Value: 7.03 (Threshold: 7.09)
  Trend: stable

[2025-03-10 16:31:12] CRITICAL violation for gpu_utilization:
  Value: 0.13 (Threshold: -0.25)
  Trend: stable

[2025-03-10 16:31:12] CRITICAL: gpu_utilization
Value 0.13 exceeds critical threshold -0.05
[2025-03-10 16:31:12] CRITICAL violation for memory_ratio:
  Value: 6.27 (Threshold: 7.09)
  Trend: stable

[2025-03-10 16:31:12] CRITICAL violation for gpu_utilization:
  Value: -0.02 (Threshold: -0.25)
  Trend: stable

[2025-03-10 16:31:12] CRITICAL: gpu_utilization
Value -0.02 exceeds critical threshold -0.05
[2025-03-10 16:31:12] CRITICAL violation for memory_ratio:
  Value: 6.98 (Threshold: 7.09)
  Trend: stable

[2025-03-10 16:31:12] CRITICAL violation for gpu_utilization:
  Value: -0.03 (Threshold: -0.25)
  Trend: stable

[2025-03-10 16:31:12] CRITICAL: gpu_utilization
Value -0.03 exceeds critical threshold -0.05
[2025-03-10 16:31:13] CRITICAL violation for memory_ratio:
  Value: 5.76 (Threshold: 7.09)
  Trend: stable

[2025-03-10 16:31:13] CRITICAL violation for gpu_utilization:
  Value: -0.14 (Threshold: -0.25)
  Trend: stable

[2025-03-10 16:31:13] CRITICAL: gpu_utilization
Value -0.14 exceeds critical threshold -0.05
[2025-03-10 16:31:14] CRITICAL violation for memory_ratio:
  Value: 6.36 (Threshold: 7.09)
  Trend: stable

[2025-03-10 16:31:14] CRITICAL violation for gpu_utilization:
  Value: -0.24 (Threshold: -0.25)
  Trend: stable

[2025-03-10 16:31:14] CRITICAL: gpu_utilization
Value -0.24 exceeds critical threshold -0.05
[2025-03-10 16:31:14] CRITICAL violation for memory_ratio:
  Value: 6.71 (Threshold: 7.09)
  Trend: stable

[2025-03-10 16:31:14] WARNING violation for cpu_threshold:
  Value: 134.96 (Threshold: 98.94)
  Trend: stable

[2025-03-10 16:31:14] WARNING: cpu_threshold
Value 134.96 exceeds warning threshold 118.73
[2025-03-10 16:31:14] CRITICAL violation for gpu_utilization:
  Value: -0.08 (Threshold: -0.25)
  Trend: stable

[2025-03-10 16:31:14] CRITICAL: gpu_utilization
Value -0.08 exceeds critical threshold -0.05
[2025-03-10 16:31:15] CRITICAL violation for memory_ratio:
  Value: 7.08 (Threshold: 7.10)
  Trend: stable

[2025-03-10 16:31:15] CRITICAL violation for cpu_threshold:
  Value: 85.82 (Threshold: 98.94)
  Trend: stable

[2025-03-10 16:31:15] CRITICAL violation for gpu_utilization:
  Value: -0.24 (Threshold: -0.25)
  Trend: stable

[2025-03-10 16:31:15] CRITICAL: gpu_utilization
Value -0.24 exceeds critical threshold -0.05
[2025-03-10 16:31:15] CRITICAL violation for memory_ratio:
  Value: 7.42 (Threshold: 7.43)
  Trend: stable

[2025-03-10 16:31:15] CRITICAL violation for cpu_threshold:
  Value: 90.04 (Threshold: 98.94)
  Trend: stable

[2025-03-10 16:31:15] CRITICAL violation for gpu_utilization:
  Value: -0.09 (Threshold: -0.25)
  Trend: stable

[2025-03-10 16:31:15] CRITICAL: gpu_utilization
Value -0.09 exceeds critical threshold -0.05
[2025-03-10 16:31:15] CRITICAL violation for memory_ratio:
  Value: 6.26 (Threshold: 7.43)
  Trend: stable

[2025-03-10 16:31:15] CRITICAL violation for cpu_threshold:
  Value: 82.99 (Threshold: 98.94)
  Trend: stable

[2025-03-10 16:31:15] CRITICAL violation for gpu_utilization:
  Value: -0.16 (Threshold: -0.25)
  Trend: stable

[2025-03-10 16:31:15] CRITICAL: gpu_utilization
Value -0.16 exceeds critical threshold -0.05
[2025-03-10 16:31:16] CRITICAL violation for memory_ratio:
  Value: 7.23 (Threshold: 7.43)
  Trend: stable

[2025-03-10 16:31:16] CRITICAL violation for cpu_threshold:
  Value: 80.31 (Threshold: 98.94)
  Trend: stable

[2025-03-10 16:31:16] CRITICAL violation for gpu_utilization:
  Value: -0.01 (Threshold: -0.25)
  Trend: stable

[2025-03-10 16:31:16] CRITICAL: gpu_utilization
Value -0.01 exceeds critical threshold -0.05
[2025-03-10 16:31:18] CRITICAL violation for memory_ratio:
  Value: 6.63 (Threshold: 7.43)
  Trend: stable

[2025-03-10 16:31:18] CRITICAL violation for cpu_threshold:
  Value: 101.05 (Threshold: 100.88)
  Trend: stable

[2025-03-10 16:31:18] CRITICAL violation for gpu_utilization:
  Value: -0.30 (Threshold: -0.27)
  Trend: stable

[2025-03-10 16:31:18] CRITICAL: gpu_utilization
Value -0.30 exceeds critical threshold -0.05
[2025-03-10 16:31:18] CRITICAL violation for memory_ratio:
  Value: 6.17 (Threshold: 7.43)
  Trend: stable

[2025-03-10 16:31:18] CRITICAL violation for cpu_threshold:
  Value: 66.84 (Threshold: 100.88)
  Trend: stable

[2025-03-10 16:31:18] CRITICAL violation for gpu_utilization:
  Value: -0.34 (Threshold: -0.27)
  Trend: stable

[2025-03-10 16:31:18] CRITICAL: gpu_utilization
Value -0.34 exceeds critical threshold -0.05
[2025-03-10 16:31:19] CRITICAL violation for memory_ratio:
  Value: 6.88 (Threshold: 7.43)
  Trend: stable

[2025-03-10 16:31:19] CRITICAL violation for cpu_threshold:
  Value: 120.55 (Threshold: 101.15)
  Trend: stable

[2025-03-10 16:31:19] CRITICAL violation for memory_ratio:
  Value: 6.89 (Threshold: 7.43)
  Trend: stable

[2025-03-10 16:31:19] CRITICAL violation for cpu_threshold:
  Value: 86.16 (Threshold: 101.15)
  Trend: stable

[2025-03-10 16:31:19] CRITICAL violation for gpu_utilization:
  Value: -0.34 (Threshold: -0.28)
  Trend: stable

[2025-03-10 16:31:19] CRITICAL: gpu_utilization
Value -0.34 exceeds critical threshold -0.06
[2025-03-10 16:31:19] CRITICAL violation for memory_ratio:
  Value: 6.61 (Threshold: 7.43)
  Trend: stable

[2025-03-10 16:31:19] CRITICAL violation for cpu_threshold:
  Value: 89.41 (Threshold: 100.88)
  Trend: stable

[2025-03-10 16:31:19] CRITICAL violation for gpu_utilization:
  Value: -0.24 (Threshold: -0.28)
  Trend: stable

[2025-03-10 16:31:19] CRITICAL: gpu_utilization
Value -0.24 exceeds critical threshold -0.06
[2025-03-10 16:31:19] CRITICAL violation for memory_ratio:
  Value: 9.97 (Threshold: 7.47)
  Trend: stable

[2025-03-10 16:31:19] WARNING: memory_ratio
Value 9.97 exceeds warning threshold 8.97
[2025-03-10 16:31:19] CRITICAL violation for cpu_threshold:
  Value: 77.68 (Threshold: 100.88)
  Trend: stable

[2025-03-10 16:31:19] CRITICAL violation for gpu_utilization:
  Value: -0.30 (Threshold: -0.30)
  Trend: stable

[2025-03-10 16:31:19] CRITICAL: gpu_utilization
Value -0.30 exceeds critical threshold -0.06
[2025-03-10 16:31:19] CRITICAL violation for memory_ratio:
  Value: 6.14 (Threshold: 7.47)
  Trend: stable

[2025-03-10 16:31:19] CRITICAL violation for cpu_threshold:
  Value: 94.76 (Threshold: 100.88)
  Trend: stable

[2025-03-10 16:31:19] CRITICAL violation for gpu_utilization:
  Value: -0.36 (Threshold: -0.30)
  Trend: stable

[2025-03-10 16:31:19] CRITICAL: gpu_utilization
Value -0.36 exceeds critical threshold -0.06
[2025-03-10 16:31:19] CRITICAL violation for memory_ratio:
  Value: 6.01 (Threshold: 7.47)
  Trend: stable

[2025-03-10 16:31:19] CRITICAL violation for cpu_threshold:
  Value: 78.02 (Threshold: 100.88)
  Trend: stable

[2025-03-10 16:31:19] CRITICAL violation for gpu_utilization:
  Value: -0.14 (Threshold: -0.30)
  Trend: stable

[2025-03-10 16:31:19] CRITICAL: gpu_utilization
Value -0.14 exceeds critical threshold -0.06
[2025-03-10 16:31:19] CRITICAL violation for memory_ratio:
  Value: 6.71 (Threshold: 7.47)
  Trend: stable

[2025-03-10 16:31:19] CRITICAL violation for cpu_threshold:
  Value: 93.41 (Threshold: 100.88)
  Trend: stable

[2025-03-10 16:31:19] CRITICAL violation for gpu_utilization:
  Value: -0.29 (Threshold: -0.30)
  Trend: stable

[2025-03-10 16:31:19] CRITICAL: gpu_utilization
Value -0.29 exceeds critical threshold -0.06
[2025-03-10 16:31:20] CRITICAL violation for memory_ratio:
  Value: 5.39 (Threshold: 7.47)
  Trend: stable

[2025-03-10 16:31:20] CRITICAL violation for cpu_threshold:
  Value: 78.05 (Threshold: 100.88)
  Trend: stable

[2025-03-10 16:31:20] CRITICAL violation for gpu_utilization:
  Value: -0.30 (Threshold: -0.30)
  Trend: stable

[2025-03-10 16:31:20] CRITICAL: gpu_utilization
Value -0.30 exceeds critical threshold -0.06
[2025-03-10 16:31:20] CRITICAL violation for memory_ratio:
  Value: 9.46 (Threshold: 7.53)
  Trend: stable

[2025-03-10 16:31:20] WARNING: memory_ratio
Value 9.46 exceeds warning threshold 9.03
[2025-03-10 16:31:20] CRITICAL violation for cpu_threshold:
  Value: 132.19 (Threshold: 101.15)
  Trend: stable

[2025-03-10 16:31:20] WARNING: cpu_threshold
Value 132.19 exceeds warning threshold 121.38
[2025-03-10 16:31:20] CRITICAL violation for gpu_utilization:
  Value: -0.34 (Threshold: -0.30)
  Trend: stable

[2025-03-10 16:31:20] CRITICAL: gpu_utilization
Value -0.34 exceeds critical threshold -0.06
[2025-03-10 16:31:20] CRITICAL violation for memory_ratio:
  Value: 5.91 (Threshold: 7.53)
  Trend: stable

[2025-03-10 16:31:20] CRITICAL violation for cpu_threshold:
  Value: 94.54 (Threshold: 101.15)
  Trend: stable

[2025-03-10 16:31:20] CRITICAL violation for gpu_utilization:
  Value: -0.40 (Threshold: -0.30)
  Trend: stable

[2025-03-10 16:31:20] CRITICAL: gpu_utilization
Value -0.40 exceeds critical threshold -0.06
[2025-03-10 16:31:20] CRITICAL violation for memory_ratio:
  Value: 6.98 (Threshold: 7.53)
  Trend: stable

[2025-03-10 16:31:20] CRITICAL violation for cpu_threshold:
  Value: 83.11 (Threshold: 101.15)
  Trend: stable

[2025-03-10 16:31:20] CRITICAL violation for gpu_utilization:
  Value: -0.34 (Threshold: -0.34)
  Trend: stable

[2025-03-10 16:31:20] CRITICAL: gpu_utilization
Value -0.34 exceeds critical threshold -0.07
[2025-03-10 16:31:20] CRITICAL violation for memory_ratio:
  Value: 7.37 (Threshold: 7.53)
  Trend: stable

[2025-03-10 16:31:20] CRITICAL violation for cpu_threshold:
  Value: 90.35 (Threshold: 101.15)
  Trend: stable

[2025-03-10 16:31:20] CRITICAL violation for gpu_utilization:
  Value: -0.23 (Threshold: -0.34)
  Trend: stable

[2025-03-10 16:31:20] CRITICAL: gpu_utilization
Value -0.23 exceeds critical threshold -0.07
[2025-03-10 16:31:20] CRITICAL violation for memory_ratio:
  Value: 6.89 (Threshold: 7.53)
  Trend: stable

[2025-03-10 16:31:20] CRITICAL violation for cpu_threshold:
  Value: 80.45 (Threshold: 101.15)
  Trend: stable

[2025-03-10 16:31:20] CRITICAL violation for gpu_utilization:
  Value: -0.47 (Threshold: -0.34)
  Trend: stable

[2025-03-10 16:31:20] CRITICAL: gpu_utilization
Value -0.47 exceeds critical threshold -0.07
[2025-03-10 16:31:21] CRITICAL violation for memory_ratio:
  Value: 7.05 (Threshold: 7.53)
  Trend: stable

[2025-03-10 16:31:21] CRITICAL violation for cpu_threshold:
  Value: 94.78 (Threshold: 101.15)
  Trend: stable

[2025-03-10 16:31:21] CRITICAL violation for gpu_utilization:
  Value: -0.43 (Threshold: -0.34)
  Trend: stable

[2025-03-10 16:31:21] CRITICAL: gpu_utilization
Value -0.43 exceeds critical threshold -0.07
[2025-03-10 16:31:21] CRITICAL violation for memory_ratio:
  Value: 7.28 (Threshold: 7.53)
  Trend: stable

[2025-03-10 16:31:21] CRITICAL violation for cpu_threshold:
  Value: 81.89 (Threshold: 101.15)
  Trend: stable

[2025-03-10 16:31:21] CRITICAL violation for gpu_utilization:
  Value: -0.49 (Threshold: -0.34)
  Trend: stable

[2025-03-10 16:31:21] CRITICAL: gpu_utilization
Value -0.49 exceeds critical threshold -0.07
[2025-03-10 16:31:21] CRITICAL violation for memory_ratio:
  Value: 7.55 (Threshold: 7.59)
  Trend: stable

[2025-03-10 16:31:21] CRITICAL violation for cpu_threshold:
  Value: 100.50 (Threshold: 101.15)
  Trend: stable

[2025-03-10 16:31:21] CRITICAL violation for gpu_utilization:
  Value: -0.25 (Threshold: -0.34)
  Trend: stable

[2025-03-10 16:31:21] CRITICAL: gpu_utilization
Value -0.25 exceeds critical threshold -0.07
[2025-03-10 16:31:21] CRITICAL violation for memory_ratio:
  Value: 6.79 (Threshold: 7.59)
  Trend: stable

[2025-03-10 16:31:21] CRITICAL violation for cpu_threshold:
  Value: 83.24 (Threshold: 101.15)
  Trend: stable

[2025-03-10 16:31:21] CRITICAL violation for gpu_utilization:
  Value: -0.23 (Threshold: -0.34)
  Trend: stable

[2025-03-10 16:31:21] CRITICAL: gpu_utilization
Value -0.23 exceeds critical threshold -0.07
[2025-03-10 16:31:21] CRITICAL violation for memory_ratio:
  Value: 7.69 (Threshold: 7.72)
  Trend: stable

[2025-03-10 16:31:21] CRITICAL violation for cpu_threshold:
  Value: 79.81 (Threshold: 101.15)
  Trend: stable

[2025-03-10 16:31:21] CRITICAL violation for gpu_utilization:
  Value: -0.61 (Threshold: -0.37)
  Trend: stable

[2025-03-10 16:31:21] CRITICAL: gpu_utilization
Value -0.61 exceeds critical threshold -0.07
[2025-03-10 16:31:21] CRITICAL violation for memory_ratio:
  Value: 8.09 (Threshold: 8.10)
  Trend: stable

[2025-03-10 16:31:21] CRITICAL violation for cpu_threshold:
  Value: 82.00 (Threshold: 101.15)
  Trend: stable

[2025-03-10 16:31:21] CRITICAL violation for gpu_utilization:
  Value: -0.53 (Threshold: -0.40)
  Trend: stable

[2025-03-10 16:31:21] CRITICAL: gpu_utilization
Value -0.53 exceeds critical threshold -0.08
[2025-03-10 16:31:21] CRITICAL violation for memory_ratio:
  Value: 10.58 (Threshold: 8.31)
  Trend: stable

[2025-03-10 16:31:21] WARNING: memory_ratio
Value 10.58 exceeds warning threshold 9.98
[2025-03-10 16:31:21] CRITICAL violation for cpu_threshold:
  Value: 140.01 (Threshold: 103.89)
  Trend: stable

[2025-03-10 16:31:21] WARNING: cpu_threshold
Value 140.01 exceeds warning threshold 124.66
[2025-03-10 16:31:21] CRITICAL violation for gpu_utilization:
  Value: -0.53 (Threshold: -0.43)
  Trend: stable

[2025-03-10 16:31:21] CRITICAL: gpu_utilization
Value -0.53 exceeds critical threshold -0.09
[2025-03-10 16:31:21] CRITICAL violation for memory_ratio:
  Value: 7.61 (Threshold: 8.31)
  Trend: stable

[2025-03-10 16:31:21] CRITICAL violation for cpu_threshold:
  Value: 77.60 (Threshold: 103.89)
  Trend: stable

[2025-03-10 16:31:21] CRITICAL violation for gpu_utilization:
  Value: -0.46 (Threshold: -0.46)
  Trend: stable

[2025-03-10 16:31:21] CRITICAL: gpu_utilization
Value -0.46 exceeds critical threshold -0.09
[2025-03-10 16:31:22] CRITICAL violation for memory_ratio:
  Value: 6.80 (Threshold: 8.31)
  Trend: stable

[2025-03-10 16:31:22] CRITICAL violation for cpu_threshold:
  Value: 71.12 (Threshold: 103.89)
  Trend: stable

[2025-03-10 16:31:22] CRITICAL violation for memory_ratio:
  Value: 7.79 (Threshold: 8.31)
  Trend: stable

[2025-03-10 16:31:22] CRITICAL violation for cpu_threshold:
  Value: 75.41 (Threshold: 103.89)
  Trend: stable

[2025-03-10 16:31:22] CRITICAL violation for gpu_utilization:
  Value: -0.42 (Threshold: -0.46)
  Trend: stable

[2025-03-10 16:31:22] CRITICAL: gpu_utilization
Value -0.42 exceeds critical threshold -0.09
[2025-03-10 16:31:23] CRITICAL violation for memory_ratio:
  Value: 7.77 (Threshold: 8.31)
  Trend: stable

[2025-03-10 16:31:23] CRITICAL violation for cpu_threshold:
  Value: 82.65 (Threshold: 103.89)
  Trend: stable

[2025-03-10 16:31:23] CRITICAL violation for gpu_utilization:
  Value: -0.42 (Threshold: -0.46)
  Trend: stable

[2025-03-10 16:31:23] CRITICAL: gpu_utilization
Value -0.42 exceeds critical threshold -0.09
[2025-03-10 16:31:23] CRITICAL violation for memory_ratio:
  Value: 7.42 (Threshold: 8.31)
  Trend: stable

[2025-03-10 16:31:23] CRITICAL violation for cpu_threshold:
  Value: 84.46 (Threshold: 103.89)
  Trend: stable

[2025-03-10 16:31:23] CRITICAL violation for gpu_utilization:
  Value: -0.34 (Threshold: -0.46)
  Trend: stable

[2025-03-10 16:31:23] CRITICAL: gpu_utilization
Value -0.34 exceeds critical threshold -0.09
[2025-03-10 16:31:24] CRITICAL violation for memory_ratio:
  Value: 7.27 (Threshold: 8.31)
  Trend: stable

[2025-03-10 16:31:24] CRITICAL violation for cpu_threshold:
  Value: 69.28 (Threshold: 103.89)
  Trend: stable

[2025-03-10 16:31:24] CRITICAL violation for memory_ratio:
  Value: 7.71 (Threshold: 8.31)
  Trend: stable

[2025-03-10 16:31:24] CRITICAL violation for cpu_threshold:
  Value: 88.06 (Threshold: 103.89)
  Trend: stable

[2025-03-10 16:31:24] CRITICAL violation for gpu_utilization:
  Value: -0.47 (Threshold: -0.47)
  Trend: stable

[2025-03-10 16:31:24] CRITICAL: gpu_utilization
Value -0.47 exceeds critical threshold -0.09
[2025-03-10 16:31:24] CRITICAL violation for memory_ratio:
  Value: 7.51 (Threshold: 8.31)
  Trend: stable

[2025-03-10 16:31:24] CRITICAL violation for cpu_threshold:
  Value: 109.88 (Threshold: 110.41)
  Trend: stable

[2025-03-10 16:31:24] CRITICAL violation for gpu_utilization:
  Value: -0.43 (Threshold: -0.47)
  Trend: stable

[2025-03-10 16:31:24] CRITICAL: gpu_utilization
Value -0.43 exceeds critical threshold -0.09
[2025-03-10 16:31:25] CRITICAL violation for memory_ratio:
  Value: 7.39 (Threshold: 8.31)
  Trend: stable

[2025-03-10 16:31:25] CRITICAL violation for cpu_threshold:
  Value: 61.18 (Threshold: 110.41)
  Trend: stable

[2025-03-10 16:31:25] CRITICAL violation for gpu_utilization:
  Value: -0.40 (Threshold: -0.47)
  Trend: stable

[2025-03-10 16:31:25] CRITICAL: gpu_utilization
Value -0.40 exceeds critical threshold -0.09
[2025-03-10 16:31:25] CRITICAL violation for memory_ratio:
  Value: 6.53 (Threshold: 8.31)
  Trend: stable

[2025-03-10 16:31:25] CRITICAL violation for cpu_threshold:
  Value: 88.47 (Threshold: 110.41)
  Trend: stable

[2025-03-10 16:31:25] CRITICAL violation for gpu_utilization:
  Value: -0.46 (Threshold: -0.47)
  Trend: stable

[2025-03-10 16:31:25] CRITICAL: gpu_utilization
Value -0.46 exceeds critical threshold -0.09
[2025-03-10 16:31:25] CRITICAL violation for memory_ratio:
  Value: 7.72 (Threshold: 8.31)
  Trend: stable

[2025-03-10 16:31:25] CRITICAL violation for cpu_threshold:
  Value: 95.86 (Threshold: 110.41)
  Trend: stable

[2025-03-10 16:31:25] CRITICAL violation for gpu_utilization:
  Value: -0.47 (Threshold: -0.47)
  Trend: stable

[2025-03-10 16:31:25] CRITICAL: gpu_utilization
Value -0.47 exceeds critical threshold -0.09
[2025-03-10 16:31:25] CRITICAL violation for memory_ratio:
  Value: 7.10 (Threshold: 8.31)
  Trend: stable

[2025-03-10 16:31:25] CRITICAL violation for cpu_threshold:
  Value: 64.21 (Threshold: 110.41)
  Trend: stable

[2025-03-10 16:31:25] CRITICAL violation for gpu_utilization:
  Value: -0.47 (Threshold: -0.47)
  Trend: stable

[2025-03-10 16:31:25] CRITICAL: gpu_utilization
Value -0.47 exceeds critical threshold -0.09
[2025-03-10 16:31:26] CRITICAL violation for memory_ratio:
  Value: 7.06 (Threshold: 8.31)
  Trend: stable

[2025-03-10 16:31:26] CRITICAL violation for cpu_threshold:
  Value: 94.76 (Threshold: 110.41)
  Trend: stable

[2025-03-10 16:31:26] CRITICAL violation for gpu_utilization:
  Value: -0.38 (Threshold: -0.47)
  Trend: stable

[2025-03-10 16:31:26] CRITICAL: gpu_utilization
Value -0.38 exceeds critical threshold -0.09
[2025-03-10 16:31:26] CRITICAL violation for memory_ratio:
  Value: 8.25 (Threshold: 8.31)
  Trend: stable

[2025-03-10 16:31:26] CRITICAL violation for cpu_threshold:
  Value: 136.62 (Threshold: 121.13)
  Trend: stable

[2025-03-10 16:31:26] CRITICAL violation for gpu_utilization:
  Value: -0.49 (Threshold: -0.47)
  Trend: stable

[2025-03-10 16:31:26] CRITICAL: gpu_utilization
Value -0.49 exceeds critical threshold -0.09
[2025-03-10 16:31:26] CRITICAL violation for memory_ratio:
  Value: 7.46 (Threshold: 8.31)
  Trend: stable

[2025-03-10 16:31:26] CRITICAL violation for cpu_threshold:
  Value: 179.00 (Threshold: 132.33)
  Trend: stable

[2025-03-10 16:31:26] WARNING: cpu_threshold
Value 179.00 exceeds warning threshold 158.80
[2025-03-10 16:31:26] CRITICAL violation for gpu_utilization:
  Value: -0.43 (Threshold: -0.47)
  Trend: stable

[2025-03-10 16:31:26] CRITICAL: gpu_utilization
Value -0.43 exceeds critical threshold -0.09
[2025-03-10 16:31:26] CRITICAL violation for memory_ratio:
  Value: 8.04 (Threshold: 8.31)
  Trend: stable

[2025-03-10 16:31:26] CRITICAL violation for cpu_threshold:
  Value: 117.39 (Threshold: 132.33)
  Trend: stable

[2025-03-10 16:31:26] CRITICAL violation for gpu_utilization:
  Value: -0.50 (Threshold: -0.49)
  Trend: stable

[2025-03-10 16:31:26] CRITICAL: gpu_utilization
Value -0.50 exceeds critical threshold -0.10
[2025-03-10 16:31:26] CRITICAL violation for memory_ratio:
  Value: 7.95 (Threshold: 8.31)
  Trend: stable

[2025-03-10 16:31:26] CRITICAL violation for cpu_threshold:
  Value: 91.70 (Threshold: 132.33)
  Trend: stable

[2025-03-10 16:31:26] CRITICAL violation for gpu_utilization:
  Value: -0.62 (Threshold: -0.49)
  Trend: stable

[2025-03-10 16:31:26] CRITICAL: gpu_utilization
Value -0.62 exceeds critical threshold -0.10
[2025-03-10 16:31:26] CRITICAL violation for memory_ratio:
  Value: 6.68 (Threshold: 8.31)
  Trend: stable

[2025-03-10 16:31:26] CRITICAL violation for cpu_threshold:
  Value: 86.44 (Threshold: 132.33)
  Trend: stable

[2025-03-10 16:31:26] CRITICAL violation for gpu_utilization:
  Value: -0.35 (Threshold: -0.49)
  Trend: stable

[2025-03-10 16:31:26] CRITICAL: gpu_utilization
Value -0.35 exceeds critical threshold -0.10
[2025-03-10 16:31:26] CRITICAL violation for memory_ratio:
  Value: 8.14 (Threshold: 8.31)
  Trend: stable

[2025-03-10 16:31:26] CRITICAL violation for cpu_threshold:
  Value: 88.78 (Threshold: 132.33)
  Trend: stable

[2025-03-10 16:31:26] CRITICAL violation for gpu_utilization:
  Value: -0.59 (Threshold: -0.50)
  Trend: stable

[2025-03-10 16:31:26] CRITICAL: gpu_utilization
Value -0.59 exceeds critical threshold -0.10
[2025-03-10 16:31:26] CRITICAL violation for memory_ratio:
  Value: 10.72 (Threshold: 8.43)
  Trend: stable

[2025-03-10 16:31:26] WARNING: memory_ratio
Value 10.72 exceeds warning threshold 10.12
[2025-03-10 16:31:26] CRITICAL violation for cpu_threshold:
  Value: 84.82 (Threshold: 132.33)
  Trend: stable

[2025-03-10 16:31:26] CRITICAL violation for gpu_utilization:
  Value: -0.56 (Threshold: -0.53)
  Trend: stable

[2025-03-10 16:31:26] CRITICAL: gpu_utilization
Value -0.56 exceeds critical threshold -0.11
[2025-03-10 16:31:26] CRITICAL violation for memory_ratio:
  Value: 7.74 (Threshold: 8.43)
  Trend: stable

[2025-03-10 16:31:26] CRITICAL violation for cpu_threshold:
  Value: 97.38 (Threshold: 132.33)
  Trend: stable

[2025-03-10 16:31:26] CRITICAL violation for gpu_utilization:
  Value: -0.37 (Threshold: -0.53)
  Trend: stable

[2025-03-10 16:31:26] CRITICAL: gpu_utilization
Value -0.37 exceeds critical threshold -0.11
[2025-03-10 16:31:26] CRITICAL violation for memory_ratio:
  Value: 7.52 (Threshold: 8.43)
  Trend: stable

[2025-03-10 16:31:26] CRITICAL violation for cpu_threshold:
  Value: 95.64 (Threshold: 132.33)
  Trend: stable

[2025-03-10 16:31:26] CRITICAL violation for gpu_utilization:
  Value: -0.41 (Threshold: -0.53)
  Trend: stable

[2025-03-10 16:31:26] CRITICAL: gpu_utilization
Value -0.41 exceeds critical threshold -0.11
[2025-03-10 16:31:27] CRITICAL violation for memory_ratio:
  Value: 6.96 (Threshold: 8.43)
  Trend: stable

[2025-03-10 16:31:27] CRITICAL violation for cpu_threshold:
  Value: 84.31 (Threshold: 132.33)
  Trend: stable

[2025-03-10 16:31:27] CRITICAL violation for gpu_utilization:
  Value: -0.46 (Threshold: -0.53)
  Trend: stable

[2025-03-10 16:31:27] CRITICAL: gpu_utilization
Value -0.46 exceeds critical threshold -0.11
[2025-03-10 16:31:27] CRITICAL violation for memory_ratio:
  Value: 8.07 (Threshold: 8.43)
  Trend: stable

[2025-03-10 16:31:27] CRITICAL violation for cpu_threshold:
  Value: 94.60 (Threshold: 132.33)
  Trend: stable

[2025-03-10 16:31:27] CRITICAL violation for gpu_utilization:
  Value: -0.26 (Threshold: -0.53)
  Trend: stable

[2025-03-10 16:31:27] CRITICAL: gpu_utilization
Value -0.26 exceeds critical threshold -0.11
[2025-03-10 16:31:27] CRITICAL violation for memory_ratio:
  Value: 8.15 (Threshold: 8.43)
  Trend: stable

[2025-03-10 16:31:27] CRITICAL violation for cpu_threshold:
  Value: 85.61 (Threshold: 132.33)
  Trend: stable

[2025-03-10 16:31:27] CRITICAL violation for gpu_utilization:
  Value: -0.53 (Threshold: -0.53)
  Trend: stable

[2025-03-10 16:31:27] CRITICAL: gpu_utilization
Value -0.53 exceeds critical threshold -0.11
[2025-03-10 16:31:27] CRITICAL violation for memory_ratio:
  Value: 8.40 (Threshold: 8.45)
  Trend: stable

[2025-03-10 16:31:27] CRITICAL violation for cpu_threshold:
  Value: 100.55 (Threshold: 132.33)
  Trend: stable

[2025-03-10 16:31:27] CRITICAL violation for gpu_utilization:
  Value: -0.36 (Threshold: -0.53)
  Trend: stable

[2025-03-10 16:31:27] CRITICAL: gpu_utilization
Value -0.36 exceeds critical threshold -0.11
[2025-03-10 16:31:27] CRITICAL violation for memory_ratio:
  Value: 7.40 (Threshold: 8.45)
  Trend: stable

[2025-03-10 16:31:27] CRITICAL violation for cpu_threshold:
  Value: 123.57 (Threshold: 132.33)
  Trend: stable

[2025-03-10 16:31:27] CRITICAL violation for gpu_utilization:
  Value: -0.41 (Threshold: -0.53)
  Trend: stable

[2025-03-10 16:31:27] CRITICAL: gpu_utilization
Value -0.41 exceeds critical threshold -0.11
[2025-03-10 16:31:28] CRITICAL violation for memory_ratio:
  Value: 10.67 (Threshold: 9.47)
  Trend: stable

[2025-03-10 16:31:28] CRITICAL violation for cpu_threshold:
  Value: 87.47 (Threshold: 132.33)
  Trend: stable

[2025-03-10 16:31:28] CRITICAL violation for gpu_utilization:
  Value: -0.39 (Threshold: -0.53)
  Trend: stable

[2025-03-10 16:31:28] CRITICAL: gpu_utilization
Value -0.39 exceeds critical threshold -0.11
[2025-03-10 16:31:28] CRITICAL violation for memory_ratio:
  Value: 7.16 (Threshold: 9.47)
  Trend: stable

[2025-03-10 16:31:28] CRITICAL violation for cpu_threshold:
  Value: 83.63 (Threshold: 132.33)
  Trend: stable

[2025-03-10 16:31:28] CRITICAL violation for gpu_utilization:
  Value: -0.39 (Threshold: -0.53)
  Trend: stable

[2025-03-10 16:31:28] CRITICAL: gpu_utilization
Value -0.39 exceeds critical threshold -0.11
[2025-03-10 16:31:28] CRITICAL violation for memory_ratio:
  Value: 7.38 (Threshold: 9.47)
  Trend: stable

[2025-03-10 16:31:28] CRITICAL violation for cpu_threshold:
  Value: 81.89 (Threshold: 132.33)
  Trend: stable

[2025-03-10 16:31:28] CRITICAL violation for gpu_utilization:
  Value: -0.46 (Threshold: -0.53)
  Trend: stable

[2025-03-10 16:31:28] CRITICAL: gpu_utilization
Value -0.46 exceeds critical threshold -0.11
[2025-03-10 16:31:29] CRITICAL violation for memory_ratio:
  Value: 7.53 (Threshold: 9.47)
  Trend: stable

[2025-03-10 16:31:29] CRITICAL violation for cpu_threshold:
  Value: 86.23 (Threshold: 132.33)
  Trend: stable

[2025-03-10 16:31:29] CRITICAL violation for gpu_utilization:
  Value: -0.25 (Threshold: -0.53)
  Trend: stable

[2025-03-10 16:31:29] CRITICAL: gpu_utilization
Value -0.25 exceeds critical threshold -0.11
[2025-03-10 16:31:29] CRITICAL violation for memory_ratio:
  Value: 7.82 (Threshold: 9.47)
  Trend: stable

[2025-03-10 16:31:29] CRITICAL violation for cpu_threshold:
  Value: 92.96 (Threshold: 132.33)
  Trend: stable

[2025-03-10 16:31:29] CRITICAL violation for gpu_utilization:
  Value: -0.49 (Threshold: -0.53)
  Trend: stable

[2025-03-10 16:31:29] CRITICAL: gpu_utilization
Value -0.49 exceeds critical threshold -0.11
[2025-03-10 16:31:29] CRITICAL violation for memory_ratio:
  Value: 8.29 (Threshold: 9.47)
  Trend: stable

[2025-03-10 16:31:29] CRITICAL violation for cpu_threshold:
  Value: 80.17 (Threshold: 132.33)
  Trend: stable

[2025-03-10 16:31:29] CRITICAL violation for gpu_utilization:
  Value: -0.47 (Threshold: -0.53)
  Trend: stable

[2025-03-10 16:31:29] CRITICAL: gpu_utilization
Value -0.47 exceeds critical threshold -0.11
[2025-03-10 16:31:29] CRITICAL violation for memory_ratio:
  Value: 8.14 (Threshold: 9.47)
  Trend: stable

[2025-03-10 16:31:29] CRITICAL violation for cpu_threshold:
  Value: 102.16 (Threshold: 132.33)
  Trend: stable

[2025-03-10 16:31:29] CRITICAL violation for gpu_utilization:
  Value: -0.37 (Threshold: -0.53)
  Trend: stable

[2025-03-10 16:31:29] CRITICAL: gpu_utilization
Value -0.37 exceeds critical threshold -0.11
[2025-03-10 16:31:29] CRITICAL violation for memory_ratio:
  Value: 8.63 (Threshold: 9.47)
  Trend: stable

[2025-03-10 16:31:29] CRITICAL violation for cpu_threshold:
  Value: 79.23 (Threshold: 132.33)
  Trend: stable

[2025-03-10 16:31:29] CRITICAL violation for gpu_utilization:
  Value: -0.37 (Threshold: -0.53)
  Trend: stable

[2025-03-10 16:31:29] CRITICAL: gpu_utilization
Value -0.37 exceeds critical threshold -0.11
[2025-03-10 16:31:30] CRITICAL violation for memory_ratio:
  Value: 7.19 (Threshold: 9.47)
  Trend: stable

[2025-03-10 16:31:30] CRITICAL violation for cpu_threshold:
  Value: 84.51 (Threshold: 132.33)
  Trend: stable

[2025-03-10 16:31:30] CRITICAL violation for gpu_utilization:
  Value: -0.30 (Threshold: -0.53)
  Trend: stable

[2025-03-10 16:31:30] CRITICAL: gpu_utilization
Value -0.30 exceeds critical threshold -0.11
[2025-03-10 16:31:30] CRITICAL violation for memory_ratio:
  Value: 7.91 (Threshold: 9.47)
  Trend: stable

[2025-03-10 16:31:30] CRITICAL violation for cpu_threshold:
  Value: 85.18 (Threshold: 132.33)
  Trend: stable

[2025-03-10 16:31:30] CRITICAL violation for gpu_utilization:
  Value: -0.26 (Threshold: -0.53)
  Trend: stable

[2025-03-10 16:31:30] CRITICAL: gpu_utilization
Value -0.26 exceeds critical threshold -0.11
[2025-03-10 16:31:30] CRITICAL violation for memory_ratio:
  Value: 7.76 (Threshold: 9.47)
  Trend: stable

[2025-03-10 16:31:30] CRITICAL violation for cpu_threshold:
  Value: 87.59 (Threshold: 132.33)
  Trend: stable

[2025-03-10 16:31:30] CRITICAL violation for gpu_utilization:
  Value: -0.41 (Threshold: -0.53)
  Trend: stable

[2025-03-10 16:31:30] CRITICAL: gpu_utilization
Value -0.41 exceeds critical threshold -0.11
[2025-03-10 16:31:32] CRITICAL violation for memory_ratio:
  Value: 7.77 (Threshold: 9.47)
  Trend: stable

[2025-03-10 16:31:32] CRITICAL violation for cpu_threshold:
  Value: 85.26 (Threshold: 132.33)
  Trend: stable

[2025-03-10 16:31:32] CRITICAL violation for gpu_utilization:
  Value: -0.42 (Threshold: -0.53)
  Trend: stable

[2025-03-10 16:31:32] CRITICAL: gpu_utilization
Value -0.42 exceeds critical threshold -0.11
[2025-03-10 16:31:32] CRITICAL violation for memory_ratio:
  Value: 8.34 (Threshold: 9.47)
  Trend: stable

[2025-03-10 16:31:32] CRITICAL violation for cpu_threshold:
  Value: 88.58 (Threshold: 132.33)
  Trend: stable

[2025-03-10 16:31:32] CRITICAL violation for gpu_utilization:
  Value: -0.20 (Threshold: -0.53)
  Trend: stable

[2025-03-10 16:31:32] CRITICAL: gpu_utilization
Value -0.20 exceeds critical threshold -0.11
[2025-03-10 16:31:33] CRITICAL violation for memory_ratio:
  Value: 8.66 (Threshold: 9.47)
  Trend: stable

[2025-03-10 16:31:33] CRITICAL violation for cpu_threshold:
  Value: 96.01 (Threshold: 132.33)
  Trend: stable

[2025-03-10 16:31:33] CRITICAL violation for gpu_utilization:
  Value: -0.19 (Threshold: -0.53)
  Trend: stable

[2025-03-10 16:31:33] CRITICAL: gpu_utilization
Value -0.19 exceeds critical threshold -0.11
[2025-03-10 16:31:33] CRITICAL violation for memory_ratio:
  Value: 8.82 (Threshold: 9.47)
  Trend: stable

[2025-03-10 16:31:33] CRITICAL violation for cpu_threshold:
  Value: 95.05 (Threshold: 132.33)
  Trend: stable

[2025-03-10 16:31:33] CRITICAL violation for gpu_utilization:
  Value: -0.10 (Threshold: -0.53)
  Trend: stable

[2025-03-10 16:31:33] CRITICAL: gpu_utilization
Value -0.10 exceeds critical threshold -0.11
[2025-03-10 16:31:33] CRITICAL violation for memory_ratio:
  Value: 8.60 (Threshold: 9.47)
  Trend: stable

[2025-03-10 16:31:33] CRITICAL violation for cpu_threshold:
  Value: 86.82 (Threshold: 132.33)
  Trend: stable

[2025-03-10 16:31:33] CRITICAL violation for memory_ratio:
  Value: 8.92 (Threshold: 9.47)
  Trend: stable

[2025-03-10 16:31:33] CRITICAL violation for cpu_threshold:
  Value: 83.87 (Threshold: 132.33)
  Trend: stable

[2025-03-10 16:31:33] CRITICAL violation for gpu_utilization:
  Value: -0.21 (Threshold: -0.53)
  Trend: stable

[2025-03-10 16:31:33] CRITICAL: gpu_utilization
Value -0.21 exceeds critical threshold -0.11
[2025-03-10 16:31:33] CRITICAL violation for memory_ratio:
  Value: 8.29 (Threshold: 9.47)
  Trend: increasing

[2025-03-10 16:31:33] CRITICAL violation for cpu_threshold:
  Value: 94.33 (Threshold: 132.33)
  Trend: stable

[2025-03-10 16:31:33] CRITICAL violation for gpu_utilization:
  Value: -0.12 (Threshold: -0.53)
  Trend: stable

[2025-03-10 16:31:33] CRITICAL: gpu_utilization
Value -0.12 exceeds critical threshold -0.11
[2025-03-10 16:31:33] CRITICAL violation for memory_ratio:
  Value: 9.23 (Threshold: 9.47)
  Trend: increasing

[2025-03-10 16:31:33] CRITICAL violation for cpu_threshold:
  Value: 96.15 (Threshold: 132.33)
  Trend: stable

[2025-03-10 16:31:33] CRITICAL violation for gpu_utilization:
  Value: -0.36 (Threshold: -0.53)
  Trend: stable

[2025-03-10 16:31:33] CRITICAL: gpu_utilization
Value -0.36 exceeds critical threshold -0.11
[2025-03-10 16:31:33] CRITICAL violation for memory_ratio:
  Value: 9.21 (Threshold: 9.47)
  Trend: increasing

[2025-03-10 16:31:33] CRITICAL violation for cpu_threshold:
  Value: 86.94 (Threshold: 132.33)
  Trend: stable

[2025-03-10 16:31:33] CRITICAL violation for gpu_utilization:
  Value: -0.42 (Threshold: -0.53)
  Trend: stable

[2025-03-10 16:31:33] CRITICAL: gpu_utilization
Value -0.42 exceeds critical threshold -0.11
[2025-03-10 16:31:34] CRITICAL violation for memory_ratio:
  Value: 8.25 (Threshold: 9.47)
  Trend: stable

[2025-03-10 16:31:34] CRITICAL violation for cpu_threshold:
  Value: 87.93 (Threshold: 132.33)
  Trend: stable

[2025-03-10 16:31:34] CRITICAL violation for gpu_utilization:
  Value: -0.37 (Threshold: -0.53)
  Trend: stable

[2025-03-10 16:31:34] CRITICAL: gpu_utilization
Value -0.37 exceeds critical threshold -0.11
[2025-03-10 16:31:34] CRITICAL violation for memory_ratio:
  Value: 9.65 (Threshold: 9.65)
  Trend: stable

[2025-03-10 16:31:34] CRITICAL violation for cpu_threshold:
  Value: 98.48 (Threshold: 132.33)
  Trend: stable

[2025-03-10 16:31:34] CRITICAL violation for gpu_utilization:
  Value: -0.36 (Threshold: -0.53)
  Trend: stable

[2025-03-10 16:31:34] CRITICAL: gpu_utilization
Value -0.36 exceeds critical threshold -0.11
[2025-03-10 16:31:34] CRITICAL violation for memory_ratio:
  Value: 8.37 (Threshold: 9.65)
  Trend: stable

[2025-03-10 16:31:34] CRITICAL violation for cpu_threshold:
  Value: 71.92 (Threshold: 132.33)
  Trend: stable

[2025-03-10 16:31:34] CRITICAL violation for gpu_utilization:
  Value: -0.36 (Threshold: -0.53)
  Trend: stable

[2025-03-10 16:31:34] CRITICAL: gpu_utilization
Value -0.36 exceeds critical threshold -0.11
[2025-03-10 16:31:34] CRITICAL violation for memory_ratio:
  Value: 8.70 (Threshold: 9.65)
  Trend: stable

[2025-03-10 16:31:34] CRITICAL violation for cpu_threshold:
  Value: 86.25 (Threshold: 132.33)
  Trend: stable

[2025-03-10 16:31:34] CRITICAL violation for gpu_utilization:
  Value: -0.09 (Threshold: -0.53)
  Trend: stable

[2025-03-10 16:31:34] CRITICAL: gpu_utilization
Value -0.09 exceeds critical threshold -0.11
[2025-03-10 16:31:34] CRITICAL violation for memory_ratio:
  Value: 8.53 (Threshold: 9.65)
  Trend: stable

[2025-03-10 16:31:34] CRITICAL violation for cpu_threshold:
  Value: 105.06 (Threshold: 132.33)
  Trend: stable

[2025-03-10 16:31:34] CRITICAL violation for gpu_utilization:
  Value: -0.26 (Threshold: -0.53)
  Trend: stable

[2025-03-10 16:31:34] CRITICAL: gpu_utilization
Value -0.26 exceeds critical threshold -0.11
[2025-03-10 16:31:34] CRITICAL violation for memory_ratio:
  Value: 8.74 (Threshold: 9.65)
  Trend: stable

[2025-03-10 16:31:34] CRITICAL violation for cpu_threshold:
  Value: 95.90 (Threshold: 132.33)
  Trend: stable

[2025-03-10 16:31:34] CRITICAL violation for gpu_utilization:
  Value: -0.45 (Threshold: -0.53)
  Trend: stable

[2025-03-10 16:31:34] CRITICAL: gpu_utilization
Value -0.45 exceeds critical threshold -0.11
[2025-03-10 16:31:34] CRITICAL violation for memory_ratio:
  Value: 9.00 (Threshold: 9.65)
  Trend: stable

[2025-03-10 16:31:34] CRITICAL violation for cpu_threshold:
  Value: 93.36 (Threshold: 132.33)
  Trend: stable

[2025-03-10 16:31:34] CRITICAL violation for gpu_utilization:
  Value: -0.30 (Threshold: -0.53)
  Trend: stable

[2025-03-10 16:31:34] CRITICAL: gpu_utilization
Value -0.30 exceeds critical threshold -0.11
[2025-03-10 16:31:34] CRITICAL violation for memory_ratio:
  Value: 8.12 (Threshold: 9.65)
  Trend: stable

[2025-03-10 16:31:34] CRITICAL violation for cpu_threshold:
  Value: 143.47 (Threshold: 135.04)
  Trend: stable

[2025-03-10 16:31:34] CRITICAL violation for gpu_utilization:
  Value: -0.08 (Threshold: -0.53)
  Trend: stable

[2025-03-10 16:31:34] CRITICAL: gpu_utilization
Value -0.08 exceeds critical threshold -0.11
[2025-03-10 16:31:35] CRITICAL violation for memory_ratio:
  Value: 8.79 (Threshold: 9.65)
  Trend: stable

[2025-03-10 16:31:35] CRITICAL violation for cpu_threshold:
  Value: 127.67 (Threshold: 135.04)
  Trend: stable

[2025-03-10 16:31:35] CRITICAL violation for gpu_utilization:
  Value: -0.29 (Threshold: -0.53)
  Trend: stable

[2025-03-10 16:31:35] CRITICAL: gpu_utilization
Value -0.29 exceeds critical threshold -0.11
[2025-03-10 16:31:35] CRITICAL violation for memory_ratio:
  Value: 9.41 (Threshold: 9.65)
  Trend: stable

[2025-03-10 16:31:35] CRITICAL violation for cpu_threshold:
  Value: 84.76 (Threshold: 135.04)
  Trend: stable

[2025-03-10 16:31:35] CRITICAL violation for gpu_utilization:
  Value: -0.23 (Threshold: -0.53)
  Trend: stable

[2025-03-10 16:31:35] CRITICAL: gpu_utilization
Value -0.23 exceeds critical threshold -0.11
[2025-03-10 16:31:35] CRITICAL violation for memory_ratio:
  Value: 8.87 (Threshold: 9.65)
  Trend: stable

[2025-03-10 16:31:35] CRITICAL violation for cpu_threshold:
  Value: 91.58 (Threshold: 135.04)
  Trend: stable

[2025-03-10 16:31:35] CRITICAL violation for gpu_utilization:
  Value: -0.31 (Threshold: -0.53)
  Trend: stable

[2025-03-10 16:31:35] CRITICAL: gpu_utilization
Value -0.31 exceeds critical threshold -0.11
[2025-03-10 16:31:35] CRITICAL violation for memory_ratio:
  Value: 9.21 (Threshold: 9.47)
  Trend: stable

[2025-03-10 16:31:35] CRITICAL violation for cpu_threshold:
  Value: 103.52 (Threshold: 135.04)
  Trend: stable

[2025-03-10 16:31:35] CRITICAL violation for gpu_utilization:
  Value: -0.13 (Threshold: -0.53)
  Trend: stable

[2025-03-10 16:31:35] CRITICAL: gpu_utilization
Value -0.13 exceeds critical threshold -0.11
[2025-03-10 16:31:35] CRITICAL violation for memory_ratio:
  Value: 9.91 (Threshold: 9.67)
  Trend: stable

[2025-03-10 16:31:35] CRITICAL violation for cpu_threshold:
  Value: 86.58 (Threshold: 135.04)
  Trend: stable

[2025-03-10 16:31:35] CRITICAL violation for gpu_utilization:
  Value: -0.19 (Threshold: -0.53)
  Trend: stable

[2025-03-10 16:31:35] CRITICAL: gpu_utilization
Value -0.19 exceeds critical threshold -0.11
[2025-03-10 16:31:35] CRITICAL violation for memory_ratio:
  Value: 9.50 (Threshold: 9.67)
  Trend: stable

[2025-03-10 16:31:35] CRITICAL violation for cpu_threshold:
  Value: 83.08 (Threshold: 135.04)
  Trend: stable

[2025-03-10 16:31:35] CRITICAL violation for gpu_utilization:
  Value: -0.08 (Threshold: -0.53)
  Trend: stable

[2025-03-10 16:31:35] CRITICAL: gpu_utilization
Value -0.08 exceeds critical threshold -0.11
[2025-03-10 16:31:37] CRITICAL violation for memory_ratio:
  Value: 9.28 (Threshold: 9.67)
  Trend: stable

[2025-03-10 16:31:37] CRITICAL violation for cpu_threshold:
  Value: 102.17 (Threshold: 135.04)
  Trend: stable

[2025-03-10 16:31:37] CRITICAL violation for gpu_utilization:
  Value: -0.17 (Threshold: -0.53)
  Trend: stable

[2025-03-10 16:31:37] CRITICAL: gpu_utilization
Value -0.17 exceeds critical threshold -0.11
[2025-03-10 16:31:37] CRITICAL violation for memory_ratio:
  Value: 8.20 (Threshold: 9.67)
  Trend: stable

[2025-03-10 16:31:37] CRITICAL violation for cpu_threshold:
  Value: 88.96 (Threshold: 135.04)
  Trend: stable

[2025-03-10 16:31:37] CRITICAL violation for gpu_utilization:
  Value: -0.04 (Threshold: -0.53)
  Trend: stable

[2025-03-10 16:31:37] CRITICAL: gpu_utilization
Value -0.04 exceeds critical threshold -0.11
[2025-03-10 16:31:37] CRITICAL violation for memory_ratio:
  Value: 10.32 (Threshold: 9.92)
  Trend: stable

[2025-03-10 16:31:37] CRITICAL violation for cpu_threshold:
  Value: 86.18 (Threshold: 135.04)
  Trend: stable

[2025-03-10 16:31:37] CRITICAL violation for gpu_utilization:
  Value: -0.38 (Threshold: -0.53)
  Trend: stable

[2025-03-10 16:31:37] CRITICAL: gpu_utilization
Value -0.38 exceeds critical threshold -0.11
[2025-03-10 16:31:38] CRITICAL violation for memory_ratio:
  Value: 9.34 (Threshold: 9.92)
  Trend: stable

[2025-03-10 16:31:38] CRITICAL violation for cpu_threshold:
  Value: 110.90 (Threshold: 135.04)
  Trend: stable

[2025-03-10 16:31:38] CRITICAL violation for gpu_utilization:
  Value: -0.04 (Threshold: -0.53)
  Trend: stable

[2025-03-10 16:31:38] CRITICAL: gpu_utilization
Value -0.04 exceeds critical threshold -0.11
[2025-03-10 16:31:38] CRITICAL violation for memory_ratio:
  Value: 9.09 (Threshold: 9.92)
  Trend: stable

[2025-03-10 16:31:38] CRITICAL violation for cpu_threshold:
  Value: 102.58 (Threshold: 135.04)
  Trend: stable

[2025-03-10 16:31:38] CRITICAL violation for gpu_utilization:
  Value: -0.03 (Threshold: -0.53)
  Trend: stable

[2025-03-10 16:31:38] CRITICAL: gpu_utilization
Value -0.03 exceeds critical threshold -0.11
[2025-03-10 16:31:39] CRITICAL violation for memory_ratio:
  Value: 9.90 (Threshold: 9.92)
  Trend: stable

[2025-03-10 16:31:39] CRITICAL violation for cpu_threshold:
  Value: 95.35 (Threshold: 135.04)
  Trend: stable

[2025-03-10 16:31:39] CRITICAL violation for gpu_utilization:
  Value: -0.29 (Threshold: -0.53)
  Trend: stable

[2025-03-10 16:31:39] CRITICAL: gpu_utilization
Value -0.29 exceeds critical threshold -0.11
[2025-03-10 16:31:39] CRITICAL violation for memory_ratio:
  Value: 9.37 (Threshold: 9.92)
  Trend: stable

[2025-03-10 16:31:39] CRITICAL violation for cpu_threshold:
  Value: 104.70 (Threshold: 132.33)
  Trend: stable

[2025-03-10 16:31:40] CRITICAL violation for memory_ratio:
  Value: 9.31 (Threshold: 9.92)
  Trend: stable

[2025-03-10 16:31:40] CRITICAL violation for cpu_threshold:
  Value: 89.01 (Threshold: 132.33)
  Trend: stable

[2025-03-10 16:31:40] CRITICAL violation for gpu_utilization:
  Value: -0.35 (Threshold: -0.53)
  Trend: stable

[2025-03-10 16:31:40] CRITICAL: gpu_utilization
Value -0.35 exceeds critical threshold -0.11
[2025-03-10 16:31:40] CRITICAL violation for memory_ratio:
  Value: 13.96 (Threshold: 9.99)
  Trend: stable

[2025-03-10 16:31:40] WARNING: memory_ratio
Value 13.96 exceeds warning threshold 11.99
[2025-03-10 16:31:40] CRITICAL violation for cpu_threshold:
  Value: 105.74 (Threshold: 132.33)
  Trend: stable

[2025-03-10 16:31:40] CRITICAL violation for gpu_utilization:
  Value: -0.30 (Threshold: -0.53)
  Trend: stable

[2025-03-10 16:31:40] CRITICAL: gpu_utilization
Value -0.30 exceeds critical threshold -0.11
[2025-03-10 16:31:40] CRITICAL violation for memory_ratio:
  Value: 8.28 (Threshold: 9.99)
  Trend: stable

[2025-03-10 16:31:40] CRITICAL violation for cpu_threshold:
  Value: 86.03 (Threshold: 132.33)
  Trend: stable

[2025-03-10 16:31:40] CRITICAL violation for gpu_utilization:
  Value: -0.18 (Threshold: -0.53)
  Trend: stable

[2025-03-10 16:31:40] CRITICAL: gpu_utilization
Value -0.18 exceeds critical threshold -0.11
[2025-03-10 16:31:40] CRITICAL violation for memory_ratio:
  Value: 8.88 (Threshold: 9.99)
  Trend: stable

[2025-03-10 16:31:40] CRITICAL violation for cpu_threshold:
  Value: 90.77 (Threshold: 132.33)
  Trend: stable

[2025-03-10 16:31:40] CRITICAL violation for gpu_utilization:
  Value: -0.31 (Threshold: -0.53)
  Trend: stable

[2025-03-10 16:31:40] CRITICAL: gpu_utilization
Value -0.31 exceeds critical threshold -0.11
[2025-03-10 16:31:40] CRITICAL violation for memory_ratio:
  Value: 9.44 (Threshold: 9.99)
  Trend: stable

[2025-03-10 16:31:40] CRITICAL violation for cpu_threshold:
  Value: 98.37 (Threshold: 132.33)
  Trend: stable

[2025-03-10 16:31:40] CRITICAL violation for gpu_utilization:
  Value: -0.22 (Threshold: -0.53)
  Trend: stable

[2025-03-10 16:31:40] CRITICAL: gpu_utilization
Value -0.22 exceeds critical threshold -0.11
[2025-03-10 16:31:40] CRITICAL violation for memory_ratio:
  Value: 9.89 (Threshold: 9.99)
  Trend: stable

[2025-03-10 16:31:40] CRITICAL violation for cpu_threshold:
  Value: 89.53 (Threshold: 127.90)
  Trend: stable

[2025-03-10 16:31:40] CRITICAL violation for gpu_utilization:
  Value: -0.25 (Threshold: -0.53)
  Trend: stable

[2025-03-10 16:31:40] CRITICAL: gpu_utilization
Value -0.25 exceeds critical threshold -0.11
[2025-03-10 16:31:40] CRITICAL violation for memory_ratio:
  Value: 9.57 (Threshold: 9.99)
  Trend: stable

[2025-03-10 16:31:40] CRITICAL violation for cpu_threshold:
  Value: 101.09 (Threshold: 127.90)
  Trend: stable

[2025-03-10 16:31:40] CRITICAL violation for gpu_utilization:
  Value: -0.00 (Threshold: -0.53)
  Trend: stable

[2025-03-10 16:31:40] CRITICAL: gpu_utilization
Value -0.00 exceeds critical threshold -0.11
[2025-03-10 16:31:40] CRITICAL violation for memory_ratio:
  Value: 9.57 (Threshold: 9.99)
  Trend: stable

[2025-03-10 16:31:40] CRITICAL violation for cpu_threshold:
  Value: 66.51 (Threshold: 127.90)
  Trend: stable

[2025-03-10 16:31:40] CRITICAL violation for gpu_utilization:
  Value: -0.56 (Threshold: -0.53)
  Trend: stable

[2025-03-10 16:31:40] CRITICAL: gpu_utilization
Value -0.56 exceeds critical threshold -0.11
[2025-03-10 16:31:40] CRITICAL violation for memory_ratio:
  Value: 8.83 (Threshold: 9.99)
  Trend: stable

[2025-03-10 16:31:40] CRITICAL violation for cpu_threshold:
  Value: 89.80 (Threshold: 127.90)
  Trend: stable

[2025-03-10 16:31:40] CRITICAL violation for gpu_utilization:
  Value: -0.31 (Threshold: -0.53)
  Trend: stable

[2025-03-10 16:31:40] CRITICAL: gpu_utilization
Value -0.31 exceeds critical threshold -0.11
[2025-03-10 16:31:40] CRITICAL violation for memory_ratio:
  Value: 9.51 (Threshold: 9.99)
  Trend: stable

[2025-03-10 16:31:40] CRITICAL violation for cpu_threshold:
  Value: 103.81 (Threshold: 127.90)
  Trend: stable

[2025-03-10 16:31:40] CRITICAL violation for gpu_utilization:
  Value: -0.20 (Threshold: -0.53)
  Trend: stable

[2025-03-10 16:31:40] CRITICAL: gpu_utilization
Value -0.20 exceeds critical threshold -0.11
[2025-03-10 16:31:41] CRITICAL violation for memory_ratio:
  Value: 9.28 (Threshold: 9.99)
  Trend: stable

[2025-03-10 16:31:41] CRITICAL violation for cpu_threshold:
  Value: 98.82 (Threshold: 127.90)
  Trend: stable

[2025-03-10 16:31:41] CRITICAL violation for gpu_utilization:
  Value: -0.22 (Threshold: -0.53)
  Trend: stable

[2025-03-10 16:31:41] CRITICAL: gpu_utilization
Value -0.22 exceeds critical threshold -0.11
[2025-03-10 16:31:41] CRITICAL violation for memory_ratio:
  Value: 9.87 (Threshold: 9.99)
  Trend: stable

[2025-03-10 16:31:41] CRITICAL violation for cpu_threshold:
  Value: 92.87 (Threshold: 127.90)
  Trend: stable

[2025-03-10 16:31:41] CRITICAL violation for gpu_utilization:
  Value: -0.20 (Threshold: -0.53)
  Trend: stable

[2025-03-10 16:31:41] CRITICAL: gpu_utilization
Value -0.20 exceeds critical threshold -0.11
[2025-03-10 16:31:41] CRITICAL violation for memory_ratio:
  Value: 9.32 (Threshold: 9.99)
  Trend: stable

[2025-03-10 16:31:41] CRITICAL violation for cpu_threshold:
  Value: 91.60 (Threshold: 127.90)
  Trend: stable

[2025-03-10 16:31:41] CRITICAL violation for gpu_utilization:
  Value: -0.17 (Threshold: -0.53)
  Trend: stable

[2025-03-10 16:31:41] CRITICAL: gpu_utilization
Value -0.17 exceeds critical threshold -0.11
[2025-03-10 16:31:41] CRITICAL violation for memory_ratio:
  Value: 9.75 (Threshold: 9.99)
  Trend: stable

[2025-03-10 16:31:41] CRITICAL violation for cpu_threshold:
  Value: 94.74 (Threshold: 127.90)
  Trend: stable

[2025-03-10 16:31:41] CRITICAL violation for gpu_utilization:
  Value: -0.28 (Threshold: -0.53)
  Trend: stable

[2025-03-10 16:31:41] CRITICAL: gpu_utilization
Value -0.28 exceeds critical threshold -0.11
[2025-03-10 16:31:42] CRITICAL violation for memory_ratio:
  Value: 9.35 (Threshold: 9.99)
  Trend: stable

[2025-03-10 16:31:42] CRITICAL violation for cpu_threshold:
  Value: 101.85 (Threshold: 127.90)
  Trend: stable

[2025-03-10 16:31:42] CRITICAL violation for gpu_utilization:
  Value: -0.08 (Threshold: -0.53)
  Trend: stable

[2025-03-10 16:31:42] CRITICAL: gpu_utilization
Value -0.08 exceeds critical threshold -0.11
[2025-03-10 16:31:42] CRITICAL violation for memory_ratio:
  Value: 9.32 (Threshold: 9.93)
  Trend: stable

[2025-03-10 16:31:42] CRITICAL violation for cpu_threshold:
  Value: 101.84 (Threshold: 127.90)
  Trend: stable

[2025-03-10 16:31:42] CRITICAL violation for gpu_utilization:
  Value: -0.27 (Threshold: -0.53)
  Trend: stable

[2025-03-10 16:31:42] CRITICAL: gpu_utilization
Value -0.27 exceeds critical threshold -0.11
[2025-03-10 16:31:42] CRITICAL violation for memory_ratio:
  Value: 9.13 (Threshold: 9.93)
  Trend: stable

[2025-03-10 16:31:42] CRITICAL violation for cpu_threshold:
  Value: 84.20 (Threshold: 127.90)
  Trend: stable

[2025-03-10 16:31:42] CRITICAL violation for gpu_utilization:
  Value: -0.25 (Threshold: -0.53)
  Trend: stable

[2025-03-10 16:31:42] CRITICAL: gpu_utilization
Value -0.25 exceeds critical threshold -0.11
[2025-03-10 16:31:42] CRITICAL violation for memory_ratio:
  Value: 10.32 (Threshold: 10.32)
  Trend: stable

[2025-03-10 16:31:42] CRITICAL violation for cpu_threshold:
  Value: 101.18 (Threshold: 127.90)
  Trend: stable

[2025-03-10 16:31:42] CRITICAL violation for gpu_utilization:
  Value: -0.29 (Threshold: -0.53)
  Trend: stable

[2025-03-10 16:31:42] CRITICAL: gpu_utilization
Value -0.29 exceeds critical threshold -0.11
[2025-03-10 16:31:42] CRITICAL violation for memory_ratio:
  Value: 9.79 (Threshold: 10.32)
  Trend: stable

[2025-03-10 16:31:42] CRITICAL violation for cpu_threshold:
  Value: 81.73 (Threshold: 127.90)
  Trend: stable

[2025-03-10 16:31:42] CRITICAL violation for gpu_utilization:
  Value: -0.18 (Threshold: -0.53)
  Trend: stable

[2025-03-10 16:31:42] CRITICAL: gpu_utilization
Value -0.18 exceeds critical threshold -0.11
[2025-03-10 16:31:57] Configuration updated for memory_ratio:
  Warning threshold: 1.2
  Critical threshold: 1.5
  Consecutive violations: 3
  Notification level: all

[2025-03-10 16:31:57] Configuration updated for cpu_threshold:
  Warning threshold: 1.2
  Critical threshold: 1.5
  Consecutive violations: 3
  Notification level: all

[2025-03-10 16:31:57] Configuration updated for gpu_utilization:
  Warning threshold: 0.4
  Critical threshold: 0.2
  Consecutive violations: 3
  Notification level: all

[2025-03-10 16:31:57] CRITICAL violation for gpu_utilization:
  Value: 0.10 (Threshold: 0.10)
  Trend: insufficient data

[2025-03-10 16:31:57] CRITICAL: gpu_utilization
Value 0.10 exceeds critical threshold 0.02
[2025-03-10 16:31:57] CRITICAL violation for gpu_utilization:
  Value: 0.22 (Threshold: 0.11)
  Trend: insufficient data

[2025-03-10 16:31:57] CRITICAL: gpu_utilization
Value 0.22 exceeds critical threshold 0.02
[2025-03-10 16:31:57] CRITICAL violation for gpu_utilization:
  Value: 0.20 (Threshold: 0.11)
  Trend: insufficient data

[2025-03-10 16:31:57] CRITICAL: gpu_utilization
Value 0.20 exceeds critical threshold 0.02
[2025-03-10 16:31:57] CRITICAL violation for gpu_utilization:
  Value: 0.23 (Threshold: 0.11)
  Trend: insufficient data

[2025-03-10 16:31:57] CRITICAL: gpu_utilization
Value 0.23 exceeds critical threshold 0.02
[2025-03-10 16:31:57] CRITICAL violation for gpu_utilization:
  Value: 0.41 (Threshold: 0.12)
  Trend: insufficient data

[2025-03-10 16:31:57] CRITICAL: gpu_utilization
Value 0.41 exceeds critical threshold 0.02
[2025-03-10 16:31:57] CRITICAL violation for gpu_utilization:
  Value: 0.21 (Threshold: 0.12)
  Trend: insufficient data

[2025-03-10 16:31:57] CRITICAL: gpu_utilization
Value 0.21 exceeds critical threshold 0.02
[2025-03-10 16:31:58] CRITICAL violation for gpu_utilization:
  Value: 0.47 (Threshold: 0.13)
  Trend: insufficient data

[2025-03-10 16:31:58] CRITICAL: gpu_utilization
Value 0.47 exceeds critical threshold 0.03
[2025-03-10 16:31:58] CRITICAL violation for gpu_utilization:
  Value: 0.49 (Threshold: 0.13)
  Trend: insufficient data

[2025-03-10 16:31:58] CRITICAL: gpu_utilization
Value 0.49 exceeds critical threshold 0.03
[2025-03-10 16:31:58] CRITICAL violation for gpu_utilization:
  Value: 0.35 (Threshold: 0.14)
  Trend: insufficient data

[2025-03-10 16:31:58] CRITICAL: gpu_utilization
Value 0.35 exceeds critical threshold 0.03
[2025-03-10 16:31:58] CRITICAL violation for gpu_utilization:
  Value: 0.36 (Threshold: 0.14)
  Trend: stable

[2025-03-10 16:31:58] CRITICAL: gpu_utilization
Value 0.36 exceeds critical threshold 0.03
[2025-03-10 16:31:58] CRITICAL violation for gpu_utilization:
  Value: 0.26 (Threshold: 0.15)
  Trend: stable

[2025-03-10 16:31:58] CRITICAL: gpu_utilization
Value 0.26 exceeds critical threshold 0.03
[2025-03-10 16:31:58] CRITICAL violation for gpu_utilization:
  Value: 0.27 (Threshold: 0.16)
  Trend: stable

[2025-03-10 16:31:58] CRITICAL: gpu_utilization
Value 0.27 exceeds critical threshold 0.03
[2025-03-10 16:31:59] CRITICAL violation for gpu_utilization:
  Value: 0.44 (Threshold: 0.16)
  Trend: stable

[2025-03-10 16:31:59] CRITICAL: gpu_utilization
Value 0.44 exceeds critical threshold 0.03
[2025-03-10 16:31:59] CRITICAL violation for gpu_utilization:
  Value: 0.35 (Threshold: 0.17)
  Trend: stable

[2025-03-10 16:31:59] CRITICAL: gpu_utilization
Value 0.35 exceeds critical threshold 0.03
[2025-03-10 16:31:59] CRITICAL violation for gpu_utilization:
  Value: 0.35 (Threshold: 0.17)
  Trend: stable

[2025-03-10 16:31:59] CRITICAL: gpu_utilization
Value 0.35 exceeds critical threshold 0.03
[2025-03-10 16:31:59] CRITICAL violation for gpu_utilization:
  Value: 0.52 (Threshold: 0.18)
  Trend: stable

[2025-03-10 16:31:59] CRITICAL: gpu_utilization
Value 0.52 exceeds critical threshold 0.04
[2025-03-10 16:31:59] CRITICAL violation for gpu_utilization:
  Value: 0.45 (Threshold: 0.18)
  Trend: stable

[2025-03-10 16:31:59] CRITICAL: gpu_utilization
Value 0.45 exceeds critical threshold 0.04
[2025-03-10 16:31:59] CRITICAL violation for gpu_utilization:
  Value: 0.54 (Threshold: 0.19)
  Trend: stable

[2025-03-10 16:31:59] CRITICAL: gpu_utilization
Value 0.54 exceeds critical threshold 0.04
[2025-03-10 16:31:59] CRITICAL violation for gpu_utilization:
  Value: 0.19 (Threshold: 0.19)
  Trend: stable

[2025-03-10 16:31:59] CRITICAL: gpu_utilization
Value 0.19 exceeds critical threshold 0.04
[2025-03-10 16:31:59] CRITICAL violation for gpu_utilization:
  Value: 0.25 (Threshold: 0.19)
  Trend: stable

[2025-03-10 16:31:59] CRITICAL: gpu_utilization
Value 0.25 exceeds critical threshold 0.04
[2025-03-10 16:31:59] CRITICAL violation for gpu_utilization:
  Value: 0.38 (Threshold: 0.19)
  Trend: stable

[2025-03-10 16:31:59] CRITICAL: gpu_utilization
Value 0.38 exceeds critical threshold 0.04
[2025-03-10 16:31:59] CRITICAL violation for gpu_utilization:
  Value: 0.58 (Threshold: 0.19)
  Trend: stable

[2025-03-10 16:31:59] CRITICAL: gpu_utilization
Value 0.58 exceeds critical threshold 0.04
[2025-03-10 16:32:00] CRITICAL violation for gpu_utilization:
  Value: 0.46 (Threshold: 0.20)
  Trend: stable

[2025-03-10 16:32:00] CRITICAL: gpu_utilization
Value 0.46 exceeds critical threshold 0.04
[2025-03-10 16:32:00] CRITICAL violation for gpu_utilization:
  Value: 0.43 (Threshold: 0.20)
  Trend: stable

[2025-03-10 16:32:00] CRITICAL: gpu_utilization
Value 0.43 exceeds critical threshold 0.04
[2025-03-10 16:32:00] CRITICAL violation for gpu_utilization:
  Value: 0.38 (Threshold: 0.20)
  Trend: stable

[2025-03-10 16:32:00] CRITICAL: gpu_utilization
Value 0.38 exceeds critical threshold 0.04
[2025-03-10 16:32:00] CRITICAL violation for gpu_utilization:
  Value: 0.40 (Threshold: 0.20)
  Trend: stable

[2025-03-10 16:32:00] CRITICAL: gpu_utilization
Value 0.40 exceeds critical threshold 0.04
[2025-03-10 16:32:00] CRITICAL violation for gpu_utilization:
  Value: 0.27 (Threshold: 0.20)
  Trend: stable

[2025-03-10 16:32:00] CRITICAL: gpu_utilization
Value 0.27 exceeds critical threshold 0.04
[2025-03-10 16:32:00] WARNING violation for cpu_threshold:
  Value: 102.72 (Threshold: 80.17)
  Trend: stable

[2025-03-10 16:32:00] WARNING: cpu_threshold
Value 102.72 exceeds warning threshold 96.20
[2025-03-10 16:32:00] CRITICAL violation for gpu_utilization:
  Value: 0.32 (Threshold: 0.20)
  Trend: stable

[2025-03-10 16:32:00] CRITICAL: gpu_utilization
Value 0.32 exceeds critical threshold 0.04
[2025-03-10 16:32:01] CRITICAL violation for gpu_utilization:
  Value: 0.24 (Threshold: 0.20)
  Trend: stable

[2025-03-10 16:32:01] CRITICAL: gpu_utilization
Value 0.24 exceeds critical threshold 0.04
[2025-03-10 16:32:01] WARNING violation for cpu_threshold:
  Value: 115.01 (Threshold: 92.21)
  Trend: stable

[2025-03-10 16:32:01] WARNING: cpu_threshold
Value 115.01 exceeds warning threshold 110.65
[2025-03-10 16:32:01] CRITICAL violation for gpu_utilization:
  Value: 0.46 (Threshold: 0.20)
  Trend: stable

[2025-03-10 16:32:01] CRITICAL: gpu_utilization
Value 0.46 exceeds critical threshold 0.04
[2025-03-10 16:32:01] CRITICAL violation for gpu_utilization:
  Value: 0.71 (Threshold: 0.20)
  Trend: stable

[2025-03-10 16:32:01] CRITICAL: gpu_utilization
Value 0.71 exceeds critical threshold 0.04
[2025-03-10 16:32:02] CRITICAL violation for gpu_utilization:
  Value: 0.44 (Threshold: 0.20)
  Trend: stable

[2025-03-10 16:32:02] CRITICAL: gpu_utilization
Value 0.44 exceeds critical threshold 0.04
[2025-03-10 16:32:02] CRITICAL violation for gpu_utilization:
  Value: 0.48 (Threshold: 0.20)
  Trend: stable

[2025-03-10 16:32:02] CRITICAL: gpu_utilization
Value 0.48 exceeds critical threshold 0.04
[2025-03-10 16:32:02] CRITICAL violation for gpu_utilization:
  Value: 0.41 (Threshold: 0.20)
  Trend: stable

[2025-03-10 16:32:02] CRITICAL: gpu_utilization
Value 0.41 exceeds critical threshold 0.04
[2025-03-10 16:32:02] CRITICAL violation for gpu_utilization:
  Value: 0.36 (Threshold: 0.20)
  Trend: stable

[2025-03-10 16:32:02] CRITICAL: gpu_utilization
Value 0.36 exceeds critical threshold 0.04
[2025-03-10 16:32:02] CRITICAL violation for gpu_utilization:
  Value: 0.48 (Threshold: 0.20)
  Trend: stable

[2025-03-10 16:32:02] CRITICAL: gpu_utilization
Value 0.48 exceeds critical threshold 0.04
[2025-03-10 16:32:03] CRITICAL violation for gpu_utilization:
  Value: 0.55 (Threshold: 0.20)
  Trend: stable

[2025-03-10 16:32:03] CRITICAL: gpu_utilization
Value 0.55 exceeds critical threshold 0.04
[2025-03-10 16:32:03] CRITICAL violation for gpu_utilization:
  Value: 0.41 (Threshold: 0.20)
  Trend: stable

[2025-03-10 16:32:03] CRITICAL: gpu_utilization
Value 0.41 exceeds critical threshold 0.04
[2025-03-10 16:32:03] CRITICAL violation for gpu_utilization:
  Value: 0.44 (Threshold: 0.20)
  Trend: stable

[2025-03-10 16:32:03] CRITICAL: gpu_utilization
Value 0.44 exceeds critical threshold 0.04
[2025-03-10 16:32:03] CRITICAL violation for gpu_utilization:
  Value: 0.54 (Threshold: 0.20)
  Trend: stable

[2025-03-10 16:32:03] CRITICAL: gpu_utilization
Value 0.54 exceeds critical threshold 0.04
[2025-03-10 16:32:04] CRITICAL violation for gpu_utilization:
  Value: 0.29 (Threshold: 0.20)
  Trend: stable

[2025-03-10 16:32:04] CRITICAL: gpu_utilization
Value 0.29 exceeds critical threshold 0.04
[2025-03-10 16:32:04] CRITICAL violation for gpu_utilization:
  Value: 0.32 (Threshold: 0.20)
  Trend: stable

[2025-03-10 16:32:04] CRITICAL: gpu_utilization
Value 0.32 exceeds critical threshold 0.04
[2025-03-10 16:32:04] CRITICAL violation for gpu_utilization:
  Value: 0.41 (Threshold: 0.20)
  Trend: stable

[2025-03-10 16:32:04] CRITICAL: gpu_utilization
Value 0.41 exceeds critical threshold 0.04
[2025-03-10 16:32:06] CRITICAL violation for gpu_utilization:
  Value: 0.53 (Threshold: 0.20)
  Trend: stable

[2025-03-10 16:32:06] CRITICAL: gpu_utilization
Value 0.53 exceeds critical threshold 0.04
[2025-03-10 16:32:06] CRITICAL violation for gpu_utilization:
  Value: 0.39 (Threshold: 0.20)
  Trend: stable

[2025-03-10 16:32:06] CRITICAL: gpu_utilization
Value 0.39 exceeds critical threshold 0.04
[2025-03-10 16:32:06] CRITICAL violation for gpu_utilization:
  Value: 0.37 (Threshold: 0.20)
  Trend: stable

[2025-03-10 16:32:06] CRITICAL: gpu_utilization
Value 0.37 exceeds critical threshold 0.04
[2025-03-10 16:32:07] WARNING violation for memory_ratio:
  Value: 4.77 (Threshold: 3.48)
  Trend: increasing

[2025-03-10 16:32:07] WARNING: memory_ratio
Value 4.77 exceeds warning threshold 4.17
[2025-03-10 16:32:07] CRITICAL violation for gpu_utilization:
  Value: 0.29 (Threshold: 0.20)
  Trend: stable

[2025-03-10 16:32:07] CRITICAL: gpu_utilization
Value 0.29 exceeds critical threshold 0.04
[2025-03-10 16:32:07] CRITICAL violation for gpu_utilization:
  Value: 0.46 (Threshold: 0.20)
  Trend: stable

[2025-03-10 16:32:07] CRITICAL: gpu_utilization
Value 0.46 exceeds critical threshold 0.04
[2025-03-10 16:32:08] CRITICAL violation for gpu_utilization:
  Value: 0.35 (Threshold: 0.20)
  Trend: stable

[2025-03-10 16:32:08] CRITICAL: gpu_utilization
Value 0.35 exceeds critical threshold 0.04
[2025-03-10 16:32:08] CRITICAL violation for gpu_utilization:
  Value: 0.43 (Threshold: 0.20)
  Trend: stable

[2025-03-10 16:32:08] CRITICAL: gpu_utilization
Value 0.43 exceeds critical threshold 0.04
[2025-03-10 16:32:09] CRITICAL violation for gpu_utilization:
  Value: 0.28 (Threshold: 0.21)
  Trend: stable

[2025-03-10 16:32:09] CRITICAL: gpu_utilization
Value 0.28 exceeds critical threshold 0.04
[2025-03-10 16:32:09] CRITICAL violation for gpu_utilization:
  Value: 0.41 (Threshold: 0.21)
  Trend: stable

[2025-03-10 16:32:09] CRITICAL: gpu_utilization
Value 0.41 exceeds critical threshold 0.04
[2025-03-10 16:32:09] CRITICAL violation for gpu_utilization:
  Value: 0.26 (Threshold: 0.21)
  Trend: stable

[2025-03-10 16:32:09] CRITICAL: gpu_utilization
Value 0.26 exceeds critical threshold 0.04
[2025-03-10 16:32:09] CRITICAL violation for gpu_utilization:
  Value: 0.24 (Threshold: 0.21)
  Trend: stable

[2025-03-10 16:32:09] CRITICAL: gpu_utilization
Value 0.24 exceeds critical threshold 0.04
[2025-03-10 16:32:09] CRITICAL violation for gpu_utilization:
  Value: 0.31 (Threshold: 0.21)
  Trend: stable

[2025-03-10 16:32:09] CRITICAL: gpu_utilization
Value 0.31 exceeds critical threshold 0.04
[2025-03-10 16:32:09] CRITICAL violation for gpu_utilization:
  Value: 0.34 (Threshold: 0.21)
  Trend: stable

[2025-03-10 16:32:09] CRITICAL: gpu_utilization
Value 0.34 exceeds critical threshold 0.04
[2025-03-10 16:32:09] CRITICAL violation for gpu_utilization:
  Value: 0.35 (Threshold: 0.21)
  Trend: stable

[2025-03-10 16:32:09] CRITICAL: gpu_utilization
Value 0.35 exceeds critical threshold 0.04
[2025-03-10 16:32:09] CRITICAL violation for gpu_utilization:
  Value: 0.62 (Threshold: 0.21)
  Trend: stable

[2025-03-10 16:32:09] CRITICAL: gpu_utilization
Value 0.62 exceeds critical threshold 0.04
[2025-03-10 16:32:09] CRITICAL violation for gpu_utilization:
  Value: 0.43 (Threshold: 0.21)
  Trend: stable

[2025-03-10 16:32:09] CRITICAL: gpu_utilization
Value 0.43 exceeds critical threshold 0.04
[2025-03-10 16:32:09] CRITICAL violation for gpu_utilization:
  Value: 0.19 (Threshold: 0.20)
  Trend: stable

[2025-03-10 16:32:09] CRITICAL: gpu_utilization
Value 0.19 exceeds critical threshold 0.04
[2025-03-10 16:32:10] CRITICAL violation for gpu_utilization:
  Value: 0.33 (Threshold: 0.20)
  Trend: stable

[2025-03-10 16:32:10] CRITICAL: gpu_utilization
Value 0.33 exceeds critical threshold 0.04
[2025-03-10 16:32:10] CRITICAL violation for gpu_utilization:
  Value: 0.06 (Threshold: 0.19)
  Trend: stable

[2025-03-10 16:32:10] CRITICAL: gpu_utilization
Value 0.06 exceeds critical threshold 0.04
[2025-03-10 16:32:10] CRITICAL violation for gpu_utilization:
  Value: 0.29 (Threshold: 0.20)
  Trend: stable

[2025-03-10 16:32:10] CRITICAL: gpu_utilization
Value 0.29 exceeds critical threshold 0.04
[2025-03-10 16:32:10] CRITICAL violation for gpu_utilization:
  Value: 0.23 (Threshold: 0.20)
  Trend: stable

[2025-03-10 16:32:10] CRITICAL: gpu_utilization
Value 0.23 exceeds critical threshold 0.04
[2025-03-10 16:32:10] CRITICAL violation for gpu_utilization:
  Value: 0.23 (Threshold: 0.20)
  Trend: stable

[2025-03-10 16:32:10] CRITICAL: gpu_utilization
Value 0.23 exceeds critical threshold 0.04
[2025-03-10 16:32:10] WARNING violation for memory_ratio:
  Value: 5.20 (Threshold: 4.31)
  Trend: stable

[2025-03-10 16:32:10] WARNING: memory_ratio
Value 5.20 exceeds warning threshold 5.17
[2025-03-10 16:32:10] CRITICAL violation for gpu_utilization:
  Value: 0.36 (Threshold: 0.20)
  Trend: stable

[2025-03-10 16:32:10] CRITICAL: gpu_utilization
Value 0.36 exceeds critical threshold 0.04
[2025-03-10 16:32:11] CRITICAL violation for gpu_utilization:
  Value: 0.29 (Threshold: 0.20)
  Trend: stable

[2025-03-10 16:32:11] CRITICAL: gpu_utilization
Value 0.29 exceeds critical threshold 0.04
[2025-03-10 16:32:11] CRITICAL violation for gpu_utilization:
  Value: 0.35 (Threshold: 0.20)
  Trend: stable

[2025-03-10 16:32:11] CRITICAL: gpu_utilization
Value 0.35 exceeds critical threshold 0.04
[2025-03-10 16:32:11] CRITICAL violation for gpu_utilization:
  Value: 0.25 (Threshold: 0.20)
  Trend: stable

[2025-03-10 16:32:11] CRITICAL: gpu_utilization
Value 0.25 exceeds critical threshold 0.04
[2025-03-10 16:32:11] CRITICAL violation for gpu_utilization:
  Value: 0.21 (Threshold: 0.20)
  Trend: stable

[2025-03-10 16:32:11] CRITICAL: gpu_utilization
Value 0.21 exceeds critical threshold 0.04
[2025-03-10 16:32:11] CRITICAL violation for gpu_utilization:
  Value: 0.15 (Threshold: 0.19)
  Trend: stable

[2025-03-10 16:32:11] CRITICAL: gpu_utilization
Value 0.15 exceeds critical threshold 0.04
[2025-03-10 16:32:12] CRITICAL violation for gpu_utilization:
  Value: 0.09 (Threshold: 0.17)
  Trend: stable

[2025-03-10 16:32:12] CRITICAL: gpu_utilization
Value 0.09 exceeds critical threshold 0.03
[2025-03-10 16:32:12] CRITICAL violation for gpu_utilization:
  Value: 0.01 (Threshold: 0.13)
  Trend: stable

[2025-03-10 16:32:12] CRITICAL violation for gpu_utilization:
  Value: 0.20 (Threshold: 0.13)
  Trend: stable

[2025-03-10 16:32:12] CRITICAL: gpu_utilization
Value 0.20 exceeds critical threshold 0.03
[2025-03-10 16:32:12] CRITICAL violation for gpu_utilization:
  Value: 0.21 (Threshold: 0.13)
  Trend: stable

[2025-03-10 16:32:12] CRITICAL: gpu_utilization
Value 0.21 exceeds critical threshold 0.03
[2025-03-10 16:32:12] CRITICAL violation for gpu_utilization:
  Value: 0.22 (Threshold: 0.14)
  Trend: stable

[2025-03-10 16:32:12] CRITICAL: gpu_utilization
Value 0.22 exceeds critical threshold 0.03
[2025-03-10 16:32:12] CRITICAL violation for gpu_utilization:
  Value: 0.12 (Threshold: 0.11)
  Trend: stable

[2025-03-10 16:32:12] CRITICAL: gpu_utilization
Value 0.12 exceeds critical threshold 0.02
[2025-03-10 16:32:12] CRITICAL violation for gpu_utilization:
  Value: 0.18 (Threshold: 0.11)
  Trend: stable

[2025-03-10 16:32:12] CRITICAL: gpu_utilization
Value 0.18 exceeds critical threshold 0.02
[2025-03-10 16:32:12] CRITICAL violation for gpu_utilization:
  Value: 0.29 (Threshold: 0.12)
  Trend: stable

[2025-03-10 16:32:12] CRITICAL: gpu_utilization
Value 0.29 exceeds critical threshold 0.02
[2025-03-10 16:32:13] CRITICAL violation for gpu_utilization:
  Value: 0.27 (Threshold: 0.12)
  Trend: stable

[2025-03-10 16:32:13] CRITICAL: gpu_utilization
Value 0.27 exceeds critical threshold 0.02
[2025-03-10 16:32:13] CRITICAL violation for memory_ratio:
  Value: 6.60 (Threshold: 4.36)
  Trend: stable

[2025-03-10 16:32:13] CRITICAL: memory_ratio
Value 6.60 exceeds critical threshold 6.54
[2025-03-10 16:32:13] CRITICAL violation for gpu_utilization:
  Value: 0.20 (Threshold: 0.12)
  Trend: stable

[2025-03-10 16:32:13] CRITICAL: gpu_utilization
Value 0.20 exceeds critical threshold 0.02
[2025-03-10 16:32:13] CRITICAL violation for memory_ratio:
  Value: 3.71 (Threshold: 4.36)
  Trend: stable

[2025-03-10 16:32:13] CRITICAL violation for gpu_utilization:
  Value: 0.07 (Threshold: 0.10)
  Trend: stable

[2025-03-10 16:32:13] CRITICAL: gpu_utilization
Value 0.07 exceeds critical threshold 0.02
[2025-03-10 16:32:13] CRITICAL violation for memory_ratio:
  Value: 3.23 (Threshold: 4.36)
  Trend: stable

[2025-03-10 16:32:13] CRITICAL violation for gpu_utilization:
  Value: 0.10 (Threshold: 0.10)
  Trend: stable

[2025-03-10 16:32:13] CRITICAL: gpu_utilization
Value 0.10 exceeds critical threshold 0.02
[2025-03-10 16:32:14] CRITICAL violation for memory_ratio:
  Value: 4.30 (Threshold: 4.35)
  Trend: stable

[2025-03-10 16:32:14] CRITICAL violation for gpu_utilization:
  Value: 0.15 (Threshold: 0.10)
  Trend: stable

[2025-03-10 16:32:14] CRITICAL: gpu_utilization
Value 0.15 exceeds critical threshold 0.02
[2025-03-10 16:32:15] CRITICAL violation for memory_ratio:
  Value: 3.18 (Threshold: 4.35)
  Trend: stable

[2025-03-10 16:32:15] CRITICAL violation for gpu_utilization:
  Value: 0.03 (Threshold: 0.09)
  Trend: stable

[2025-03-10 16:32:15] CRITICAL: gpu_utilization
Value 0.03 exceeds critical threshold 0.02
[2025-03-10 16:32:15] CRITICAL violation for memory_ratio:
  Value: 3.79 (Threshold: 4.35)
  Trend: stable

[2025-03-10 16:32:15] CRITICAL violation for gpu_utilization:
  Value: -0.11 (Threshold: 0.07)
  Trend: stable

[2025-03-10 16:32:15] CRITICAL violation for memory_ratio:
  Value: 3.83 (Threshold: 4.35)
  Trend: stable

[2025-03-10 16:32:15] CRITICAL violation for gpu_utilization:
  Value: 0.14 (Threshold: 0.07)
  Trend: stable

[2025-03-10 16:32:15] CRITICAL: gpu_utilization
Value 0.14 exceeds critical threshold 0.01
[2025-03-10 16:32:16] CRITICAL violation for memory_ratio:
  Value: 3.48 (Threshold: 4.35)
  Trend: stable

[2025-03-10 16:32:16] CRITICAL violation for gpu_utilization:
  Value: -0.15 (Threshold: 0.06)
  Trend: decreasing

[2025-03-10 16:32:16] CRITICAL violation for memory_ratio:
  Value: 4.49 (Threshold: 4.44)
  Trend: stable

[2025-03-10 16:32:16] CRITICAL violation for gpu_utilization:
  Value: -0.10 (Threshold: 0.04)
  Trend: decreasing

[2025-03-10 16:32:17] CRITICAL violation for memory_ratio:
  Value: 3.42 (Threshold: 4.43)
  Trend: stable

[2025-03-10 16:32:17] CRITICAL violation for gpu_utilization:
  Value: 0.02 (Threshold: 0.02)
  Trend: stable

[2025-03-10 16:32:17] CRITICAL: gpu_utilization
Value 0.02 exceeds critical threshold 0.00
[2025-03-10 16:32:17] CRITICAL violation for memory_ratio:
  Value: 3.30 (Threshold: 4.43)
  Trend: stable

[2025-03-10 16:32:17] CRITICAL violation for gpu_utilization:
  Value: -0.18 (Threshold: 0.02)
  Trend: stable

[2025-03-10 16:32:17] CRITICAL violation for memory_ratio:
  Value: 4.26 (Threshold: 4.42)
  Trend: stable

[2025-03-10 16:32:17] CRITICAL violation for gpu_utilization:
  Value: -0.11 (Threshold: -0.04)
  Trend: stable

[2025-03-10 16:32:17] CRITICAL: gpu_utilization
Value -0.11 exceeds critical threshold -0.01
[2025-03-10 16:32:17] CRITICAL violation for memory_ratio:
  Value: 4.26 (Threshold: 4.41)
  Trend: stable

[2025-03-10 16:32:17] CRITICAL violation for gpu_utilization:
  Value: -0.21 (Threshold: -0.10)
  Trend: stable

[2025-03-10 16:32:17] CRITICAL: gpu_utilization
Value -0.21 exceeds critical threshold -0.02
[2025-03-10 16:32:18] CRITICAL violation for memory_ratio:
  Value: 4.19 (Threshold: 4.41)
  Trend: stable

[2025-03-10 16:32:18] CRITICAL violation for gpu_utilization:
  Value: -0.14 (Threshold: -0.11)
  Trend: stable

[2025-03-10 16:32:18] CRITICAL: gpu_utilization
Value -0.14 exceeds critical threshold -0.02
[2025-03-10 16:32:18] CRITICAL violation for memory_ratio:
  Value: 4.74 (Threshold: 4.57)
  Trend: stable

[2025-03-10 16:32:18] CRITICAL violation for gpu_utilization:
  Value: -0.00 (Threshold: -0.11)
  Trend: stable

[2025-03-10 16:32:18] CRITICAL: gpu_utilization
Value -0.00 exceeds critical threshold -0.02
[2025-03-10 16:32:18] CRITICAL violation for memory_ratio:
  Value: 3.83 (Threshold: 4.55)
  Trend: stable

[2025-03-10 16:32:18] CRITICAL violation for gpu_utilization:
  Value: -0.14 (Threshold: -0.12)
  Trend: stable

[2025-03-10 16:32:18] CRITICAL: gpu_utilization
Value -0.14 exceeds critical threshold -0.02
[2025-03-10 16:32:18] CRITICAL violation for memory_ratio:
  Value: 3.53 (Threshold: 4.54)
  Trend: stable

[2025-03-10 16:32:18] CRITICAL violation for gpu_utilization:
  Value: -0.09 (Threshold: -0.12)
  Trend: stable

[2025-03-10 16:32:18] CRITICAL: gpu_utilization
Value -0.09 exceeds critical threshold -0.02
[2025-03-10 16:32:18] CRITICAL violation for memory_ratio:
  Value: 3.85 (Threshold: 4.53)
  Trend: stable

[2025-03-10 16:32:18] CRITICAL violation for gpu_utilization:
  Value: -0.14 (Threshold: -0.14)
  Trend: stable

[2025-03-10 16:32:18] CRITICAL: gpu_utilization
Value -0.14 exceeds critical threshold -0.03
[2025-03-10 16:32:18] CRITICAL violation for memory_ratio:
  Value: 4.29 (Threshold: 4.52)
  Trend: stable

[2025-03-10 16:32:18] CRITICAL violation for gpu_utilization:
  Value: 0.03 (Threshold: -0.14)
  Trend: stable

[2025-03-10 16:32:18] CRITICAL: gpu_utilization
Value 0.03 exceeds critical threshold -0.03
[2025-03-10 16:32:18] CRITICAL violation for memory_ratio:
  Value: 4.18 (Threshold: 4.50)
  Trend: stable

[2025-03-10 16:32:18] CRITICAL violation for gpu_utilization:
  Value: 0.06 (Threshold: -0.14)
  Trend: stable

[2025-03-10 16:32:18] CRITICAL: gpu_utilization
Value 0.06 exceeds critical threshold -0.03
[2025-03-10 16:32:18] CRITICAL violation for memory_ratio:
  Value: 3.06 (Threshold: 4.50)
  Trend: stable

[2025-03-10 16:32:18] CRITICAL violation for gpu_utilization:
  Value: 0.02 (Threshold: -0.14)
  Trend: stable

[2025-03-10 16:32:18] CRITICAL: gpu_utilization
Value 0.02 exceeds critical threshold -0.03
[2025-03-10 16:32:18] CRITICAL violation for memory_ratio:
  Value: 4.20 (Threshold: 4.50)
  Trend: stable

[2025-03-10 16:32:18] CRITICAL violation for gpu_utilization:
  Value: -0.03 (Threshold: -0.14)
  Trend: stable

[2025-03-10 16:32:18] CRITICAL: gpu_utilization
Value -0.03 exceeds critical threshold -0.03
[2025-03-10 16:32:18] CRITICAL violation for memory_ratio:
  Value: 3.99 (Threshold: 4.50)
  Trend: stable

[2025-03-10 16:32:18] CRITICAL violation for gpu_utilization:
  Value: -0.17 (Threshold: -0.14)
  Trend: stable

[2025-03-10 16:32:18] CRITICAL: gpu_utilization
Value -0.17 exceeds critical threshold -0.03
[2025-03-10 16:32:19] CRITICAL violation for memory_ratio:
  Value: 3.68 (Threshold: 4.50)
  Trend: stable

[2025-03-10 16:32:19] CRITICAL violation for gpu_utilization:
  Value: -0.06 (Threshold: -0.14)
  Trend: stable

[2025-03-10 16:32:19] CRITICAL: gpu_utilization
Value -0.06 exceeds critical threshold -0.03
[2025-03-10 16:32:19] CRITICAL violation for memory_ratio:
  Value: 3.81 (Threshold: 4.50)
  Trend: stable

[2025-03-10 16:32:19] CRITICAL violation for gpu_utilization:
  Value: -0.12 (Threshold: -0.14)
  Trend: stable

[2025-03-10 16:32:19] CRITICAL: gpu_utilization
Value -0.12 exceeds critical threshold -0.03
[2025-03-10 16:32:19] CRITICAL violation for memory_ratio:
  Value: 4.59 (Threshold: 4.60)
  Trend: stable

[2025-03-10 16:32:19] CRITICAL violation for gpu_utilization:
  Value: -0.17 (Threshold: -0.14)
  Trend: stable

[2025-03-10 16:32:19] CRITICAL: gpu_utilization
Value -0.17 exceeds critical threshold -0.03
[2025-03-10 16:32:19] CRITICAL violation for memory_ratio:
  Value: 6.55 (Threshold: 4.74)
  Trend: stable

[2025-03-10 16:32:19] WARNING: memory_ratio
Value 6.55 exceeds warning threshold 5.69
[2025-03-10 16:32:19] CRITICAL violation for gpu_utilization:
  Value: -0.11 (Threshold: -0.14)
  Trend: stable

[2025-03-10 16:32:19] CRITICAL: gpu_utilization
Value -0.11 exceeds critical threshold -0.03
[2025-03-10 16:32:19] CRITICAL violation for memory_ratio:
  Value: 6.03 (Threshold: 4.77)
  Trend: stable

[2025-03-10 16:32:19] WARNING: memory_ratio
Value 6.03 exceeds warning threshold 5.73
[2025-03-10 16:32:19] CRITICAL violation for gpu_utilization:
  Value: -0.18 (Threshold: -0.15)
  Trend: decreasing

[2025-03-10 16:32:19] CRITICAL: gpu_utilization
Value -0.18 exceeds critical threshold -0.03
[2025-03-10 16:32:20] CRITICAL violation for memory_ratio:
  Value: 4.41 (Threshold: 4.77)
  Trend: stable

[2025-03-10 16:32:20] CRITICAL violation for gpu_utilization:
  Value: 0.01 (Threshold: -0.15)
  Trend: stable

[2025-03-10 16:32:20] CRITICAL: gpu_utilization
Value 0.01 exceeds critical threshold -0.03
[2025-03-10 16:32:20] CRITICAL violation for memory_ratio:
  Value: 3.46 (Threshold: 4.77)
  Trend: stable

[2025-03-10 16:32:20] CRITICAL violation for gpu_utilization:
  Value: -0.16 (Threshold: -0.16)
  Trend: stable

[2025-03-10 16:32:20] CRITICAL: gpu_utilization
Value -0.16 exceeds critical threshold -0.03
[2025-03-10 16:32:20] CRITICAL violation for memory_ratio:
  Value: 4.03 (Threshold: 4.77)
  Trend: stable

[2025-03-10 16:32:20] CRITICAL violation for gpu_utilization:
  Value: -0.24 (Threshold: -0.17)
  Trend: stable

[2025-03-10 16:32:20] CRITICAL: gpu_utilization
Value -0.24 exceeds critical threshold -0.03
[2025-03-10 16:32:20] CRITICAL violation for memory_ratio:
  Value: 3.96 (Threshold: 4.77)
  Trend: stable

[2025-03-10 16:32:20] WARNING violation for cpu_threshold:
  Value: 131.52 (Threshold: 94.29)
  Trend: stable

[2025-03-10 16:32:20] WARNING: cpu_threshold
Value 131.52 exceeds warning threshold 113.14
[2025-03-10 16:32:20] CRITICAL violation for gpu_utilization:
  Value: -0.32 (Threshold: -0.17)
  Trend: stable

[2025-03-10 16:32:20] CRITICAL: gpu_utilization
Value -0.32 exceeds critical threshold -0.03
[2025-03-10 16:32:20] CRITICAL violation for memory_ratio:
  Value: 4.14 (Threshold: 4.77)
  Trend: stable

[2025-03-10 16:32:20] CRITICAL violation for cpu_threshold:
  Value: 76.22 (Threshold: 94.29)
  Trend: stable

[2025-03-10 16:32:20] CRITICAL violation for gpu_utilization:
  Value: -0.28 (Threshold: -0.18)
  Trend: stable

[2025-03-10 16:32:20] CRITICAL: gpu_utilization
Value -0.28 exceeds critical threshold -0.04
[2025-03-10 16:32:21] CRITICAL violation for memory_ratio:
  Value: 4.26 (Threshold: 4.77)
  Trend: stable

[2025-03-10 16:32:21] CRITICAL violation for cpu_threshold:
  Value: 75.50 (Threshold: 94.29)
  Trend: stable

[2025-03-10 16:32:21] CRITICAL violation for memory_ratio:
  Value: 4.42 (Threshold: 4.77)
  Trend: stable

[2025-03-10 16:32:21] CRITICAL violation for cpu_threshold:
  Value: 44.03 (Threshold: 94.29)
  Trend: stable

[2025-03-10 16:32:21] CRITICAL violation for gpu_utilization:
  Value: -0.10 (Threshold: -0.18)
  Trend: stable

[2025-03-10 16:32:21] CRITICAL: gpu_utilization
Value -0.10 exceeds critical threshold -0.04
[2025-03-10 16:32:21] CRITICAL violation for memory_ratio:
  Value: 4.41 (Threshold: 4.77)
  Trend: stable

[2025-03-10 16:32:21] CRITICAL violation for cpu_threshold:
  Value: 52.01 (Threshold: 94.29)
  Trend: stable

[2025-03-10 16:32:21] CRITICAL violation for gpu_utilization:
  Value: -0.11 (Threshold: -0.18)
  Trend: stable

[2025-03-10 16:32:21] CRITICAL: gpu_utilization
Value -0.11 exceeds critical threshold -0.04
[2025-03-10 16:32:21] CRITICAL violation for memory_ratio:
  Value: 4.52 (Threshold: 4.77)
  Trend: stable

[2025-03-10 16:32:21] CRITICAL violation for cpu_threshold:
  Value: 71.28 (Threshold: 94.29)
  Trend: stable

[2025-03-10 16:32:21] CRITICAL violation for gpu_utilization:
  Value: -0.17 (Threshold: -0.18)
  Trend: stable

[2025-03-10 16:32:21] CRITICAL: gpu_utilization
Value -0.17 exceeds critical threshold -0.04
[2025-03-10 16:32:21] CRITICAL violation for memory_ratio:
  Value: 4.03 (Threshold: 4.77)
  Trend: stable

[2025-03-10 16:32:21] CRITICAL violation for cpu_threshold:
  Value: 83.02 (Threshold: 94.29)
  Trend: stable

[2025-03-10 16:32:21] CRITICAL violation for gpu_utilization:
  Value: -0.18 (Threshold: -0.18)
  Trend: stable

[2025-03-10 16:32:21] CRITICAL: gpu_utilization
Value -0.18 exceeds critical threshold -0.04
[2025-03-10 16:32:21] CRITICAL violation for memory_ratio:
  Value: 4.86 (Threshold: 4.81)
  Trend: increasing

[2025-03-10 16:32:21] CRITICAL violation for cpu_threshold:
  Value: 76.04 (Threshold: 94.29)
  Trend: stable

[2025-03-10 16:32:21] CRITICAL violation for gpu_utilization:
  Value: -0.17 (Threshold: -0.18)
  Trend: stable

[2025-03-10 16:32:21] CRITICAL: gpu_utilization
Value -0.17 exceeds critical threshold -0.04
[2025-03-10 16:32:22] CRITICAL violation for memory_ratio:
  Value: 4.10 (Threshold: 4.81)
  Trend: stable

[2025-03-10 16:32:22] CRITICAL violation for cpu_threshold:
  Value: 83.57 (Threshold: 94.29)
  Trend: stable

[2025-03-10 16:32:22] CRITICAL violation for gpu_utilization:
  Value: -0.25 (Threshold: -0.18)
  Trend: stable

[2025-03-10 16:32:22] CRITICAL: gpu_utilization
Value -0.25 exceeds critical threshold -0.04
[2025-03-10 16:32:22] CRITICAL violation for memory_ratio:
  Value: 3.96 (Threshold: 4.81)
  Trend: stable

[2025-03-10 16:32:22] CRITICAL violation for cpu_threshold:
  Value: 76.06 (Threshold: 94.29)
  Trend: stable

[2025-03-10 16:32:22] CRITICAL violation for gpu_utilization:
  Value: -0.23 (Threshold: -0.21)
  Trend: stable

[2025-03-10 16:32:22] CRITICAL: gpu_utilization
Value -0.23 exceeds critical threshold -0.04
[2025-03-10 16:32:23] CRITICAL violation for memory_ratio:
  Value: 4.66 (Threshold: 4.81)
  Trend: stable

[2025-03-10 16:32:23] CRITICAL violation for cpu_threshold:
  Value: 89.78 (Threshold: 94.29)
  Trend: stable

[2025-03-10 16:32:23] CRITICAL violation for gpu_utilization:
  Value: -0.24 (Threshold: -0.23)
  Trend: stable

[2025-03-10 16:32:23] CRITICAL: gpu_utilization
Value -0.24 exceeds critical threshold -0.05
[2025-03-10 16:32:23] CRITICAL violation for memory_ratio:
  Value: 4.16 (Threshold: 4.81)
  Trend: stable

[2025-03-10 16:32:23] CRITICAL violation for cpu_threshold:
  Value: 77.08 (Threshold: 94.29)
  Trend: stable

[2025-03-10 16:32:23] CRITICAL violation for gpu_utilization:
  Value: -0.07 (Threshold: -0.23)
  Trend: stable

[2025-03-10 16:32:23] CRITICAL: gpu_utilization
Value -0.07 exceeds critical threshold -0.05
[2025-03-10 16:32:24] CRITICAL violation for memory_ratio:
  Value: 4.44 (Threshold: 4.81)
  Trend: stable

[2025-03-10 16:32:24] CRITICAL violation for cpu_threshold:
  Value: 57.68 (Threshold: 94.29)
  Trend: stable

[2025-03-10 16:32:24] CRITICAL violation for gpu_utilization:
  Value: -0.03 (Threshold: -0.23)
  Trend: stable

[2025-03-10 16:32:24] CRITICAL: gpu_utilization
Value -0.03 exceeds critical threshold -0.05
[2025-03-10 16:32:24] CRITICAL violation for memory_ratio:
  Value: 4.52 (Threshold: 4.81)
  Trend: stable

[2025-03-10 16:32:24] CRITICAL violation for cpu_threshold:
  Value: 76.76 (Threshold: 94.29)
  Trend: stable

[2025-03-10 16:32:24] CRITICAL violation for gpu_utilization:
  Value: -0.26 (Threshold: -0.24)
  Trend: stable

[2025-03-10 16:32:24] CRITICAL: gpu_utilization
Value -0.26 exceeds critical threshold -0.05
[2025-03-10 16:32:25] CRITICAL violation for memory_ratio:
  Value: 4.38 (Threshold: 4.81)
  Trend: stable

[2025-03-10 16:32:25] CRITICAL violation for cpu_threshold:
  Value: 53.82 (Threshold: 94.29)
  Trend: stable

[2025-03-10 16:32:25] CRITICAL violation for gpu_utilization:
  Value: -0.16 (Threshold: -0.24)
  Trend: stable

[2025-03-10 16:32:25] CRITICAL: gpu_utilization
Value -0.16 exceeds critical threshold -0.05
[2025-03-10 16:32:25] CRITICAL violation for memory_ratio:
  Value: 5.33 (Threshold: 4.88)
  Trend: stable

[2025-03-10 16:32:25] CRITICAL violation for cpu_threshold:
  Value: 73.70 (Threshold: 94.29)
  Trend: stable

[2025-03-10 16:32:25] CRITICAL violation for gpu_utilization:
  Value: -0.02 (Threshold: -0.24)
  Trend: stable

[2025-03-10 16:32:25] CRITICAL: gpu_utilization
Value -0.02 exceeds critical threshold -0.05
[2025-03-10 16:32:27] CRITICAL violation for memory_ratio:
  Value: 4.97 (Threshold: 4.98)
  Trend: stable

[2025-03-10 16:32:27] CRITICAL violation for cpu_threshold:
  Value: 64.23 (Threshold: 90.00)
  Trend: stable

[2025-03-10 16:32:27] CRITICAL violation for gpu_utilization:
  Value: -0.17 (Threshold: -0.24)
  Trend: stable

[2025-03-10 16:32:27] CRITICAL: gpu_utilization
Value -0.17 exceeds critical threshold -0.05
[2025-03-10 16:32:27] CRITICAL violation for memory_ratio:
  Value: 5.61 (Threshold: 5.21)
  Trend: increasing

[2025-03-10 16:32:27] CRITICAL violation for cpu_threshold:
  Value: 67.01 (Threshold: 90.00)
  Trend: stable

[2025-03-10 16:32:27] CRITICAL violation for gpu_utilization:
  Value: -0.05 (Threshold: -0.24)
  Trend: stable

[2025-03-10 16:32:27] CRITICAL: gpu_utilization
Value -0.05 exceeds critical threshold -0.05
[2025-03-10 16:32:27] CRITICAL violation for memory_ratio:
  Value: 5.47 (Threshold: 5.33)
  Trend: increasing

[2025-03-10 16:32:27] CRITICAL violation for cpu_threshold:
  Value: 84.26 (Threshold: 88.28)
  Trend: stable

[2025-03-10 16:32:27] CRITICAL violation for gpu_utilization:
  Value: -0.09 (Threshold: -0.24)
  Trend: stable

[2025-03-10 16:32:27] CRITICAL: gpu_utilization
Value -0.09 exceeds critical threshold -0.05
[2025-03-10 16:32:27] CRITICAL violation for memory_ratio:
  Value: 5.38 (Threshold: 5.38)
  Trend: increasing

[2025-03-10 16:32:27] CRITICAL violation for cpu_threshold:
  Value: 55.73 (Threshold: 88.28)
  Trend: stable

[2025-03-10 16:32:27] CRITICAL violation for gpu_utilization:
  Value: 0.00 (Threshold: -0.24)
  Trend: stable

[2025-03-10 16:32:27] CRITICAL: gpu_utilization
Value 0.00 exceeds critical threshold -0.05
[2025-03-10 16:32:27] CRITICAL violation for memory_ratio:
  Value: 5.23 (Threshold: 5.38)
  Trend: increasing

[2025-03-10 16:32:27] CRITICAL violation for cpu_threshold:
  Value: 67.35 (Threshold: 88.28)
  Trend: stable

[2025-03-10 16:32:27] CRITICAL violation for gpu_utilization:
  Value: -0.20 (Threshold: -0.24)
  Trend: stable

[2025-03-10 16:32:27] CRITICAL: gpu_utilization
Value -0.20 exceeds critical threshold -0.05
[2025-03-10 16:32:27] CRITICAL violation for memory_ratio:
  Value: 6.98 (Threshold: 5.47)
  Trend: increasing

[2025-03-10 16:32:27] WARNING: memory_ratio
Value 6.98 exceeds warning threshold 6.57
[2025-03-10 16:32:27] CRITICAL violation for cpu_threshold:
  Value: 73.34 (Threshold: 87.42)
  Trend: stable

[2025-03-10 16:32:27] CRITICAL violation for gpu_utilization:
  Value: -0.22 (Threshold: -0.24)
  Trend: stable

[2025-03-10 16:32:27] CRITICAL: gpu_utilization
Value -0.22 exceeds critical threshold -0.05
[2025-03-10 16:32:27] CRITICAL violation for memory_ratio:
  Value: 4.85 (Threshold: 5.47)
  Trend: stable

[2025-03-10 16:32:27] CRITICAL violation for cpu_threshold:
  Value: 83.33 (Threshold: 87.42)
  Trend: stable

[2025-03-10 16:32:27] CRITICAL violation for gpu_utilization:
  Value: -0.01 (Threshold: -0.24)
  Trend: stable

[2025-03-10 16:32:27] CRITICAL: gpu_utilization
Value -0.01 exceeds critical threshold -0.05
[2025-03-10 16:32:27] CRITICAL violation for memory_ratio:
  Value: 4.95 (Threshold: 5.47)
  Trend: stable

[2025-03-10 16:32:27] CRITICAL violation for cpu_threshold:
  Value: 82.42 (Threshold: 86.85)
  Trend: stable

[2025-03-10 16:32:27] CRITICAL violation for gpu_utilization:
  Value: -0.00 (Threshold: -0.24)
  Trend: stable

[2025-03-10 16:32:27] CRITICAL: gpu_utilization
Value -0.00 exceeds critical threshold -0.05
[2025-03-10 16:32:27] CRITICAL violation for memory_ratio:
  Value: 5.20 (Threshold: 5.47)
  Trend: stable

[2025-03-10 16:32:27] CRITICAL violation for cpu_threshold:
  Value: 78.52 (Threshold: 86.85)
  Trend: stable

[2025-03-10 16:32:27] CRITICAL violation for gpu_utilization:
  Value: -0.22 (Threshold: -0.24)
  Trend: stable

[2025-03-10 16:32:27] CRITICAL: gpu_utilization
Value -0.22 exceeds critical threshold -0.05
[2025-03-10 16:32:27] CRITICAL violation for memory_ratio:
  Value: 4.18 (Threshold: 5.47)
  Trend: stable

[2025-03-10 16:32:27] CRITICAL violation for cpu_threshold:
  Value: 116.17 (Threshold: 87.50)
  Trend: stable

[2025-03-10 16:32:27] WARNING: cpu_threshold
Value 116.17 exceeds warning threshold 105.00
[2025-03-10 16:32:27] CRITICAL violation for gpu_utilization:
  Value: 0.07 (Threshold: -0.24)
  Trend: stable

[2025-03-10 16:32:27] CRITICAL: gpu_utilization
Value 0.07 exceeds critical threshold -0.05
[2025-03-10 16:32:28] CRITICAL violation for memory_ratio:
  Value: 4.75 (Threshold: 5.47)
  Trend: stable

[2025-03-10 16:32:28] CRITICAL violation for cpu_threshold:
  Value: 67.56 (Threshold: 87.50)
  Trend: stable

[2025-03-10 16:32:28] CRITICAL violation for gpu_utilization:
  Value: 0.04 (Threshold: -0.24)
  Trend: stable

[2025-03-10 16:32:28] CRITICAL: gpu_utilization
Value 0.04 exceeds critical threshold -0.05
[2025-03-10 16:32:28] CRITICAL violation for memory_ratio:
  Value: 5.02 (Threshold: 5.47)
  Trend: stable

[2025-03-10 16:32:28] CRITICAL violation for cpu_threshold:
  Value: 84.06 (Threshold: 87.50)
  Trend: stable

[2025-03-10 16:32:28] CRITICAL violation for gpu_utilization:
  Value: -0.02 (Threshold: -0.24)
  Trend: stable

[2025-03-10 16:32:28] CRITICAL: gpu_utilization
Value -0.02 exceeds critical threshold -0.05
[2025-03-10 16:32:28] CRITICAL violation for memory_ratio:
  Value: 5.05 (Threshold: 5.47)
  Trend: stable

[2025-03-10 16:32:28] CRITICAL violation for cpu_threshold:
  Value: 95.08 (Threshold: 90.00)
  Trend: stable

[2025-03-10 16:32:28] CRITICAL violation for gpu_utilization:
  Value: 0.07 (Threshold: -0.24)
  Trend: stable

[2025-03-10 16:32:28] CRITICAL: gpu_utilization
Value 0.07 exceeds critical threshold -0.05
[2025-03-10 16:32:28] CRITICAL violation for memory_ratio:
  Value: 5.52 (Threshold: 5.52)
  Trend: stable

[2025-03-10 16:32:28] CRITICAL violation for cpu_threshold:
  Value: 79.82 (Threshold: 90.00)
  Trend: stable

[2025-03-10 16:32:28] CRITICAL violation for gpu_utilization:
  Value: -0.06 (Threshold: -0.24)
  Trend: stable

[2025-03-10 16:32:28] CRITICAL: gpu_utilization
Value -0.06 exceeds critical threshold -0.05
[2025-03-10 16:32:28] CRITICAL violation for memory_ratio:
  Value: 4.52 (Threshold: 5.52)
  Trend: stable

[2025-03-10 16:32:28] CRITICAL violation for cpu_threshold:
  Value: 84.35 (Threshold: 90.00)
  Trend: stable

[2025-03-10 16:32:28] CRITICAL violation for gpu_utilization:
  Value: -0.03 (Threshold: -0.24)
  Trend: stable

[2025-03-10 16:32:28] CRITICAL: gpu_utilization
Value -0.03 exceeds critical threshold -0.05
[2025-03-10 16:32:28] CRITICAL violation for memory_ratio:
  Value: 4.55 (Threshold: 5.52)
  Trend: stable

[2025-03-10 16:32:28] CRITICAL violation for cpu_threshold:
  Value: 69.53 (Threshold: 90.00)
  Trend: stable

[2025-03-10 16:32:28] CRITICAL violation for gpu_utilization:
  Value: -0.12 (Threshold: -0.24)
  Trend: stable

[2025-03-10 16:32:28] CRITICAL: gpu_utilization
Value -0.12 exceeds critical threshold -0.05
[2025-03-10 16:32:29] CRITICAL violation for memory_ratio:
  Value: 5.44 (Threshold: 5.52)
  Trend: stable

[2025-03-10 16:32:29] CRITICAL violation for cpu_threshold:
  Value: 70.77 (Threshold: 90.00)
  Trend: stable

[2025-03-10 16:32:29] CRITICAL violation for gpu_utilization:
  Value: 0.02 (Threshold: -0.24)
  Trend: stable

[2025-03-10 16:32:29] CRITICAL: gpu_utilization
Value 0.02 exceeds critical threshold -0.05
[2025-03-10 16:32:29] CRITICAL violation for memory_ratio:
  Value: 5.23 (Threshold: 5.52)
  Trend: stable

[2025-03-10 16:32:29] CRITICAL violation for cpu_threshold:
  Value: 55.48 (Threshold: 90.00)
  Trend: stable

[2025-03-10 16:32:29] CRITICAL violation for gpu_utilization:
  Value: 0.12 (Threshold: -0.24)
  Trend: stable

[2025-03-10 16:32:29] CRITICAL: gpu_utilization
Value 0.12 exceeds critical threshold -0.05
[2025-03-10 16:32:29] CRITICAL violation for memory_ratio:
  Value: 5.21 (Threshold: 5.52)
  Trend: stable

[2025-03-10 16:32:29] CRITICAL violation for cpu_threshold:
  Value: 71.79 (Threshold: 90.00)
  Trend: stable

[2025-03-10 16:32:29] CRITICAL violation for gpu_utilization:
  Value: -0.18 (Threshold: -0.24)
  Trend: stable

[2025-03-10 16:32:29] CRITICAL: gpu_utilization
Value -0.18 exceeds critical threshold -0.05
[2025-03-10 16:32:29] CRITICAL violation for memory_ratio:
  Value: 4.06 (Threshold: 5.52)
  Trend: stable

[2025-03-10 16:32:29] CRITICAL violation for cpu_threshold:
  Value: 60.87 (Threshold: 87.50)
  Trend: stable

[2025-03-10 16:32:29] CRITICAL violation for gpu_utilization:
  Value: -0.09 (Threshold: -0.24)
  Trend: stable

[2025-03-10 16:32:29] CRITICAL: gpu_utilization
Value -0.09 exceeds critical threshold -0.05
[2025-03-10 16:32:29] CRITICAL violation for memory_ratio:
  Value: 5.53 (Threshold: 5.54)
  Trend: stable

[2025-03-10 16:32:29] CRITICAL violation for cpu_threshold:
  Value: 82.36 (Threshold: 87.50)
  Trend: stable

[2025-03-10 16:32:29] CRITICAL violation for gpu_utilization:
  Value: -0.01 (Threshold: -0.24)
  Trend: stable

[2025-03-10 16:32:29] CRITICAL: gpu_utilization
Value -0.01 exceeds critical threshold -0.05
[2025-03-10 16:32:29] CRITICAL violation for memory_ratio:
  Value: 5.18 (Threshold: 5.54)
  Trend: stable

[2025-03-10 16:32:29] CRITICAL violation for cpu_threshold:
  Value: 67.54 (Threshold: 87.50)
  Trend: stable

[2025-03-10 16:32:29] CRITICAL violation for gpu_utilization:
  Value: 0.03 (Threshold: -0.24)
  Trend: stable

[2025-03-10 16:32:29] CRITICAL: gpu_utilization
Value 0.03 exceeds critical threshold -0.05
[2025-03-10 16:32:30] CRITICAL violation for memory_ratio:
  Value: 4.91 (Threshold: 5.54)
  Trend: stable

[2025-03-10 16:32:30] CRITICAL violation for cpu_threshold:
  Value: 89.14 (Threshold: 89.18)
  Trend: stable

[2025-03-10 16:32:30] CRITICAL violation for gpu_utilization:
  Value: -0.01 (Threshold: -0.24)
  Trend: stable

[2025-03-10 16:32:30] CRITICAL: gpu_utilization
Value -0.01 exceeds critical threshold -0.05
[2025-03-10 16:32:30] CRITICAL violation for memory_ratio:
  Value: 4.30 (Threshold: 5.54)
  Trend: stable

[2025-03-10 16:32:30] CRITICAL violation for cpu_threshold:
  Value: 52.36 (Threshold: 89.18)
  Trend: stable

[2025-03-10 16:32:30] CRITICAL violation for gpu_utilization:
  Value: -0.07 (Threshold: -0.24)
  Trend: stable

[2025-03-10 16:32:30] CRITICAL: gpu_utilization
Value -0.07 exceeds critical threshold -0.05
[2025-03-10 16:32:30] CRITICAL violation for memory_ratio:
  Value: 6.85 (Threshold: 5.63)
  Trend: stable

[2025-03-10 16:32:30] WARNING: memory_ratio
Value 6.85 exceeds warning threshold 6.76
[2025-03-10 16:32:30] CRITICAL violation for cpu_threshold:
  Value: 85.67 (Threshold: 89.18)
  Trend: stable

[2025-03-10 16:32:30] CRITICAL violation for gpu_utilization:
  Value: 0.15 (Threshold: -0.24)
  Trend: stable

[2025-03-10 16:32:30] CRITICAL: gpu_utilization
Value 0.15 exceeds critical threshold -0.05
[2025-03-10 16:32:30] CRITICAL violation for memory_ratio:
  Value: 5.75 (Threshold: 5.77)
  Trend: stable

[2025-03-10 16:32:30] CRITICAL violation for cpu_threshold:
  Value: 68.36 (Threshold: 89.18)
  Trend: stable

[2025-03-10 16:32:30] CRITICAL violation for gpu_utilization:
  Value: -0.11 (Threshold: -0.24)
  Trend: stable

[2025-03-10 16:32:30] CRITICAL: gpu_utilization
Value -0.11 exceeds critical threshold -0.05
[2025-03-10 16:32:30] CRITICAL violation for memory_ratio:
  Value: 5.24 (Threshold: 5.77)
  Trend: stable

[2025-03-10 16:32:30] CRITICAL violation for cpu_threshold:
  Value: 58.55 (Threshold: 89.18)
  Trend: stable

[2025-03-10 16:32:30] CRITICAL violation for gpu_utilization:
  Value: -0.03 (Threshold: -0.24)
  Trend: stable

[2025-03-10 16:32:30] CRITICAL: gpu_utilization
Value -0.03 exceeds critical threshold -0.05
[2025-03-10 16:32:31] CRITICAL violation for memory_ratio:
  Value: 6.55 (Threshold: 6.06)
  Trend: stable

[2025-03-10 16:32:31] CRITICAL violation for cpu_threshold:
  Value: 129.54 (Threshold: 90.00)
  Trend: stable

[2025-03-10 16:32:31] WARNING: cpu_threshold
Value 129.54 exceeds warning threshold 108.01
[2025-03-10 16:32:31] CRITICAL violation for gpu_utilization:
  Value: 0.06 (Threshold: -0.24)
  Trend: stable

[2025-03-10 16:32:31] CRITICAL: gpu_utilization
Value 0.06 exceeds critical threshold -0.05
[2025-03-10 16:32:31] CRITICAL violation for memory_ratio:
  Value: 5.58 (Threshold: 6.06)
  Trend: stable

[2025-03-10 16:32:31] CRITICAL violation for cpu_threshold:
  Value: 73.91 (Threshold: 90.00)
  Trend: stable

[2025-03-10 16:32:31] CRITICAL violation for gpu_utilization:
  Value: 0.04 (Threshold: -0.24)
  Trend: stable

[2025-03-10 16:32:31] CRITICAL: gpu_utilization
Value 0.04 exceeds critical threshold -0.05
[2025-03-10 16:32:32] CRITICAL violation for memory_ratio:
  Value: 8.26 (Threshold: 6.55)
  Trend: stable

[2025-03-10 16:32:32] WARNING: memory_ratio
Value 8.26 exceeds warning threshold 7.86
[2025-03-10 16:32:32] CRITICAL violation for cpu_threshold:
  Value: 77.66 (Threshold: 90.00)
  Trend: stable

[2025-03-10 16:32:32] CRITICAL violation for gpu_utilization:
  Value: 0.05 (Threshold: -0.24)
  Trend: stable

[2025-03-10 16:32:32] CRITICAL: gpu_utilization
Value 0.05 exceeds critical threshold -0.05
[2025-03-10 16:32:32] CRITICAL violation for memory_ratio:
  Value: 5.45 (Threshold: 6.55)
  Trend: stable

[2025-03-10 16:32:32] CRITICAL violation for cpu_threshold:
  Value: 77.00 (Threshold: 90.00)
  Trend: stable

[2025-03-10 16:32:32] CRITICAL violation for gpu_utilization:
  Value: 0.07 (Threshold: -0.24)
  Trend: stable

[2025-03-10 16:32:32] CRITICAL: gpu_utilization
Value 0.07 exceeds critical threshold -0.05
[2025-03-10 16:32:33] CRITICAL violation for memory_ratio:
  Value: 5.64 (Threshold: 6.55)
  Trend: stable

[2025-03-10 16:32:33] CRITICAL violation for cpu_threshold:
  Value: 84.93 (Threshold: 90.00)
  Trend: stable

[2025-03-10 16:32:33] CRITICAL violation for gpu_utilization:
  Value: 0.09 (Threshold: -0.24)
  Trend: stable

[2025-03-10 16:32:33] CRITICAL: gpu_utilization
Value 0.09 exceeds critical threshold -0.05
[2025-03-10 16:32:33] CRITICAL violation for memory_ratio:
  Value: 7.88 (Threshold: 6.55)
  Trend: stable

[2025-03-10 16:32:33] WARNING: memory_ratio
Value 7.88 exceeds warning threshold 7.86
[2025-03-10 16:32:33] CRITICAL violation for cpu_threshold:
  Value: 72.80 (Threshold: 90.00)
  Trend: stable

[2025-03-10 16:32:33] CRITICAL violation for gpu_utilization:
  Value: 0.18 (Threshold: -0.24)
  Trend: stable

[2025-03-10 16:32:33] CRITICAL: gpu_utilization
Value 0.18 exceeds critical threshold -0.05
[2025-03-10 16:32:34] CRITICAL violation for memory_ratio:
  Value: 6.58 (Threshold: 6.58)
  Trend: stable

[2025-03-10 16:32:34] CRITICAL violation for cpu_threshold:
  Value: 79.49 (Threshold: 90.00)
  Trend: stable

[2025-03-10 16:32:34] CRITICAL violation for gpu_utilization:
  Value: 0.20 (Threshold: -0.24)
  Trend: stable

[2025-03-10 16:32:34] CRITICAL: gpu_utilization
Value 0.20 exceeds critical threshold -0.05
[2025-03-10 16:32:34] CRITICAL violation for memory_ratio:
  Value: 5.76 (Threshold: 6.58)
  Trend: stable

[2025-03-10 16:32:34] CRITICAL violation for cpu_threshold:
  Value: 60.28 (Threshold: 90.00)
  Trend: stable

[2025-03-10 16:32:34] CRITICAL violation for gpu_utilization:
  Value: 0.12 (Threshold: -0.24)
  Trend: increasing

[2025-03-10 16:32:34] CRITICAL: gpu_utilization
Value 0.12 exceeds critical threshold -0.05
[2025-03-10 16:32:34] CRITICAL violation for memory_ratio:
  Value: 5.07 (Threshold: 6.58)
  Trend: stable

[2025-03-10 16:32:34] CRITICAL violation for cpu_threshold:
  Value: 71.74 (Threshold: 90.00)
  Trend: stable

[2025-03-10 16:32:34] CRITICAL violation for gpu_utilization:
  Value: 0.14 (Threshold: -0.24)
  Trend: increasing

[2025-03-10 16:32:34] CRITICAL: gpu_utilization
Value 0.14 exceeds critical threshold -0.05
[2025-03-10 16:32:34] CRITICAL violation for memory_ratio:
  Value: 5.72 (Threshold: 6.58)
  Trend: stable

[2025-03-10 16:32:34] CRITICAL violation for cpu_threshold:
  Value: 81.65 (Threshold: 90.00)
  Trend: stable

[2025-03-10 16:32:34] CRITICAL violation for gpu_utilization:
  Value: 0.09 (Threshold: -0.24)
  Trend: stable

[2025-03-10 16:32:34] CRITICAL: gpu_utilization
Value 0.09 exceeds critical threshold -0.05
[2025-03-10 16:32:34] CRITICAL violation for memory_ratio:
  Value: 6.11 (Threshold: 6.58)
  Trend: stable

[2025-03-10 16:32:34] CRITICAL violation for cpu_threshold:
  Value: 74.25 (Threshold: 90.00)
  Trend: stable

[2025-03-10 16:32:34] CRITICAL violation for gpu_utilization:
  Value: 0.05 (Threshold: -0.24)
  Trend: stable

[2025-03-10 16:32:34] CRITICAL: gpu_utilization
Value 0.05 exceeds critical threshold -0.05
[2025-03-10 16:32:34] CRITICAL violation for memory_ratio:
  Value: 6.80 (Threshold: 6.61)
  Trend: stable

[2025-03-10 16:32:34] CRITICAL violation for cpu_threshold:
  Value: 60.77 (Threshold: 90.00)
  Trend: stable

[2025-03-10 16:32:34] CRITICAL violation for gpu_utilization:
  Value: 0.03 (Threshold: -0.24)
  Trend: stable

[2025-03-10 16:32:34] CRITICAL: gpu_utilization
Value 0.03 exceeds critical threshold -0.05
[2025-03-10 16:32:35] CRITICAL violation for memory_ratio:
  Value: 6.23 (Threshold: 6.61)
  Trend: stable

[2025-03-10 16:32:35] CRITICAL violation for cpu_threshold:
  Value: 84.30 (Threshold: 90.00)
  Trend: stable

[2025-03-10 16:32:35] CRITICAL violation for gpu_utilization:
  Value: 0.14 (Threshold: -0.24)
  Trend: stable

[2025-03-10 16:32:35] CRITICAL: gpu_utilization
Value 0.14 exceeds critical threshold -0.05
[2025-03-10 16:32:35] CRITICAL violation for memory_ratio:
  Value: 5.19 (Threshold: 6.61)
  Trend: stable

[2025-03-10 16:32:35] CRITICAL violation for cpu_threshold:
  Value: 68.30 (Threshold: 90.00)
  Trend: stable

[2025-03-10 16:32:35] CRITICAL violation for gpu_utilization:
  Value: 0.11 (Threshold: -0.24)
  Trend: stable

[2025-03-10 16:32:35] CRITICAL: gpu_utilization
Value 0.11 exceeds critical threshold -0.05
[2025-03-10 16:32:35] CRITICAL violation for memory_ratio:
  Value: 6.47 (Threshold: 6.61)
  Trend: stable

[2025-03-10 16:32:35] CRITICAL violation for cpu_threshold:
  Value: 63.00 (Threshold: 90.00)
  Trend: stable

[2025-03-10 16:32:35] CRITICAL violation for gpu_utilization:
  Value: 0.21 (Threshold: -0.24)
  Trend: stable

[2025-03-10 16:32:35] CRITICAL: gpu_utilization
Value 0.21 exceeds critical threshold -0.05
[2025-03-10 16:32:35] CRITICAL violation for memory_ratio:
  Value: 6.55 (Threshold: 6.61)
  Trend: stable

[2025-03-10 16:32:35] CRITICAL violation for cpu_threshold:
  Value: 89.76 (Threshold: 90.00)
  Trend: stable

[2025-03-10 16:32:35] CRITICAL violation for gpu_utilization:
  Value: -0.07 (Threshold: -0.24)
  Trend: stable

[2025-03-10 16:32:35] CRITICAL: gpu_utilization
Value -0.07 exceeds critical threshold -0.05
[2025-03-10 16:32:35] CRITICAL violation for memory_ratio:
  Value: 6.13 (Threshold: 6.61)
  Trend: stable

[2025-03-10 16:32:35] CRITICAL violation for cpu_threshold:
  Value: 103.80 (Threshold: 94.28)
  Trend: stable

[2025-03-10 16:32:35] CRITICAL violation for gpu_utilization:
  Value: -0.03 (Threshold: -0.24)
  Trend: stable

[2025-03-10 16:32:35] CRITICAL: gpu_utilization
Value -0.03 exceeds critical threshold -0.05
[2025-03-10 16:32:35] CRITICAL violation for memory_ratio:
  Value: 5.65 (Threshold: 6.61)
  Trend: stable

[2025-03-10 16:32:35] CRITICAL violation for cpu_threshold:
  Value: 67.08 (Threshold: 94.28)
  Trend: stable

[2025-03-10 16:32:35] CRITICAL violation for gpu_utilization:
  Value: -0.07 (Threshold: -0.24)
  Trend: stable

[2025-03-10 16:32:35] CRITICAL: gpu_utilization
Value -0.07 exceeds critical threshold -0.05
[2025-03-10 16:32:35] CRITICAL violation for memory_ratio:
  Value: 6.02 (Threshold: 6.61)
  Trend: stable

[2025-03-10 16:32:35] CRITICAL violation for cpu_threshold:
  Value: 87.99 (Threshold: 94.28)
  Trend: stable

[2025-03-10 16:32:35] CRITICAL violation for gpu_utilization:
  Value: -0.03 (Threshold: -0.24)
  Trend: stable

[2025-03-10 16:32:35] CRITICAL: gpu_utilization
Value -0.03 exceeds critical threshold -0.05
[2025-03-10 16:32:35] CRITICAL violation for memory_ratio:
  Value: 6.29 (Threshold: 6.61)
  Trend: stable

[2025-03-10 16:32:35] CRITICAL violation for cpu_threshold:
  Value: 81.11 (Threshold: 94.28)
  Trend: stable

[2025-03-10 16:32:35] CRITICAL violation for gpu_utilization:
  Value: 0.02 (Threshold: -0.24)
  Trend: stable

[2025-03-10 16:32:35] CRITICAL: gpu_utilization
Value 0.02 exceeds critical threshold -0.05
[2025-03-10 16:32:35] CRITICAL violation for memory_ratio:
  Value: 5.57 (Threshold: 6.61)
  Trend: stable

[2025-03-10 16:32:35] CRITICAL violation for cpu_threshold:
  Value: 74.48 (Threshold: 94.28)
  Trend: stable

[2025-03-10 16:32:35] CRITICAL violation for gpu_utilization:
  Value: 0.14 (Threshold: -0.24)
  Trend: stable

[2025-03-10 16:32:35] CRITICAL: gpu_utilization
Value 0.14 exceeds critical threshold -0.05
[2025-03-10 16:32:36] CRITICAL violation for memory_ratio:
  Value: 6.45 (Threshold: 6.61)
  Trend: stable

[2025-03-10 16:32:36] CRITICAL violation for cpu_threshold:
  Value: 72.87 (Threshold: 94.28)
  Trend: stable

[2025-03-10 16:32:36] CRITICAL violation for memory_ratio:
  Value: 4.96 (Threshold: 6.61)
  Trend: stable

[2025-03-10 16:32:36] CRITICAL violation for cpu_threshold:
  Value: 89.21 (Threshold: 94.28)
  Trend: stable

[2025-03-10 16:32:36] CRITICAL violation for gpu_utilization:
  Value: 0.11 (Threshold: -0.24)
  Trend: stable

[2025-03-10 16:32:36] CRITICAL: gpu_utilization
Value 0.11 exceeds critical threshold -0.05
[2025-03-10 16:32:36] CRITICAL violation for memory_ratio:
  Value: 6.43 (Threshold: 6.61)
  Trend: stable

[2025-03-10 16:32:36] CRITICAL violation for cpu_threshold:
  Value: 76.59 (Threshold: 94.28)
  Trend: stable

[2025-03-10 16:32:36] CRITICAL violation for gpu_utilization:
  Value: 0.25 (Threshold: -0.24)
  Trend: stable

[2025-03-10 16:32:36] CRITICAL: gpu_utilization
Value 0.25 exceeds critical threshold -0.05
[2025-03-10 16:32:36] CRITICAL violation for memory_ratio:
  Value: 7.71 (Threshold: 6.80)
  Trend: stable

[2025-03-10 16:32:36] CRITICAL violation for cpu_threshold:
  Value: 75.86 (Threshold: 94.28)
  Trend: stable

[2025-03-10 16:32:36] CRITICAL violation for gpu_utilization:
  Value: 0.19 (Threshold: -0.24)
  Trend: stable

[2025-03-10 16:32:36] CRITICAL: gpu_utilization
Value 0.19 exceeds critical threshold -0.05
[2025-03-10 16:32:36] CRITICAL violation for memory_ratio:
  Value: 4.69 (Threshold: 6.80)
  Trend: stable

[2025-03-10 16:32:36] CRITICAL violation for cpu_threshold:
  Value: 85.92 (Threshold: 90.05)
  Trend: stable

[2025-03-10 16:32:36] CRITICAL violation for gpu_utilization:
  Value: 0.20 (Threshold: -0.24)
  Trend: increasing

[2025-03-10 16:32:36] CRITICAL: gpu_utilization
Value 0.20 exceeds critical threshold -0.05
[2025-03-10 16:32:36] CRITICAL violation for memory_ratio:
  Value: 5.97 (Threshold: 6.80)
  Trend: stable

[2025-03-10 16:32:36] CRITICAL violation for cpu_threshold:
  Value: 71.55 (Threshold: 90.05)
  Trend: stable

[2025-03-10 16:32:36] CRITICAL violation for gpu_utilization:
  Value: 0.25 (Threshold: -0.24)
  Trend: increasing

[2025-03-10 16:32:36] CRITICAL: gpu_utilization
Value 0.25 exceeds critical threshold -0.05
[2025-03-10 16:32:36] CRITICAL violation for memory_ratio:
  Value: 5.89 (Threshold: 6.80)
  Trend: stable

[2025-03-10 16:32:36] CRITICAL violation for cpu_threshold:
  Value: 61.14 (Threshold: 90.05)
  Trend: stable

[2025-03-10 16:32:36] CRITICAL violation for gpu_utilization:
  Value: 0.20 (Threshold: -0.24)
  Trend: increasing

[2025-03-10 16:32:36] CRITICAL: gpu_utilization
Value 0.20 exceeds critical threshold -0.05
[2025-03-10 16:32:36] CRITICAL violation for memory_ratio:
  Value: 9.73 (Threshold: 6.86)
  Trend: stable

[2025-03-10 16:32:36] WARNING: memory_ratio
Value 9.73 exceeds warning threshold 8.23
[2025-03-10 16:32:36] CRITICAL violation for cpu_threshold:
  Value: 67.78 (Threshold: 90.05)
  Trend: stable

[2025-03-10 16:32:36] CRITICAL violation for gpu_utilization:
  Value: 0.20 (Threshold: -0.24)
  Trend: increasing

[2025-03-10 16:32:36] CRITICAL: gpu_utilization
Value 0.20 exceeds critical threshold -0.05
[2025-03-10 16:32:37] CRITICAL violation for memory_ratio:
  Value: 5.72 (Threshold: 6.86)
  Trend: stable

[2025-03-10 16:32:37] CRITICAL violation for cpu_threshold:
  Value: 87.80 (Threshold: 90.05)
  Trend: stable

[2025-03-10 16:32:37] CRITICAL violation for gpu_utilization:
  Value: -0.00 (Threshold: -0.24)
  Trend: stable

[2025-03-10 16:32:37] CRITICAL: gpu_utilization
Value -0.00 exceeds critical threshold -0.05
[2025-03-10 16:32:37] CRITICAL violation for memory_ratio:
  Value: 6.57 (Threshold: 6.86)
  Trend: stable

[2025-03-10 16:32:37] CRITICAL violation for cpu_threshold:
  Value: 74.65 (Threshold: 90.05)
  Trend: stable

[2025-03-10 16:32:37] CRITICAL violation for gpu_utilization:
  Value: 0.19 (Threshold: -0.24)
  Trend: stable

[2025-03-10 16:32:37] CRITICAL: gpu_utilization
Value 0.19 exceeds critical threshold -0.05
[2025-03-10 16:32:37] CRITICAL violation for memory_ratio:
  Value: 5.63 (Threshold: 6.86)
  Trend: stable

[2025-03-10 16:32:37] CRITICAL violation for cpu_threshold:
  Value: 70.30 (Threshold: 90.05)
  Trend: stable

[2025-03-10 16:32:37] CRITICAL violation for gpu_utilization:
  Value: -0.04 (Threshold: -0.24)
  Trend: stable

[2025-03-10 16:32:37] CRITICAL: gpu_utilization
Value -0.04 exceeds critical threshold -0.05
[2025-03-10 16:32:38] CRITICAL violation for memory_ratio:
  Value: 6.30 (Threshold: 6.86)
  Trend: stable

[2025-03-10 16:32:38] CRITICAL violation for cpu_threshold:
  Value: 76.16 (Threshold: 90.05)
  Trend: stable

[2025-03-10 16:32:38] CRITICAL violation for gpu_utilization:
  Value: 0.05 (Threshold: -0.24)
  Trend: stable

[2025-03-10 16:32:38] CRITICAL: gpu_utilization
Value 0.05 exceeds critical threshold -0.05
[2025-03-10 16:32:38] CRITICAL violation for memory_ratio:
  Value: 5.07 (Threshold: 6.86)
  Trend: stable

[2025-03-10 16:32:38] CRITICAL violation for cpu_threshold:
  Value: 93.83 (Threshold: 93.89)
  Trend: stable

[2025-03-10 16:32:38] CRITICAL violation for gpu_utilization:
  Value: 0.17 (Threshold: -0.24)
  Trend: stable

[2025-03-10 16:32:38] CRITICAL: gpu_utilization
Value 0.17 exceeds critical threshold -0.05
[2025-03-10 16:32:38] CRITICAL violation for memory_ratio:
  Value: 6.36 (Threshold: 6.86)
  Trend: stable

[2025-03-10 16:32:38] CRITICAL violation for cpu_threshold:
  Value: 85.45 (Threshold: 93.89)
  Trend: stable

[2025-03-10 16:32:38] CRITICAL violation for gpu_utilization:
  Value: -0.03 (Threshold: -0.24)
  Trend: stable

[2025-03-10 16:32:38] CRITICAL: gpu_utilization
Value -0.03 exceeds critical threshold -0.05
[2025-03-10 16:32:38] CRITICAL violation for memory_ratio:
  Value: 7.38 (Threshold: 7.00)
  Trend: stable

[2025-03-10 16:32:38] CRITICAL violation for cpu_threshold:
  Value: 125.82 (Threshold: 95.52)
  Trend: stable

[2025-03-10 16:32:38] WARNING: cpu_threshold
Value 125.82 exceeds warning threshold 114.62
[2025-03-10 16:32:38] CRITICAL violation for gpu_utilization:
  Value: 0.16 (Threshold: -0.24)
  Trend: stable

[2025-03-10 16:32:38] CRITICAL: gpu_utilization
Value 0.16 exceeds critical threshold -0.05
[2025-03-10 16:32:39] CRITICAL violation for memory_ratio:
  Value: 6.51 (Threshold: 7.00)
  Trend: stable

[2025-03-10 16:32:39] CRITICAL violation for cpu_threshold:
  Value: 92.23 (Threshold: 95.52)
  Trend: stable

[2025-03-10 16:32:39] CRITICAL violation for gpu_utilization:
  Value: 0.04 (Threshold: -0.24)
  Trend: stable

[2025-03-10 16:32:39] CRITICAL: gpu_utilization
Value 0.04 exceeds critical threshold -0.05
[2025-03-10 16:32:39] CRITICAL violation for memory_ratio:
  Value: 5.96 (Threshold: 7.00)
  Trend: stable

[2025-03-10 16:32:39] CRITICAL violation for cpu_threshold:
  Value: 76.52 (Threshold: 95.52)
  Trend: stable

[2025-03-10 16:32:39] CRITICAL violation for gpu_utilization:
  Value: -0.04 (Threshold: -0.24)
  Trend: stable

[2025-03-10 16:32:39] CRITICAL: gpu_utilization
Value -0.04 exceeds critical threshold -0.05
[2025-03-10 16:32:39] CRITICAL violation for memory_ratio:
  Value: 6.42 (Threshold: 7.00)
  Trend: stable

[2025-03-10 16:32:39] CRITICAL violation for cpu_threshold:
  Value: 85.56 (Threshold: 95.52)
  Trend: stable

[2025-03-10 16:32:39] CRITICAL violation for gpu_utilization:
  Value: 0.06 (Threshold: -0.24)
  Trend: stable

[2025-03-10 16:32:39] CRITICAL: gpu_utilization
Value 0.06 exceeds critical threshold -0.05
[2025-03-10 16:32:39] CRITICAL violation for memory_ratio:
  Value: 6.52 (Threshold: 7.00)
  Trend: stable

[2025-03-10 16:32:39] CRITICAL violation for cpu_threshold:
  Value: 105.26 (Threshold: 103.87)
  Trend: stable

[2025-03-10 16:32:39] CRITICAL violation for gpu_utilization:
  Value: 0.06 (Threshold: -0.24)
  Trend: stable

[2025-03-10 16:32:39] CRITICAL: gpu_utilization
Value 0.06 exceeds critical threshold -0.05
[2025-03-10 16:32:40] CRITICAL violation for memory_ratio:
  Value: 6.72 (Threshold: 7.00)
  Trend: stable

[2025-03-10 16:32:40] CRITICAL violation for cpu_threshold:
  Value: 64.77 (Threshold: 103.87)
  Trend: stable

[2025-03-10 16:32:40] CRITICAL violation for memory_ratio:
  Value: 6.11 (Threshold: 7.00)
  Trend: stable

[2025-03-10 16:32:40] CRITICAL violation for cpu_threshold:
  Value: 83.88 (Threshold: 103.87)
  Trend: stable

[2025-03-10 16:32:40] CRITICAL violation for gpu_utilization:
  Value: 0.17 (Threshold: -0.24)
  Trend: stable

[2025-03-10 16:32:40] CRITICAL: gpu_utilization
Value 0.17 exceeds critical threshold -0.05
[2025-03-10 16:32:40] CRITICAL violation for memory_ratio:
  Value: 7.06 (Threshold: 7.07)
  Trend: stable

[2025-03-10 16:32:40] CRITICAL violation for cpu_threshold:
  Value: 84.30 (Threshold: 103.87)
  Trend: stable

[2025-03-10 16:32:40] CRITICAL violation for gpu_utilization:
  Value: 0.23 (Threshold: -0.24)
  Trend: stable

[2025-03-10 16:32:40] CRITICAL: gpu_utilization
Value 0.23 exceeds critical threshold -0.05
[2025-03-10 16:32:42] CRITICAL violation for memory_ratio:
  Value: 6.62 (Threshold: 7.07)
  Trend: stable

[2025-03-10 16:32:42] CRITICAL violation for cpu_threshold:
  Value: 86.60 (Threshold: 103.87)
  Trend: stable

[2025-03-10 16:32:42] CRITICAL violation for gpu_utilization:
  Value: -0.08 (Threshold: -0.24)
  Trend: stable

[2025-03-10 16:32:42] CRITICAL: gpu_utilization
Value -0.08 exceeds critical threshold -0.05
[2025-03-10 16:32:42] CRITICAL violation for memory_ratio:
  Value: 7.64 (Threshold: 7.39)
  Trend: stable

[2025-03-10 16:32:42] CRITICAL violation for cpu_threshold:
  Value: 89.71 (Threshold: 103.87)
  Trend: stable

[2025-03-10 16:32:42] CRITICAL violation for gpu_utilization:
  Value: -0.03 (Threshold: -0.24)
  Trend: stable

[2025-03-10 16:32:42] CRITICAL: gpu_utilization
Value -0.03 exceeds critical threshold -0.05
[2025-03-10 16:32:42] CRITICAL violation for memory_ratio:
  Value: 7.31 (Threshold: 7.39)
  Trend: stable

[2025-03-10 16:32:42] CRITICAL violation for cpu_threshold:
  Value: 71.60 (Threshold: 103.87)
  Trend: stable

[2025-03-10 16:32:42] CRITICAL violation for gpu_utilization:
  Value: -0.23 (Threshold: -0.24)
  Trend: stable

[2025-03-10 16:32:42] CRITICAL: gpu_utilization
Value -0.23 exceeds critical threshold -0.05
[2025-03-10 16:32:42] CRITICAL violation for memory_ratio:
  Value: 7.27 (Threshold: 7.39)
  Trend: increasing

[2025-03-10 16:32:42] CRITICAL violation for cpu_threshold:
  Value: 95.38 (Threshold: 103.87)
  Trend: stable

[2025-03-10 16:32:42] CRITICAL violation for gpu_utilization:
  Value: -0.12 (Threshold: -0.24)
  Trend: stable

[2025-03-10 16:32:42] CRITICAL: gpu_utilization
Value -0.12 exceeds critical threshold -0.05
[2025-03-10 16:32:42] CRITICAL violation for memory_ratio:
  Value: 6.88 (Threshold: 7.39)
  Trend: stable

[2025-03-10 16:32:42] CRITICAL violation for cpu_threshold:
  Value: 70.65 (Threshold: 103.87)
  Trend: stable

[2025-03-10 16:32:42] CRITICAL violation for gpu_utilization:
  Value: -0.17 (Threshold: -0.24)
  Trend: stable

[2025-03-10 16:32:42] CRITICAL: gpu_utilization
Value -0.17 exceeds critical threshold -0.05
[2025-03-10 16:32:42] CRITICAL violation for memory_ratio:
  Value: 7.05 (Threshold: 7.39)
  Trend: stable

[2025-03-10 16:32:42] CRITICAL violation for cpu_threshold:
  Value: 81.95 (Threshold: 103.87)
  Trend: stable

[2025-03-10 16:32:42] CRITICAL violation for gpu_utilization:
  Value: 0.09 (Threshold: -0.24)
  Trend: stable

[2025-03-10 16:32:42] CRITICAL: gpu_utilization
Value 0.09 exceeds critical threshold -0.05
[2025-03-10 16:32:42] CRITICAL violation for memory_ratio:
  Value: 6.56 (Threshold: 7.39)
  Trend: stable

[2025-03-10 16:32:42] CRITICAL violation for cpu_threshold:
  Value: 82.47 (Threshold: 103.87)
  Trend: stable

[2025-03-10 16:32:42] CRITICAL violation for gpu_utilization:
  Value: -0.06 (Threshold: -0.24)
  Trend: stable

[2025-03-10 16:32:42] CRITICAL: gpu_utilization
Value -0.06 exceeds critical threshold -0.05
[2025-03-10 16:32:42] CRITICAL violation for memory_ratio:
  Value: 6.47 (Threshold: 7.39)
  Trend: stable

[2025-03-10 16:32:42] CRITICAL violation for cpu_threshold:
  Value: 93.52 (Threshold: 103.87)
  Trend: stable

[2025-03-10 16:32:42] CRITICAL violation for gpu_utilization:
  Value: -0.26 (Threshold: -0.24)
  Trend: stable

[2025-03-10 16:32:42] CRITICAL: gpu_utilization
Value -0.26 exceeds critical threshold -0.05
[2025-03-10 16:32:42] CRITICAL violation for memory_ratio:
  Value: 9.30 (Threshold: 7.64)
  Trend: stable

[2025-03-10 16:32:42] WARNING: memory_ratio
Value 9.30 exceeds warning threshold 9.17
[2025-03-10 16:32:42] CRITICAL violation for cpu_threshold:
  Value: 77.40 (Threshold: 103.87)
  Trend: stable

[2025-03-10 16:32:42] CRITICAL violation for gpu_utilization:
  Value: -0.15 (Threshold: -0.24)
  Trend: stable

[2025-03-10 16:32:42] CRITICAL: gpu_utilization
Value -0.15 exceeds critical threshold -0.05
[2025-03-10 16:32:42] CRITICAL violation for memory_ratio:
  Value: 6.43 (Threshold: 7.64)
  Trend: stable

[2025-03-10 16:32:42] CRITICAL violation for cpu_threshold:
  Value: 83.93 (Threshold: 103.87)
  Trend: stable

[2025-03-10 16:32:42] CRITICAL violation for gpu_utilization:
  Value: -0.16 (Threshold: -0.24)
  Trend: stable

[2025-03-10 16:32:42] CRITICAL: gpu_utilization
Value -0.16 exceeds critical threshold -0.05
[2025-03-10 16:32:43] CRITICAL violation for memory_ratio:
  Value: 7.49 (Threshold: 7.64)
  Trend: stable

[2025-03-10 16:32:43] CRITICAL violation for cpu_threshold:
  Value: 75.54 (Threshold: 103.87)
  Trend: stable

[2025-03-10 16:32:43] CRITICAL violation for gpu_utilization:
  Value: 0.05 (Threshold: -0.24)
  Trend: stable

[2025-03-10 16:32:43] CRITICAL: gpu_utilization
Value 0.05 exceeds critical threshold -0.05
[2025-03-10 16:32:43] CRITICAL violation for memory_ratio:
  Value: 6.29 (Threshold: 7.64)
  Trend: stable

[2025-03-10 16:32:43] CRITICAL violation for cpu_threshold:
  Value: 94.19 (Threshold: 103.87)
  Trend: stable

[2025-03-10 16:32:43] CRITICAL violation for gpu_utilization:
  Value: -0.10 (Threshold: -0.24)
  Trend: stable

[2025-03-10 16:32:43] CRITICAL: gpu_utilization
Value -0.10 exceeds critical threshold -0.05
[2025-03-10 16:32:43] CRITICAL violation for memory_ratio:
  Value: 6.94 (Threshold: 7.64)
  Trend: stable

[2025-03-10 16:32:43] CRITICAL violation for cpu_threshold:
  Value: 62.29 (Threshold: 103.87)
  Trend: stable

[2025-03-10 16:32:43] CRITICAL violation for gpu_utilization:
  Value: -0.18 (Threshold: -0.24)
  Trend: stable

[2025-03-10 16:32:43] CRITICAL: gpu_utilization
Value -0.18 exceeds critical threshold -0.05
[2025-03-10 16:32:43] CRITICAL violation for gpu_utilization:
  Value: -0.09 (Threshold: -0.24)
  Trend: stable

[2025-03-10 16:32:43] CRITICAL: gpu_utilization
Value -0.09 exceeds critical threshold -0.05
[2025-03-10 16:32:43] CRITICAL violation for memory_ratio:
  Value: 6.46 (Threshold: 7.64)
  Trend: stable

[2025-03-10 16:32:43] CRITICAL violation for cpu_threshold:
  Value: 92.82 (Threshold: 103.87)
  Trend: stable

[2025-03-10 16:32:43] CRITICAL violation for gpu_utilization:
  Value: -0.11 (Threshold: -0.24)
  Trend: stable

[2025-03-10 16:32:43] CRITICAL: gpu_utilization
Value -0.11 exceeds critical threshold -0.05
[2025-03-10 16:32:44] CRITICAL violation for memory_ratio:
  Value: 6.54 (Threshold: 7.64)
  Trend: stable

[2025-03-10 16:32:44] CRITICAL violation for cpu_threshold:
  Value: 87.55 (Threshold: 95.80)
  Trend: stable

[2025-03-10 16:32:44] CRITICAL violation for gpu_utilization:
  Value: -0.38 (Threshold: -0.25)
  Trend: stable

[2025-03-10 16:32:44] CRITICAL: gpu_utilization
Value -0.38 exceeds critical threshold -0.05
[2025-03-10 16:32:44] CRITICAL violation for memory_ratio:
  Value: 6.89 (Threshold: 7.64)
  Trend: stable

[2025-03-10 16:32:44] CRITICAL violation for cpu_threshold:
  Value: 89.57 (Threshold: 95.80)
  Trend: stable

[2025-03-10 16:32:44] CRITICAL violation for gpu_utilization:
  Value: -0.30 (Threshold: -0.26)
  Trend: stable

[2025-03-10 16:32:44] CRITICAL: gpu_utilization
Value -0.30 exceeds critical threshold -0.05
[2025-03-10 16:32:44] CRITICAL violation for memory_ratio:
  Value: 6.28 (Threshold: 7.64)
  Trend: stable

[2025-03-10 16:32:44] CRITICAL violation for cpu_threshold:
  Value: 74.49 (Threshold: 95.80)
  Trend: stable

[2025-03-10 16:32:44] CRITICAL violation for gpu_utilization:
  Value: -0.16 (Threshold: -0.25)
  Trend: stable

[2025-03-10 16:32:44] CRITICAL: gpu_utilization
Value -0.16 exceeds critical threshold -0.05
[2025-03-10 16:32:44] CRITICAL violation for memory_ratio:
  Value: 6.44 (Threshold: 7.64)
  Trend: stable

[2025-03-10 16:32:44] CRITICAL violation for cpu_threshold:
  Value: 97.72 (Threshold: 98.02)
  Trend: stable

[2025-03-10 16:32:44] CRITICAL violation for gpu_utilization:
  Value: -0.20 (Threshold: -0.24)
  Trend: stable

[2025-03-10 16:32:44] CRITICAL: gpu_utilization
Value -0.20 exceeds critical threshold -0.05
[2025-03-10 16:32:44] CRITICAL violation for memory_ratio:
  Value: 7.07 (Threshold: 7.64)
  Trend: stable

[2025-03-10 16:32:44] CRITICAL violation for cpu_threshold:
  Value: 83.57 (Threshold: 98.02)
  Trend: stable

[2025-03-10 16:32:44] CRITICAL violation for gpu_utilization:
  Value: -0.21 (Threshold: -0.24)
  Trend: stable

[2025-03-10 16:32:44] CRITICAL: gpu_utilization
Value -0.21 exceeds critical threshold -0.05
[2025-03-10 16:32:44] CRITICAL violation for memory_ratio:
  Value: 6.29 (Threshold: 7.64)
  Trend: stable

[2025-03-10 16:32:44] CRITICAL violation for cpu_threshold:
  Value: 101.45 (Threshold: 101.57)
  Trend: stable

[2025-03-10 16:32:44] CRITICAL violation for gpu_utilization:
  Value: -0.23 (Threshold: -0.24)
  Trend: stable

[2025-03-10 16:32:44] CRITICAL: gpu_utilization
Value -0.23 exceeds critical threshold -0.05
[2025-03-10 16:32:45] CRITICAL violation for memory_ratio:
  Value: 7.08 (Threshold: 7.64)
  Trend: stable

[2025-03-10 16:32:45] CRITICAL violation for cpu_threshold:
  Value: 81.38 (Threshold: 101.57)
  Trend: stable

[2025-03-10 16:32:45] CRITICAL violation for gpu_utilization:
  Value: -0.11 (Threshold: -0.24)
  Trend: stable

[2025-03-10 16:32:45] CRITICAL: gpu_utilization
Value -0.11 exceeds critical threshold -0.05
[2025-03-10 16:32:45] CRITICAL violation for memory_ratio:
  Value: 7.40 (Threshold: 7.64)
  Trend: stable

[2025-03-10 16:32:45] CRITICAL violation for cpu_threshold:
  Value: 73.55 (Threshold: 101.57)
  Trend: stable

[2025-03-10 16:32:45] CRITICAL violation for gpu_utilization:
  Value: -0.20 (Threshold: -0.24)
  Trend: stable

[2025-03-10 16:32:45] CRITICAL: gpu_utilization
Value -0.20 exceeds critical threshold -0.05
[2025-03-10 16:32:45] CRITICAL violation for memory_ratio:
  Value: 6.92 (Threshold: 7.64)
  Trend: stable

[2025-03-10 16:32:45] CRITICAL violation for cpu_threshold:
  Value: 89.77 (Threshold: 101.57)
  Trend: stable

[2025-03-10 16:32:45] CRITICAL violation for gpu_utilization:
  Value: -0.12 (Threshold: -0.24)
  Trend: stable

[2025-03-10 16:32:45] CRITICAL: gpu_utilization
Value -0.12 exceeds critical threshold -0.05
[2025-03-10 16:32:45] CRITICAL violation for memory_ratio:
  Value: 6.74 (Threshold: 7.64)
  Trend: stable

[2025-03-10 16:32:45] CRITICAL violation for cpu_threshold:
  Value: 91.51 (Threshold: 101.57)
  Trend: stable

[2025-03-10 16:32:45] CRITICAL violation for gpu_utilization:
  Value: -0.28 (Threshold: -0.24)
  Trend: stable

[2025-03-10 16:32:45] CRITICAL: gpu_utilization
Value -0.28 exceeds critical threshold -0.05
[2025-03-10 16:32:45] CRITICAL violation for memory_ratio:
  Value: 6.98 (Threshold: 7.64)
  Trend: stable

[2025-03-10 16:32:45] CRITICAL violation for cpu_threshold:
  Value: 90.81 (Threshold: 101.57)
  Trend: stable

[2025-03-10 16:32:45] CRITICAL violation for gpu_utilization:
  Value: -0.12 (Threshold: -0.24)
  Trend: stable

[2025-03-10 16:32:45] CRITICAL: gpu_utilization
Value -0.12 exceeds critical threshold -0.05
[2025-03-10 16:32:46] CRITICAL violation for memory_ratio:
  Value: 6.77 (Threshold: 7.64)
  Trend: stable

[2025-03-10 16:32:46] CRITICAL violation for cpu_threshold:
  Value: 80.34 (Threshold: 101.57)
  Trend: stable

[2025-03-10 16:32:46] CRITICAL violation for memory_ratio:
  Value: 7.05 (Threshold: 7.64)
  Trend: stable

[2025-03-10 16:32:46] CRITICAL violation for cpu_threshold:
  Value: 85.12 (Threshold: 101.57)
  Trend: stable

[2025-03-10 16:32:46] CRITICAL violation for gpu_utilization:
  Value: -0.30 (Threshold: -0.26)
  Trend: stable

[2025-03-10 16:32:46] CRITICAL: gpu_utilization
Value -0.30 exceeds critical threshold -0.05
[2025-03-10 16:32:46] CRITICAL violation for memory_ratio:
  Value: 6.48 (Threshold: 7.64)
  Trend: stable

[2025-03-10 16:32:46] CRITICAL violation for cpu_threshold:
  Value: 79.51 (Threshold: 101.57)
  Trend: stable

[2025-03-10 16:32:46] CRITICAL violation for gpu_utilization:
  Value: -0.33 (Threshold: -0.26)
  Trend: stable

[2025-03-10 16:32:46] CRITICAL: gpu_utilization
Value -0.33 exceeds critical threshold -0.05
[2025-03-10 16:32:48] CRITICAL violation for memory_ratio:
  Value: 6.92 (Threshold: 7.64)
  Trend: stable

[2025-03-10 16:32:48] CRITICAL violation for cpu_threshold:
  Value: 94.05 (Threshold: 101.57)
  Trend: stable

[2025-03-10 16:32:48] CRITICAL violation for gpu_utilization:
  Value: -0.45 (Threshold: -0.28)
  Trend: stable

[2025-03-10 16:32:48] CRITICAL: gpu_utilization
Value -0.45 exceeds critical threshold -0.06
[2025-03-10 16:32:48] CRITICAL violation for memory_ratio:
  Value: 6.94 (Threshold: 7.64)
  Trend: stable

[2025-03-10 16:32:48] CRITICAL violation for cpu_threshold:
  Value: 82.69 (Threshold: 101.57)
  Trend: stable

[2025-03-10 16:32:48] CRITICAL violation for gpu_utilization:
  Value: -0.79 (Threshold: -0.30)
  Trend: stable

[2025-03-10 16:32:48] CRITICAL: gpu_utilization
Value -0.79 exceeds critical threshold -0.06
[2025-03-10 16:32:49] CRITICAL violation for memory_ratio:
  Value: 6.99 (Threshold: 7.64)
  Trend: stable

[2025-03-10 16:32:49] CRITICAL violation for cpu_threshold:
  Value: 100.31 (Threshold: 101.57)
  Trend: stable

[2025-03-10 16:32:49] CRITICAL violation for gpu_utilization:
  Value: -0.39 (Threshold: -0.31)
  Trend: stable

[2025-03-10 16:32:49] CRITICAL: gpu_utilization
Value -0.39 exceeds critical threshold -0.06
[2025-03-10 16:32:49] CRITICAL violation for memory_ratio:
  Value: 7.66 (Threshold: 7.66)
  Trend: stable

[2025-03-10 16:32:49] CRITICAL violation for cpu_threshold:
  Value: 90.84 (Threshold: 101.57)
  Trend: stable

[2025-03-10 16:32:49] CRITICAL violation for gpu_utilization:
  Value: -0.62 (Threshold: -0.33)
  Trend: decreasing

[2025-03-10 16:32:49] CRITICAL: gpu_utilization
Value -0.62 exceeds critical threshold -0.07
[2025-03-10 16:32:49] CRITICAL violation for memory_ratio:
  Value: 6.55 (Threshold: 7.66)
  Trend: stable

[2025-03-10 16:32:49] CRITICAL violation for cpu_threshold:
  Value: 91.87 (Threshold: 101.57)
  Trend: stable

[2025-03-10 16:32:49] CRITICAL violation for gpu_utilization:
  Value: -0.44 (Threshold: -0.38)
  Trend: stable

[2025-03-10 16:32:49] CRITICAL: gpu_utilization
Value -0.44 exceeds critical threshold -0.08
[2025-03-10 16:32:49] CRITICAL violation for memory_ratio:
  Value: 10.45 (Threshold: 7.72)
  Trend: stable

[2025-03-10 16:32:49] WARNING: memory_ratio
Value 10.45 exceeds warning threshold 9.27
[2025-03-10 16:32:49] CRITICAL violation for cpu_threshold:
  Value: 86.66 (Threshold: 101.57)
  Trend: stable

[2025-03-10 16:32:49] CRITICAL violation for gpu_utilization:
  Value: -0.42 (Threshold: -0.39)
  Trend: stable

[2025-03-10 16:32:49] CRITICAL: gpu_utilization
Value -0.42 exceeds critical threshold -0.08
[2025-03-10 16:32:50] CRITICAL violation for memory_ratio:
  Value: 6.87 (Threshold: 7.72)
  Trend: stable

[2025-03-10 16:32:50] CRITICAL violation for cpu_threshold:
  Value: 81.75 (Threshold: 101.57)
  Trend: stable

[2025-03-10 16:32:50] CRITICAL violation for gpu_utilization:
  Value: -0.54 (Threshold: -0.42)
  Trend: stable

[2025-03-10 16:32:50] CRITICAL: gpu_utilization
Value -0.54 exceeds critical threshold -0.08
[2025-03-10 16:32:50] CRITICAL violation for memory_ratio:
  Value: 7.16 (Threshold: 7.72)
  Trend: stable

[2025-03-10 16:32:50] CRITICAL violation for cpu_threshold:
  Value: 97.54 (Threshold: 101.57)
  Trend: stable

[2025-03-10 16:32:50] CRITICAL violation for gpu_utilization:
  Value: -0.67 (Threshold: -0.44)
  Trend: stable

[2025-03-10 16:32:50] CRITICAL: gpu_utilization
Value -0.67 exceeds critical threshold -0.09
[2025-03-10 16:32:50] CRITICAL violation for memory_ratio:
  Value: 6.96 (Threshold: 7.72)
  Trend: stable

[2025-03-10 16:32:50] CRITICAL violation for cpu_threshold:
  Value: 88.36 (Threshold: 101.57)
  Trend: stable

[2025-03-10 16:32:50] CRITICAL violation for gpu_utilization:
  Value: -0.35 (Threshold: -0.44)
  Trend: stable

[2025-03-10 16:32:50] CRITICAL: gpu_utilization
Value -0.35 exceeds critical threshold -0.09
[2025-03-10 16:32:50] CRITICAL violation for memory_ratio:
  Value: 6.14 (Threshold: 7.72)
  Trend: stable

[2025-03-10 16:32:50] CRITICAL violation for cpu_threshold:
  Value: 80.78 (Threshold: 101.57)
  Trend: stable

[2025-03-10 16:32:50] CRITICAL violation for gpu_utilization:
  Value: -0.38 (Threshold: -0.44)
  Trend: stable

[2025-03-10 16:32:50] CRITICAL: gpu_utilization
Value -0.38 exceeds critical threshold -0.09
[2025-03-10 16:32:50] CRITICAL violation for memory_ratio:
  Value: 7.30 (Threshold: 7.72)
  Trend: stable

[2025-03-10 16:32:50] CRITICAL violation for cpu_threshold:
  Value: 106.62 (Threshold: 103.87)
  Trend: stable

[2025-03-10 16:32:50] CRITICAL violation for gpu_utilization:
  Value: -0.40 (Threshold: -0.44)
  Trend: stable

[2025-03-10 16:32:50] CRITICAL: gpu_utilization
Value -0.40 exceeds critical threshold -0.09
[2025-03-10 16:32:50] CRITICAL violation for memory_ratio:
  Value: 7.21 (Threshold: 7.72)
  Trend: stable

[2025-03-10 16:32:50] CRITICAL violation for cpu_threshold:
  Value: 97.64 (Threshold: 101.57)
  Trend: stable

[2025-03-10 16:32:50] CRITICAL violation for gpu_utilization:
  Value: -0.43 (Threshold: -0.44)
  Trend: stable

[2025-03-10 16:32:50] CRITICAL: gpu_utilization
Value -0.43 exceeds critical threshold -0.09
[2025-03-10 16:32:50] CRITICAL violation for memory_ratio:
  Value: 6.52 (Threshold: 7.72)
  Trend: stable

[2025-03-10 16:32:50] CRITICAL violation for cpu_threshold:
  Value: 148.89 (Threshold: 103.87)
  Trend: stable

[2025-03-10 16:32:50] WARNING: cpu_threshold
Value 148.89 exceeds warning threshold 124.65
[2025-03-10 16:32:50] CRITICAL violation for gpu_utilization:
  Value: -0.34 (Threshold: -0.44)
  Trend: stable

[2025-03-10 16:32:50] CRITICAL: gpu_utilization
Value -0.34 exceeds critical threshold -0.09
[2025-03-10 16:32:50] CRITICAL violation for memory_ratio:
  Value: 10.97 (Threshold: 7.90)
  Trend: stable

[2025-03-10 16:32:50] WARNING: memory_ratio
Value 10.97 exceeds warning threshold 9.47
[2025-03-10 16:32:50] CRITICAL violation for cpu_threshold:
  Value: 67.13 (Threshold: 103.87)
  Trend: stable

[2025-03-10 16:32:50] CRITICAL violation for gpu_utilization:
  Value: -0.56 (Threshold: -0.46)
  Trend: stable

[2025-03-10 16:32:50] CRITICAL: gpu_utilization
Value -0.56 exceeds critical threshold -0.09
[2025-03-10 16:32:50] CRITICAL violation for memory_ratio:
  Value: 7.84 (Threshold: 7.90)
  Trend: stable

[2025-03-10 16:32:50] CRITICAL violation for cpu_threshold:
  Value: 93.45 (Threshold: 103.87)
  Trend: stable

[2025-03-10 16:32:50] CRITICAL violation for gpu_utilization:
  Value: -0.47 (Threshold: -0.47)
  Trend: stable

[2025-03-10 16:32:50] CRITICAL: gpu_utilization
Value -0.47 exceeds critical threshold -0.09
[2025-03-10 16:32:51] CRITICAL violation for memory_ratio:
  Value: 6.96 (Threshold: 7.90)
  Trend: stable

[2025-03-10 16:32:51] CRITICAL violation for cpu_threshold:
  Value: 89.10 (Threshold: 103.87)
  Trend: stable

[2025-03-10 16:32:51] CRITICAL violation for gpu_utilization:
  Value: -0.36 (Threshold: -0.47)
  Trend: stable

[2025-03-10 16:32:51] CRITICAL: gpu_utilization
Value -0.36 exceeds critical threshold -0.09
[2025-03-10 16:32:51] CRITICAL violation for memory_ratio:
  Value: 7.53 (Threshold: 7.90)
  Trend: stable

[2025-03-10 16:32:51] CRITICAL violation for cpu_threshold:
  Value: 89.08 (Threshold: 103.87)
  Trend: stable

[2025-03-10 16:32:51] CRITICAL violation for gpu_utilization:
  Value: -0.45 (Threshold: -0.47)
  Trend: stable

[2025-03-10 16:32:51] CRITICAL: gpu_utilization
Value -0.45 exceeds critical threshold -0.09
[2025-03-10 16:32:51] CRITICAL violation for memory_ratio:
  Value: 7.36 (Threshold: 7.90)
  Trend: stable

[2025-03-10 16:32:51] CRITICAL violation for cpu_threshold:
  Value: 70.62 (Threshold: 103.87)
  Trend: stable

[2025-03-10 16:32:51] CRITICAL violation for gpu_utilization:
  Value: -0.55 (Threshold: -0.54)
  Trend: stable

[2025-03-10 16:32:51] CRITICAL: gpu_utilization
Value -0.55 exceeds critical threshold -0.11
[2025-03-10 16:32:51] CRITICAL violation for memory_ratio:
  Value: 6.54 (Threshold: 7.90)
  Trend: stable

[2025-03-10 16:32:51] CRITICAL violation for cpu_threshold:
  Value: 103.29 (Threshold: 103.87)
  Trend: stable

[2025-03-10 16:32:51] CRITICAL violation for gpu_utilization:
  Value: -0.31 (Threshold: -0.54)
  Trend: stable

[2025-03-10 16:32:51] CRITICAL: gpu_utilization
Value -0.31 exceeds critical threshold -0.11
[2025-03-10 16:32:51] CRITICAL violation for memory_ratio:
  Value: 6.57 (Threshold: 7.90)
  Trend: stable

[2025-03-10 16:32:51] CRITICAL violation for cpu_threshold:
  Value: 100.91 (Threshold: 103.87)
  Trend: stable

[2025-03-10 16:32:51] CRITICAL violation for gpu_utilization:
  Value: -0.59 (Threshold: -0.55)
  Trend: stable

[2025-03-10 16:32:51] CRITICAL: gpu_utilization
Value -0.59 exceeds critical threshold -0.11
[2025-03-10 16:32:52] CRITICAL violation for memory_ratio:
  Value: 10.04 (Threshold: 8.32)
  Trend: stable

[2025-03-10 16:32:52] WARNING: memory_ratio
Value 10.04 exceeds warning threshold 9.98
[2025-03-10 16:32:52] CRITICAL violation for cpu_threshold:
  Value: 74.48 (Threshold: 103.87)
  Trend: stable

[2025-03-10 16:32:52] CRITICAL violation for gpu_utilization:
  Value: -0.74 (Threshold: -0.56)
  Trend: stable

[2025-03-10 16:32:52] CRITICAL: gpu_utilization
Value -0.74 exceeds critical threshold -0.11
[2025-03-10 16:32:52] CRITICAL violation for memory_ratio:
  Value: 6.61 (Threshold: 8.32)
  Trend: stable

[2025-03-10 16:32:52] CRITICAL violation for cpu_threshold:
  Value: 80.81 (Threshold: 103.87)
  Trend: stable

[2025-03-10 16:32:52] CRITICAL violation for gpu_utilization:
  Value: -0.59 (Threshold: -0.59)
  Trend: stable

[2025-03-10 16:32:52] CRITICAL: gpu_utilization
Value -0.59 exceeds critical threshold -0.12
[2025-03-10 16:32:52] CRITICAL violation for memory_ratio:
  Value: 7.39 (Threshold: 8.32)
  Trend: stable

[2025-03-10 16:32:52] CRITICAL violation for cpu_threshold:
  Value: 75.66 (Threshold: 103.87)
  Trend: stable

[2025-03-10 16:32:52] CRITICAL violation for gpu_utilization:
  Value: -0.46 (Threshold: -0.59)
  Trend: stable

[2025-03-10 16:32:52] CRITICAL: gpu_utilization
Value -0.46 exceeds critical threshold -0.12
[2025-03-10 16:32:53] CRITICAL violation for memory_ratio:
  Value: 6.62 (Threshold: 8.32)
  Trend: stable

[2025-03-10 16:32:53] CRITICAL violation for cpu_threshold:
  Value: 90.29 (Threshold: 103.87)
  Trend: stable

[2025-03-10 16:32:53] CRITICAL violation for gpu_utilization:
  Value: -0.37 (Threshold: -0.59)
  Trend: stable

[2025-03-10 16:32:53] CRITICAL: gpu_utilization
Value -0.37 exceeds critical threshold -0.12
[2025-03-10 16:32:53] CRITICAL violation for memory_ratio:
  Value: 6.55 (Threshold: 8.32)
  Trend: stable

[2025-03-10 16:32:53] CRITICAL violation for cpu_threshold:
  Value: 80.22 (Threshold: 103.87)
  Trend: stable

[2025-03-10 16:32:53] CRITICAL violation for gpu_utilization:
  Value: -0.53 (Threshold: -0.59)
  Trend: stable

[2025-03-10 16:32:53] CRITICAL: gpu_utilization
Value -0.53 exceeds critical threshold -0.12
[2025-03-10 16:32:54] CRITICAL violation for memory_ratio:
  Value: 7.97 (Threshold: 8.32)
  Trend: stable

[2025-03-10 16:32:54] CRITICAL violation for cpu_threshold:
  Value: 85.25 (Threshold: 103.87)
  Trend: stable

[2025-03-10 16:32:54] CRITICAL violation for gpu_utilization:
  Value: -0.43 (Threshold: -0.59)
  Trend: stable

[2025-03-10 16:32:54] CRITICAL: gpu_utilization
Value -0.43 exceeds critical threshold -0.12
[2025-03-10 16:32:54] CRITICAL violation for memory_ratio:
  Value: 7.90 (Threshold: 8.32)
  Trend: stable

[2025-03-10 16:32:54] CRITICAL violation for cpu_threshold:
  Value: 88.51 (Threshold: 103.87)
  Trend: stable

[2025-03-10 16:32:54] CRITICAL violation for gpu_utilization:
  Value: -0.37 (Threshold: -0.59)
  Trend: stable

[2025-03-10 16:32:54] CRITICAL: gpu_utilization
Value -0.37 exceeds critical threshold -0.12
[2025-03-10 16:32:54] CRITICAL violation for memory_ratio:
  Value: 7.41 (Threshold: 8.32)
  Trend: stable

[2025-03-10 16:32:54] CRITICAL violation for cpu_threshold:
  Value: 100.92 (Threshold: 103.87)
  Trend: stable

[2025-03-10 16:32:54] CRITICAL violation for gpu_utilization:
  Value: -0.78 (Threshold: -0.60)
  Trend: stable

[2025-03-10 16:32:54] CRITICAL: gpu_utilization
Value -0.78 exceeds critical threshold -0.12
[2025-03-10 16:32:55] CRITICAL violation for memory_ratio:
  Value: 7.23 (Threshold: 8.32)
  Trend: stable

[2025-03-10 16:32:55] CRITICAL violation for cpu_threshold:
  Value: 91.71 (Threshold: 103.87)
  Trend: stable

[2025-03-10 16:32:55] CRITICAL violation for gpu_utilization:
  Value: -0.52 (Threshold: -0.60)
  Trend: stable

[2025-03-10 16:32:55] CRITICAL: gpu_utilization
Value -0.52 exceeds critical threshold -0.12
[2025-03-10 16:32:56] CRITICAL violation for memory_ratio:
  Value: 8.43 (Threshold: 8.47)
  Trend: stable

[2025-03-10 16:32:57] CRITICAL violation for memory_ratio:
  Value: 7.86 (Threshold: 8.47)
  Trend: stable

[2025-03-10 16:32:57] CRITICAL violation for cpu_threshold:
  Value: 133.26 (Threshold: 103.87)
  Trend: increasing

[2025-03-10 16:32:57] WARNING: cpu_threshold
Value 133.26 exceeds warning threshold 124.65
[2025-03-10 16:32:57] CRITICAL violation for gpu_utilization:
  Value: -0.30 (Threshold: -0.60)
  Trend: stable

[2025-03-10 16:32:57] CRITICAL: gpu_utilization
Value -0.30 exceeds critical threshold -0.12
[2025-03-10 16:32:57] CRITICAL violation for memory_ratio:
  Value: 8.19 (Threshold: 8.47)
  Trend: stable

[2025-03-10 16:32:57] CRITICAL violation for cpu_threshold:
  Value: 85.70 (Threshold: 103.87)
  Trend: stable

[2025-03-10 16:32:57] CRITICAL violation for gpu_utilization:
  Value: -0.36 (Threshold: -0.60)
  Trend: stable

[2025-03-10 16:32:57] CRITICAL: gpu_utilization
Value -0.36 exceeds critical threshold -0.12
[2025-03-10 16:32:57] CRITICAL violation for memory_ratio:
  Value: 7.91 (Threshold: 8.47)
  Trend: stable

[2025-03-10 16:32:57] CRITICAL violation for cpu_threshold:
  Value: 121.52 (Threshold: 105.33)
  Trend: stable

[2025-03-10 16:32:57] CRITICAL violation for gpu_utilization:
  Value: -0.53 (Threshold: -0.60)
  Trend: stable

[2025-03-10 16:32:57] CRITICAL: gpu_utilization
Value -0.53 exceeds critical threshold -0.12
[2025-03-10 16:32:57] CRITICAL violation for memory_ratio:
  Value: 7.56 (Threshold: 8.47)
  Trend: stable

[2025-03-10 16:32:57] CRITICAL violation for cpu_threshold:
  Value: 96.47 (Threshold: 105.33)
  Trend: stable

[2025-03-10 16:32:57] CRITICAL violation for gpu_utilization:
  Value: -0.42 (Threshold: -0.60)
  Trend: stable

[2025-03-10 16:32:57] CRITICAL: gpu_utilization
Value -0.42 exceeds critical threshold -0.12
[2025-03-10 16:32:57] CRITICAL violation for memory_ratio:
  Value: 6.89 (Threshold: 8.47)
  Trend: stable

[2025-03-10 16:32:57] CRITICAL violation for cpu_threshold:
  Value: 75.63 (Threshold: 105.33)
  Trend: stable

[2025-03-10 16:32:57] CRITICAL violation for gpu_utilization:
  Value: -0.58 (Threshold: -0.60)
  Trend: stable

[2025-03-10 16:32:57] CRITICAL: gpu_utilization
Value -0.58 exceeds critical threshold -0.12
[2025-03-10 16:32:57] CRITICAL violation for memory_ratio:
  Value: 8.18 (Threshold: 8.47)
  Trend: stable

[2025-03-10 16:32:57] CRITICAL violation for cpu_threshold:
  Value: 81.54 (Threshold: 105.33)
  Trend: stable

[2025-03-10 16:32:57] CRITICAL violation for gpu_utilization:
  Value: -0.55 (Threshold: -0.60)
  Trend: stable

[2025-03-10 16:32:57] CRITICAL: gpu_utilization
Value -0.55 exceeds critical threshold -0.12
[2025-03-10 16:32:57] CRITICAL violation for memory_ratio:
  Value: 10.89 (Threshold: 9.33)
  Trend: stable

[2025-03-10 16:32:57] CRITICAL violation for cpu_threshold:
  Value: 103.80 (Threshold: 105.33)
  Trend: stable

[2025-03-10 16:32:57] CRITICAL violation for gpu_utilization:
  Value: -0.27 (Threshold: -0.60)
  Trend: stable

[2025-03-10 16:32:57] CRITICAL: gpu_utilization
Value -0.27 exceeds critical threshold -0.12
[2025-03-10 16:32:57] CRITICAL violation for memory_ratio:
  Value: 7.57 (Threshold: 9.33)
  Trend: stable

[2025-03-10 16:32:57] CRITICAL violation for cpu_threshold:
  Value: 82.76 (Threshold: 105.33)
  Trend: stable

[2025-03-10 16:32:57] CRITICAL violation for gpu_utilization:
  Value: -0.44 (Threshold: -0.60)
  Trend: stable

[2025-03-10 16:32:57] CRITICAL: gpu_utilization
Value -0.44 exceeds critical threshold -0.12
[2025-03-10 16:32:57] CRITICAL violation for memory_ratio:
  Value: 8.09 (Threshold: 9.33)
  Trend: stable

[2025-03-10 16:32:57] CRITICAL violation for cpu_threshold:
  Value: 98.64 (Threshold: 105.33)
  Trend: stable

[2025-03-10 16:32:57] CRITICAL violation for gpu_utilization:
  Value: -0.27 (Threshold: -0.60)
  Trend: stable

[2025-03-10 16:32:57] CRITICAL: gpu_utilization
Value -0.27 exceeds critical threshold -0.12
[2025-03-10 16:32:57] CRITICAL violation for memory_ratio:
  Value: 8.20 (Threshold: 9.33)
  Trend: stable

[2025-03-10 16:32:57] CRITICAL violation for cpu_threshold:
  Value: 101.24 (Threshold: 105.33)
  Trend: stable

[2025-03-10 16:32:57] CRITICAL violation for gpu_utilization:
  Value: -0.48 (Threshold: -0.60)
  Trend: stable

[2025-03-10 16:32:57] CRITICAL: gpu_utilization
Value -0.48 exceeds critical threshold -0.12
[2025-03-10 16:32:57] CRITICAL violation for memory_ratio:
  Value: 8.43 (Threshold: 9.33)
  Trend: stable

[2025-03-10 16:32:57] CRITICAL violation for cpu_threshold:
  Value: 92.40 (Threshold: 105.33)
  Trend: stable

[2025-03-10 16:32:57] CRITICAL violation for gpu_utilization:
  Value: -0.45 (Threshold: -0.60)
  Trend: stable

[2025-03-10 16:32:57] CRITICAL: gpu_utilization
Value -0.45 exceeds critical threshold -0.12
[2025-03-10 16:32:58] CRITICAL violation for memory_ratio:
  Value: 7.77 (Threshold: 9.33)
  Trend: stable

[2025-03-10 16:32:58] CRITICAL violation for cpu_threshold:
  Value: 84.01 (Threshold: 105.33)
  Trend: stable

[2025-03-10 16:32:58] CRITICAL violation for gpu_utilization:
  Value: -0.37 (Threshold: -0.60)
  Trend: stable

[2025-03-10 16:32:58] CRITICAL: gpu_utilization
Value -0.37 exceeds critical threshold -0.12
[2025-03-10 16:32:58] CRITICAL violation for memory_ratio:
  Value: 8.12 (Threshold: 9.33)
  Trend: stable

[2025-03-10 16:32:58] CRITICAL violation for memory_ratio:
  Value: 8.07 (Threshold: 9.33)
  Trend: stable

[2025-03-10 16:32:58] CRITICAL violation for cpu_threshold:
  Value: 82.76 (Threshold: 105.33)
  Trend: stable

[2025-03-10 16:32:58] CRITICAL violation for gpu_utilization:
  Value: -0.30 (Threshold: -0.60)
  Trend: stable

[2025-03-10 16:32:58] CRITICAL: gpu_utilization
Value -0.30 exceeds critical threshold -0.12
[2025-03-10 16:32:58] CRITICAL violation for memory_ratio:
  Value: 8.26 (Threshold: 9.33)
  Trend: stable

[2025-03-10 16:32:58] CRITICAL violation for cpu_threshold:
  Value: 90.74 (Threshold: 105.33)
  Trend: stable

[2025-03-10 16:32:58] CRITICAL violation for gpu_utilization:
  Value: -0.35 (Threshold: -0.60)
  Trend: stable

[2025-03-10 16:32:58] CRITICAL: gpu_utilization
Value -0.35 exceeds critical threshold -0.12
[2025-03-10 16:32:58] CRITICAL violation for memory_ratio:
  Value: 8.40 (Threshold: 9.33)
  Trend: stable

[2025-03-10 16:32:58] CRITICAL violation for cpu_threshold:
  Value: 94.47 (Threshold: 105.33)
  Trend: stable

[2025-03-10 16:32:58] CRITICAL violation for gpu_utilization:
  Value: -0.27 (Threshold: -0.60)
  Trend: stable

[2025-03-10 16:32:58] CRITICAL: gpu_utilization
Value -0.27 exceeds critical threshold -0.12
[2025-03-10 16:32:58] CRITICAL violation for memory_ratio:
  Value: 8.97 (Threshold: 9.33)
  Trend: stable

[2025-03-10 16:32:58] CRITICAL violation for cpu_threshold:
  Value: 75.04 (Threshold: 105.33)
  Trend: stable

[2025-03-10 16:32:58] CRITICAL violation for gpu_utilization:
  Value: -0.49 (Threshold: -0.60)
  Trend: stable

[2025-03-10 16:32:58] CRITICAL: gpu_utilization
Value -0.49 exceeds critical threshold -0.12
[2025-03-10 16:32:59] CRITICAL violation for memory_ratio:
  Value: 7.68 (Threshold: 9.33)
  Trend: stable

[2025-03-10 16:32:59] CRITICAL violation for cpu_threshold:
  Value: 97.75 (Threshold: 105.33)
  Trend: stable

[2025-03-10 16:32:59] CRITICAL violation for gpu_utilization:
  Value: -0.35 (Threshold: -0.60)
  Trend: stable

[2025-03-10 16:32:59] CRITICAL: gpu_utilization
Value -0.35 exceeds critical threshold -0.12
[2025-03-10 16:32:59] CRITICAL violation for memory_ratio:
  Value: 8.74 (Threshold: 9.33)
  Trend: stable

[2025-03-10 16:32:59] CRITICAL violation for cpu_threshold:
  Value: 83.17 (Threshold: 105.33)
  Trend: stable

[2025-03-10 16:32:59] CRITICAL violation for gpu_utilization:
  Value: -0.31 (Threshold: -0.60)
  Trend: stable

[2025-03-10 16:32:59] CRITICAL: gpu_utilization
Value -0.31 exceeds critical threshold -0.12
[2025-03-10 16:32:59] CRITICAL violation for memory_ratio:
  Value: 7.96 (Threshold: 9.33)
  Trend: stable

[2025-03-10 16:32:59] CRITICAL violation for cpu_threshold:
  Value: 79.66 (Threshold: 105.33)
  Trend: stable

[2025-03-10 16:32:59] CRITICAL violation for gpu_utilization:
  Value: -0.25 (Threshold: -0.60)
  Trend: stable

[2025-03-10 16:32:59] CRITICAL: gpu_utilization
Value -0.25 exceeds critical threshold -0.12
[2025-03-10 16:33:00] CRITICAL violation for memory_ratio:
  Value: 7.65 (Threshold: 9.33)
  Trend: stable

[2025-03-10 16:33:00] CRITICAL violation for cpu_threshold:
  Value: 74.36 (Threshold: 105.33)
  Trend: stable

[2025-03-10 16:33:00] CRITICAL violation for gpu_utilization:
  Value: -0.23 (Threshold: -0.60)
  Trend: stable

[2025-03-10 16:33:00] CRITICAL: gpu_utilization
Value -0.23 exceeds critical threshold -0.12
[2025-03-10 16:33:00] CRITICAL violation for memory_ratio:
  Value: 9.53 (Threshold: 9.54)
  Trend: stable

[2025-03-10 16:33:00] CRITICAL violation for cpu_threshold:
  Value: 98.19 (Threshold: 105.33)
  Trend: stable

[2025-03-10 16:33:00] CRITICAL violation for gpu_utilization:
  Value: -0.50 (Threshold: -0.60)
  Trend: stable

[2025-03-10 16:33:00] CRITICAL: gpu_utilization
Value -0.50 exceeds critical threshold -0.12
[2025-03-10 16:33:00] CRITICAL violation for memory_ratio:
  Value: 8.10 (Threshold: 9.54)
  Trend: stable

[2025-03-10 16:33:00] CRITICAL violation for cpu_threshold:
  Value: 96.81 (Threshold: 105.33)
  Trend: stable

[2025-03-10 16:33:00] CRITICAL violation for gpu_utilization:
  Value: -0.54 (Threshold: -0.60)
  Trend: stable

[2025-03-10 16:33:00] CRITICAL: gpu_utilization
Value -0.54 exceeds critical threshold -0.12
[2025-03-10 16:33:00] CRITICAL violation for memory_ratio:
  Value: 7.69 (Threshold: 9.54)
  Trend: stable

[2025-03-10 16:33:00] CRITICAL violation for cpu_threshold:
  Value: 81.54 (Threshold: 105.33)
  Trend: stable

[2025-03-10 16:33:00] CRITICAL violation for gpu_utilization:
  Value: -0.29 (Threshold: -0.60)
  Trend: stable

[2025-03-10 16:33:00] CRITICAL: gpu_utilization
Value -0.29 exceeds critical threshold -0.12
[2025-03-10 16:33:01] CRITICAL violation for memory_ratio:
  Value: 8.34 (Threshold: 9.54)
  Trend: stable

[2025-03-10 16:33:01] CRITICAL violation for cpu_threshold:
  Value: 76.48 (Threshold: 105.33)
  Trend: stable

[2025-03-10 16:33:01] CRITICAL violation for gpu_utilization:
  Value: -0.42 (Threshold: -0.60)
  Trend: stable

[2025-03-10 16:33:01] CRITICAL: gpu_utilization
Value -0.42 exceeds critical threshold -0.12
[2025-03-10 16:33:01] CRITICAL violation for memory_ratio:
  Value: 8.06 (Threshold: 9.54)
  Trend: stable

[2025-03-10 16:33:01] CRITICAL violation for cpu_threshold:
  Value: 99.21 (Threshold: 105.33)
  Trend: stable

[2025-03-10 16:33:01] CRITICAL violation for gpu_utilization:
  Value: -0.19 (Threshold: -0.60)
  Trend: stable

[2025-03-10 16:33:01] CRITICAL: gpu_utilization
Value -0.19 exceeds critical threshold -0.12
[2025-03-10 16:33:01] CRITICAL violation for memory_ratio:
  Value: 9.42 (Threshold: 9.54)
  Trend: stable

[2025-03-10 16:33:01] CRITICAL violation for cpu_threshold:
  Value: 73.39 (Threshold: 105.33)
  Trend: stable

[2025-03-10 16:33:01] CRITICAL violation for gpu_utilization:
  Value: -0.35 (Threshold: -0.60)
  Trend: stable

[2025-03-10 16:33:01] CRITICAL: gpu_utilization
Value -0.35 exceeds critical threshold -0.12
[2025-03-10 16:33:02] CRITICAL violation for memory_ratio:
  Value: 8.41 (Threshold: 9.43)
  Trend: stable

[2025-03-10 16:33:02] CRITICAL violation for cpu_threshold:
  Value: 93.48 (Threshold: 105.33)
  Trend: stable

[2025-03-10 16:33:02] CRITICAL violation for gpu_utilization:
  Value: -0.22 (Threshold: -0.60)
  Trend: stable

[2025-03-10 16:33:02] CRITICAL: gpu_utilization
Value -0.22 exceeds critical threshold -0.12
[2025-03-10 16:33:02] CRITICAL violation for memory_ratio:
  Value: 8.99 (Threshold: 9.43)
  Trend: stable

[2025-03-10 16:33:02] CRITICAL violation for cpu_threshold:
  Value: 96.00 (Threshold: 105.33)
  Trend: stable

[2025-03-10 16:33:02] CRITICAL violation for gpu_utilization:
  Value: -0.25 (Threshold: -0.60)
  Trend: stable

[2025-03-10 16:33:02] CRITICAL: gpu_utilization
Value -0.25 exceeds critical threshold -0.12
[2025-03-10 16:33:03] CRITICAL violation for memory_ratio:
  Value: 8.71 (Threshold: 9.43)
  Trend: stable

[2025-03-10 16:33:03] CRITICAL violation for cpu_threshold:
  Value: 84.44 (Threshold: 105.33)
  Trend: stable

[2025-03-10 16:33:03] CRITICAL violation for gpu_utilization:
  Value: -0.29 (Threshold: -0.60)
  Trend: stable

[2025-03-10 16:33:03] CRITICAL: gpu_utilization
Value -0.29 exceeds critical threshold -0.12
[2025-03-10 16:33:04] CRITICAL violation for memory_ratio:
  Value: 9.18 (Threshold: 9.43)
  Trend: stable

[2025-03-10 16:33:04] CRITICAL violation for cpu_threshold:
  Value: 133.67 (Threshold: 107.36)
  Trend: stable

[2025-03-10 16:33:04] WARNING: cpu_threshold
Value 133.67 exceeds warning threshold 128.83
[2025-03-10 16:33:04] CRITICAL violation for gpu_utilization:
  Value: -0.28 (Threshold: -0.60)
  Trend: stable

[2025-03-10 16:33:04] CRITICAL: gpu_utilization
Value -0.28 exceeds critical threshold -0.12
[2025-03-10 16:33:04] CRITICAL violation for memory_ratio:
  Value: 9.19 (Threshold: 9.43)
  Trend: stable

[2025-03-10 16:33:04] CRITICAL violation for cpu_threshold:
  Value: 92.09 (Threshold: 107.36)
  Trend: stable

[2025-03-10 16:33:05] CRITICAL violation for memory_ratio:
  Value: 8.54 (Threshold: 9.43)
  Trend: stable

[2025-03-10 16:33:05] CRITICAL violation for cpu_threshold:
  Value: 83.21 (Threshold: 107.36)
  Trend: stable

[2025-03-10 16:33:05] CRITICAL violation for gpu_utilization:
  Value: -0.17 (Threshold: -0.60)
  Trend: stable

[2025-03-10 16:33:05] CRITICAL: gpu_utilization
Value -0.17 exceeds critical threshold -0.12
[2025-03-10 16:33:05] CRITICAL violation for memory_ratio:
  Value: 8.96 (Threshold: 9.43)
  Trend: stable

[2025-03-10 16:33:05] CRITICAL violation for cpu_threshold:
  Value: 96.97 (Threshold: 107.36)
  Trend: stable

[2025-03-10 16:33:05] CRITICAL violation for gpu_utilization:
  Value: -0.18 (Threshold: -0.60)
  Trend: stable

[2025-03-10 16:33:05] CRITICAL: gpu_utilization
Value -0.18 exceeds critical threshold -0.12
[2025-03-10 16:33:05] CRITICAL violation for memory_ratio:
  Value: 8.26 (Threshold: 9.43)
  Trend: stable

[2025-03-10 16:33:05] CRITICAL violation for cpu_threshold:
  Value: 95.58 (Threshold: 107.36)
  Trend: stable

[2025-03-10 16:33:05] CRITICAL violation for gpu_utilization:
  Value: -0.51 (Threshold: -0.60)
  Trend: stable

[2025-03-10 16:33:05] CRITICAL: gpu_utilization
Value -0.51 exceeds critical threshold -0.12
[2025-03-10 16:33:05] CRITICAL violation for memory_ratio:
  Value: 8.82 (Threshold: 9.43)
  Trend: stable

[2025-03-10 16:33:05] CRITICAL violation for cpu_threshold:
  Value: 96.63 (Threshold: 107.36)
  Trend: stable

[2025-03-10 16:33:05] CRITICAL violation for gpu_utilization:
  Value: -0.28 (Threshold: -0.60)
  Trend: stable

[2025-03-10 16:33:05] CRITICAL: gpu_utilization
Value -0.28 exceeds critical threshold -0.12
[2025-03-10 16:33:05] CRITICAL violation for memory_ratio:
  Value: 14.46 (Threshold: 9.56)
  Trend: stable

[2025-03-10 16:33:05] CRITICAL: memory_ratio
Value 14.46 exceeds critical threshold 14.34
[2025-03-10 16:33:05] CRITICAL violation for cpu_threshold:
  Value: 88.26 (Threshold: 105.33)
  Trend: stable

[2025-03-10 16:33:05] CRITICAL violation for gpu_utilization:
  Value: -0.30 (Threshold: -0.60)
  Trend: stable

[2025-03-10 16:33:05] CRITICAL: gpu_utilization
Value -0.30 exceeds critical threshold -0.12
[2025-03-10 16:33:05] CRITICAL violation for memory_ratio:
  Value: 9.60 (Threshold: 9.62)
  Trend: stable

[2025-03-10 16:33:05] CRITICAL violation for cpu_threshold:
  Value: 86.26 (Threshold: 105.33)
  Trend: stable

[2025-03-10 16:33:05] CRITICAL violation for gpu_utilization:
  Value: -0.16 (Threshold: -0.60)
  Trend: stable

[2025-03-10 16:33:05] CRITICAL: gpu_utilization
Value -0.16 exceeds critical threshold -0.12
[2025-03-10 16:33:05] CRITICAL violation for memory_ratio:
  Value: 9.32 (Threshold: 9.62)
  Trend: stable

[2025-03-10 16:33:05] CRITICAL violation for cpu_threshold:
  Value: 99.71 (Threshold: 105.33)
  Trend: stable

[2025-03-10 16:33:05] CRITICAL violation for gpu_utilization:
  Value: -0.26 (Threshold: -0.60)
  Trend: stable

[2025-03-10 16:33:05] CRITICAL: gpu_utilization
Value -0.26 exceeds critical threshold -0.12
[2025-03-10 16:33:05] CRITICAL violation for memory_ratio:
  Value: 9.65 (Threshold: 9.67)
  Trend: stable

[2025-03-10 16:33:05] CRITICAL violation for cpu_threshold:
  Value: 89.02 (Threshold: 105.33)
  Trend: stable

[2025-03-10 16:33:05] CRITICAL violation for gpu_utilization:
  Value: -0.05 (Threshold: -0.60)
  Trend: stable

[2025-03-10 16:33:05] CRITICAL: gpu_utilization
Value -0.05 exceeds critical threshold -0.12
[2025-03-10 16:33:05] CRITICAL violation for memory_ratio:
  Value: 8.12 (Threshold: 9.67)
  Trend: stable

[2025-03-10 16:33:05] CRITICAL violation for cpu_threshold:
  Value: 100.84 (Threshold: 103.94)
  Trend: stable

[2025-03-10 16:33:05] CRITICAL violation for gpu_utilization:
  Value: -0.20 (Threshold: -0.60)
  Trend: stable

[2025-03-10 16:33:05] CRITICAL: gpu_utilization
Value -0.20 exceeds critical threshold -0.12
[2025-03-10 16:33:05] CRITICAL violation for memory_ratio:
  Value: 8.74 (Threshold: 9.67)
  Trend: stable

[2025-03-10 16:33:05] CRITICAL violation for cpu_threshold:
  Value: 108.80 (Threshold: 106.73)
  Trend: stable

[2025-03-10 16:33:05] CRITICAL violation for gpu_utilization:
  Value: -0.17 (Threshold: -0.60)
  Trend: stable

[2025-03-10 16:33:05] CRITICAL: gpu_utilization
Value -0.17 exceeds critical threshold -0.12
[2025-03-10 16:33:06] CRITICAL violation for memory_ratio:
  Value: 8.08 (Threshold: 9.67)
  Trend: stable

[2025-03-10 16:33:06] CRITICAL violation for cpu_threshold:
  Value: 97.57 (Threshold: 106.73)
  Trend: stable

[2025-03-10 16:33:06] CRITICAL violation for memory_ratio:
  Value: 9.24 (Threshold: 9.67)
  Trend: stable

[2025-03-10 16:33:06] CRITICAL violation for cpu_threshold:
  Value: 152.82 (Threshold: 109.44)
  Trend: stable

[2025-03-10 16:33:06] WARNING: cpu_threshold
Value 152.82 exceeds warning threshold 131.33
[2025-03-10 16:33:06] CRITICAL violation for gpu_utilization:
  Value: -0.18 (Threshold: -0.60)
  Trend: stable

[2025-03-10 16:33:06] CRITICAL: gpu_utilization
Value -0.18 exceeds critical threshold -0.12
[2025-03-10 16:33:06] CRITICAL violation for memory_ratio:
  Value: 8.98 (Threshold: 9.67)
  Trend: stable

[2025-03-10 16:33:06] CRITICAL violation for cpu_threshold:
  Value: 87.44 (Threshold: 109.44)
  Trend: stable

[2025-03-10 16:33:06] CRITICAL violation for gpu_utilization:
  Value: -0.13 (Threshold: -0.60)
  Trend: stable

[2025-03-10 16:33:06] CRITICAL: gpu_utilization
Value -0.13 exceeds critical threshold -0.12
[2025-03-10 16:33:06] CRITICAL violation for memory_ratio:
  Value: 8.97 (Threshold: 9.67)
  Trend: stable

[2025-03-10 16:33:06] CRITICAL violation for cpu_threshold:
  Value: 111.00 (Threshold: 111.52)
  Trend: stable

[2025-03-10 16:33:06] CRITICAL violation for gpu_utilization:
  Value: -0.07 (Threshold: -0.60)
  Trend: stable

[2025-03-10 16:33:06] CRITICAL: gpu_utilization
Value -0.07 exceeds critical threshold -0.12
[2025-03-10 16:33:06] CRITICAL violation for memory_ratio:
  Value: 9.33 (Threshold: 9.67)
  Trend: stable

[2025-03-10 16:33:06] CRITICAL violation for cpu_threshold:
  Value: 89.72 (Threshold: 111.52)
  Trend: stable

[2025-03-10 16:33:06] CRITICAL violation for gpu_utilization:
  Value: -0.26 (Threshold: -0.60)
  Trend: stable

[2025-03-10 16:33:06] CRITICAL: gpu_utilization
Value -0.26 exceeds critical threshold -0.12
[2025-03-10 16:33:07] CRITICAL violation for memory_ratio:
  Value: 7.50 (Threshold: 9.67)
  Trend: stable

[2025-03-10 16:33:07] CRITICAL violation for cpu_threshold:
  Value: 95.45 (Threshold: 111.52)
  Trend: stable

[2025-03-10 16:33:07] CRITICAL violation for gpu_utilization:
  Value: -0.29 (Threshold: -0.60)
  Trend: stable

[2025-03-10 16:33:07] CRITICAL: gpu_utilization
Value -0.29 exceeds critical threshold -0.12
[2025-03-10 16:33:07] CRITICAL violation for memory_ratio:
  Value: 8.98 (Threshold: 9.67)
  Trend: stable

[2025-03-10 16:33:07] CRITICAL violation for cpu_threshold:
  Value: 96.27 (Threshold: 111.52)
  Trend: stable

[2025-03-10 16:33:07] CRITICAL violation for gpu_utilization:
  Value: -0.13 (Threshold: -0.60)
  Trend: stable

[2025-03-10 16:33:07] CRITICAL: gpu_utilization
Value -0.13 exceeds critical threshold -0.12
[2025-03-10 16:33:07] CRITICAL violation for memory_ratio:
  Value: 8.50 (Threshold: 9.67)
  Trend: stable

[2025-03-10 16:33:07] CRITICAL violation for cpu_threshold:
  Value: 114.54 (Threshold: 114.89)
  Trend: stable

[2025-03-10 16:33:07] CRITICAL violation for gpu_utilization:
  Value: -0.33 (Threshold: -0.60)
  Trend: stable

[2025-03-10 16:33:07] CRITICAL: gpu_utilization
Value -0.33 exceeds critical threshold -0.12
[2025-03-10 16:33:08] CRITICAL violation for memory_ratio:
  Value: 8.58 (Threshold: 9.67)
  Trend: stable

[2025-03-10 16:33:08] CRITICAL violation for cpu_threshold:
  Value: 98.69 (Threshold: 114.89)
  Trend: stable

[2025-03-10 16:33:08] CRITICAL violation for gpu_utilization:
  Value: -0.19 (Threshold: -0.60)
  Trend: stable

[2025-03-10 16:33:08] CRITICAL: gpu_utilization
Value -0.19 exceeds critical threshold -0.12
[2025-03-10 16:33:08] CRITICAL violation for memory_ratio:
  Value: 8.31 (Threshold: 9.67)
  Trend: stable

[2025-03-10 16:33:08] CRITICAL violation for cpu_threshold:
  Value: 132.86 (Threshold: 122.09)
  Trend: stable

[2025-03-10 16:33:08] CRITICAL violation for gpu_utilization:
  Value: -0.13 (Threshold: -0.60)
  Trend: stable

[2025-03-10 16:33:08] CRITICAL: gpu_utilization
Value -0.13 exceeds critical threshold -0.12
[2025-03-10 16:33:08] CRITICAL violation for memory_ratio:
  Value: 9.46 (Threshold: 9.67)
  Trend: stable

[2025-03-10 16:33:08] CRITICAL violation for cpu_threshold:
  Value: 114.09 (Threshold: 122.09)
  Trend: stable

[2025-03-10 16:33:08] CRITICAL violation for gpu_utilization:
  Value: -0.17 (Threshold: -0.60)
  Trend: stable

[2025-03-10 16:33:08] CRITICAL: gpu_utilization
Value -0.17 exceeds critical threshold -0.12
[2025-03-10 16:33:09] CRITICAL violation for memory_ratio:
  Value: 8.83 (Threshold: 9.67)
  Trend: stable

[2025-03-10 16:33:09] CRITICAL violation for cpu_threshold:
  Value: 112.22 (Threshold: 122.09)
  Trend: stable

[2025-03-10 16:33:09] CRITICAL violation for gpu_utilization:
  Value: -0.22 (Threshold: -0.60)
  Trend: stable

[2025-03-10 16:33:09] CRITICAL: gpu_utilization
Value -0.22 exceeds critical threshold -0.12
[2025-03-10 16:33:09] CRITICAL violation for memory_ratio:
  Value: 8.95 (Threshold: 9.67)
  Trend: stable

[2025-03-10 16:33:09] CRITICAL violation for cpu_threshold:
  Value: 94.84 (Threshold: 122.09)
  Trend: stable

[2025-03-10 16:33:09] CRITICAL violation for gpu_utilization:
  Value: -0.21 (Threshold: -0.60)
  Trend: stable

[2025-03-10 16:33:09] CRITICAL: gpu_utilization
Value -0.21 exceeds critical threshold -0.12
[2025-03-10 16:33:09] CRITICAL violation for memory_ratio:
  Value: 10.06 (Threshold: 10.04)
  Trend: stable

[2025-03-10 16:33:09] CRITICAL violation for cpu_threshold:
  Value: 97.84 (Threshold: 122.09)
  Trend: stable

[2025-03-10 16:33:09] CRITICAL violation for gpu_utilization:
  Value: -0.10 (Threshold: -0.60)
  Trend: stable

[2025-03-10 16:33:09] CRITICAL: gpu_utilization
Value -0.10 exceeds critical threshold -0.12
[2025-03-10 16:33:10] CRITICAL violation for memory_ratio:
  Value: 10.60 (Threshold: 10.08)
  Trend: increasing

[2025-03-10 16:33:10] CRITICAL violation for cpu_threshold:
  Value: 80.86 (Threshold: 122.09)
  Trend: stable

[2025-03-10 16:33:10] CRITICAL violation for gpu_utilization:
  Value: -0.41 (Threshold: -0.60)
  Trend: stable

[2025-03-10 16:33:10] CRITICAL: gpu_utilization
Value -0.41 exceeds critical threshold -0.12
[2025-03-10 16:33:11] CRITICAL violation for memory_ratio:
  Value: 9.50 (Threshold: 10.08)
  Trend: stable

[2025-03-10 16:33:11] CRITICAL violation for cpu_threshold:
  Value: 103.87 (Threshold: 122.09)
  Trend: stable

[2025-03-10 16:33:11] CRITICAL violation for gpu_utilization:
  Value: -0.27 (Threshold: -0.60)
  Trend: stable

[2025-03-10 16:33:11] CRITICAL: gpu_utilization
Value -0.27 exceeds critical threshold -0.12
[2025-03-10 16:33:11] CRITICAL violation for memory_ratio:
  Value: 8.64 (Threshold: 10.08)
  Trend: stable

[2025-03-10 16:33:11] CRITICAL violation for cpu_threshold:
  Value: 101.07 (Threshold: 122.09)
  Trend: stable

[2025-03-10 16:33:11] CRITICAL violation for gpu_utilization:
  Value: -0.22 (Threshold: -0.60)
  Trend: stable

[2025-03-10 16:33:11] CRITICAL: gpu_utilization
Value -0.22 exceeds critical threshold -0.12
[2025-03-10 16:33:11] CRITICAL violation for memory_ratio:
  Value: 9.38 (Threshold: 10.08)
  Trend: stable

[2025-03-10 16:33:11] CRITICAL violation for cpu_threshold:
  Value: 89.93 (Threshold: 122.09)
  Trend: stable

[2025-03-10 16:33:11] CRITICAL violation for gpu_utilization:
  Value: -0.32 (Threshold: -0.60)
  Trend: stable

[2025-03-10 16:33:11] CRITICAL: gpu_utilization
Value -0.32 exceeds critical threshold -0.12
[2025-03-10 16:33:11] CRITICAL violation for memory_ratio:
  Value: 9.87 (Threshold: 10.08)
  Trend: stable

[2025-03-10 16:33:11] CRITICAL violation for cpu_threshold:
  Value: 99.19 (Threshold: 122.09)
  Trend: stable

[2025-03-10 16:33:11] CRITICAL violation for gpu_utilization:
  Value: -0.17 (Threshold: -0.60)
  Trend: stable

[2025-03-10 16:33:11] CRITICAL: gpu_utilization
Value -0.17 exceeds critical threshold -0.12
[2025-03-10 16:33:12] CRITICAL violation for memory_ratio:
  Value: 9.72 (Threshold: 10.08)
  Trend: stable

[2025-03-10 16:33:12] CRITICAL violation for cpu_threshold:
  Value: 114.80 (Threshold: 122.09)
  Trend: stable

[2025-03-10 16:33:12] CRITICAL violation for gpu_utilization:
  Value: -0.26 (Threshold: -0.60)
  Trend: stable

[2025-03-10 16:33:12] CRITICAL: gpu_utilization
Value -0.26 exceeds critical threshold -0.12
[2025-03-10 16:33:12] CRITICAL violation for memory_ratio:
  Value: 10.01 (Threshold: 10.08)
  Trend: stable

[2025-03-10 16:33:12] CRITICAL violation for cpu_threshold:
  Value: 140.90 (Threshold: 132.88)
  Trend: stable

[2025-03-10 16:33:12] CRITICAL violation for gpu_utilization:
  Value: -0.41 (Threshold: -0.60)
  Trend: stable

[2025-03-10 16:33:12] CRITICAL: gpu_utilization
Value -0.41 exceeds critical threshold -0.12
[2025-03-10 16:33:12] CRITICAL violation for memory_ratio:
  Value: 9.08 (Threshold: 10.08)
  Trend: stable

[2025-03-10 16:33:12] CRITICAL violation for cpu_threshold:
  Value: 97.54 (Threshold: 132.88)
  Trend: stable

[2025-03-10 16:33:12] CRITICAL violation for gpu_utilization:
  Value: -0.44 (Threshold: -0.60)
  Trend: stable

[2025-03-10 16:33:12] CRITICAL: gpu_utilization
Value -0.44 exceeds critical threshold -0.12
[2025-03-10 16:33:12] CRITICAL violation for memory_ratio:
  Value: 9.33 (Threshold: 10.08)
  Trend: stable

[2025-03-10 16:33:12] CRITICAL violation for cpu_threshold:
  Value: 88.29 (Threshold: 132.88)
  Trend: stable

[2025-03-10 16:33:12] CRITICAL violation for gpu_utilization:
  Value: -0.23 (Threshold: -0.60)
  Trend: stable

[2025-03-10 16:33:12] CRITICAL: gpu_utilization
Value -0.23 exceeds critical threshold -0.12
[2025-03-10 16:33:12] CRITICAL violation for memory_ratio:
  Value: 9.70 (Threshold: 10.08)
  Trend: stable

[2025-03-10 16:33:12] CRITICAL violation for cpu_threshold:
  Value: 96.38 (Threshold: 132.88)
  Trend: stable

[2025-03-10 16:33:12] CRITICAL violation for gpu_utilization:
  Value: -0.25 (Threshold: -0.60)
  Trend: stable

[2025-03-10 16:33:12] CRITICAL: gpu_utilization
Value -0.25 exceeds critical threshold -0.12
[2025-03-10 16:33:12] CRITICAL violation for memory_ratio:
  Value: 10.56 (Threshold: 10.46)
  Trend: stable

[2025-03-10 16:33:12] CRITICAL violation for cpu_threshold:
  Value: 87.08 (Threshold: 132.88)
  Trend: stable

[2025-03-10 16:33:12] CRITICAL violation for gpu_utilization:
  Value: -0.37 (Threshold: -0.60)
  Trend: stable

[2025-03-10 16:33:12] CRITICAL: gpu_utilization
Value -0.37 exceeds critical threshold -0.12
[2025-03-10 16:33:12] CRITICAL violation for memory_ratio:
  Value: 10.77 (Threshold: 10.57)
  Trend: stable

[2025-03-10 16:33:12] CRITICAL violation for cpu_threshold:
  Value: 139.72 (Threshold: 133.28)
  Trend: stable

[2025-03-10 16:33:12] CRITICAL violation for gpu_utilization:
  Value: -0.16 (Threshold: -0.60)
  Trend: stable

[2025-03-10 16:33:12] CRITICAL: gpu_utilization
Value -0.16 exceeds critical threshold -0.12
[2025-03-10 16:33:12] CRITICAL violation for memory_ratio:
  Value: 10.36 (Threshold: 10.57)
  Trend: stable

[2025-03-10 16:33:12] CRITICAL violation for cpu_threshold:
  Value: 151.89 (Threshold: 133.97)
  Trend: stable

[2025-03-10 16:33:12] CRITICAL violation for gpu_utilization:
  Value: -0.38 (Threshold: -0.60)
  Trend: stable

[2025-03-10 16:33:12] CRITICAL: gpu_utilization
Value -0.38 exceeds critical threshold -0.12
[2025-03-10 16:33:13] CRITICAL violation for memory_ratio:
  Value: 10.19 (Threshold: 10.57)
  Trend: stable

[2025-03-10 16:33:13] CRITICAL violation for memory_ratio:
  Value: 9.75 (Threshold: 10.57)
  Trend: stable

[2025-03-10 16:33:13] CRITICAL violation for cpu_threshold:
  Value: 102.67 (Threshold: 133.97)
  Trend: stable

[2025-03-10 16:33:13] CRITICAL violation for gpu_utilization:
  Value: -0.22 (Threshold: -0.60)
  Trend: stable

[2025-03-10 16:33:13] CRITICAL: gpu_utilization
Value -0.22 exceeds critical threshold -0.12
[2025-03-10 16:33:13] CRITICAL violation for memory_ratio:
  Value: 10.81 (Threshold: 10.61)
  Trend: stable

[2025-03-10 16:33:13] CRITICAL violation for cpu_threshold:
  Value: 90.06 (Threshold: 133.97)
  Trend: stable

[2025-03-10 16:33:13] CRITICAL violation for gpu_utilization:
  Value: -0.27 (Threshold: -0.60)
  Trend: stable

[2025-03-10 16:33:13] CRITICAL: gpu_utilization
Value -0.27 exceeds critical threshold -0.12
[2025-03-10 16:33:13] CRITICAL violation for memory_ratio:
  Value: 9.65 (Threshold: 10.61)
  Trend: stable

[2025-03-10 16:33:13] CRITICAL violation for cpu_threshold:
  Value: 95.57 (Threshold: 133.97)
  Trend: stable

[2025-03-10 16:33:13] CRITICAL violation for gpu_utilization:
  Value: -0.42 (Threshold: -0.60)
  Trend: stable

[2025-03-10 16:33:13] CRITICAL: gpu_utilization
Value -0.42 exceeds critical threshold -0.12
[2025-03-10 16:33:13] CRITICAL violation for memory_ratio:
  Value: 9.32 (Threshold: 10.61)
  Trend: stable

[2025-03-10 16:33:13] CRITICAL violation for cpu_threshold:
  Value: 101.05 (Threshold: 133.97)
  Trend: stable

[2025-03-10 16:33:13] CRITICAL violation for gpu_utilization:
  Value: -0.22 (Threshold: -0.60)
  Trend: stable

[2025-03-10 16:33:13] CRITICAL: gpu_utilization
Value -0.22 exceeds critical threshold -0.12
[2025-03-10 16:33:13] CRITICAL violation for memory_ratio:
  Value: 9.94 (Threshold: 10.61)
  Trend: stable

[2025-03-10 16:33:13] CRITICAL violation for cpu_threshold:
  Value: 95.91 (Threshold: 133.97)
  Trend: stable

[2025-03-10 16:33:13] CRITICAL violation for gpu_utilization:
  Value: -0.28 (Threshold: -0.60)
  Trend: stable

[2025-03-10 16:33:13] CRITICAL: gpu_utilization
Value -0.28 exceeds critical threshold -0.12
[2025-03-10 16:33:14] CRITICAL violation for memory_ratio:
  Value: 8.79 (Threshold: 10.61)
  Trend: stable

[2025-03-10 16:33:14] CRITICAL violation for cpu_threshold:
  Value: 105.07 (Threshold: 133.97)
  Trend: stable

[2025-03-10 16:33:14] CRITICAL violation for gpu_utilization:
  Value: -0.40 (Threshold: -0.60)
  Trend: stable

[2025-03-10 16:33:14] CRITICAL: gpu_utilization
Value -0.40 exceeds critical threshold -0.12
[2025-03-10 16:33:14] CRITICAL violation for memory_ratio:
  Value: 9.94 (Threshold: 10.61)
  Trend: stable

[2025-03-10 16:33:14] CRITICAL violation for cpu_threshold:
  Value: 85.68 (Threshold: 133.97)
  Trend: stable

[2025-03-10 16:33:14] CRITICAL violation for gpu_utilization:
  Value: -0.16 (Threshold: -0.59)
  Trend: stable

[2025-03-10 16:33:14] CRITICAL: gpu_utilization
Value -0.16 exceeds critical threshold -0.12
[2025-03-10 16:33:14] CRITICAL violation for memory_ratio:
  Value: 9.25 (Threshold: 10.61)
  Trend: stable

[2025-03-10 16:33:14] CRITICAL violation for cpu_threshold:
  Value: 85.66 (Threshold: 133.97)
  Trend: stable

[2025-03-10 16:33:14] CRITICAL violation for gpu_utilization:
  Value: -0.40 (Threshold: -0.59)
  Trend: stable

[2025-03-10 16:33:14] CRITICAL: gpu_utilization
Value -0.40 exceeds critical threshold -0.12
[2025-03-10 16:33:15] CRITICAL violation for memory_ratio:
  Value: 9.72 (Threshold: 10.61)
  Trend: stable

[2025-03-10 16:33:15] CRITICAL violation for cpu_threshold:
  Value: 100.15 (Threshold: 133.97)
  Trend: stable

[2025-03-10 16:33:15] CRITICAL violation for gpu_utilization:
  Value: -0.30 (Threshold: -0.58)
  Trend: stable

[2025-03-10 16:33:15] CRITICAL: gpu_utilization
Value -0.30 exceeds critical threshold -0.12
[2025-03-10 16:33:15] CRITICAL violation for memory_ratio:
  Value: 9.58 (Threshold: 10.61)
  Trend: stable

[2025-03-10 16:33:15] CRITICAL violation for cpu_threshold:
  Value: 98.79 (Threshold: 133.97)
  Trend: stable

[2025-03-10 16:33:15] CRITICAL violation for gpu_utilization:
  Value: -0.44 (Threshold: -0.58)
  Trend: stable

[2025-03-10 16:33:15] CRITICAL: gpu_utilization
Value -0.44 exceeds critical threshold -0.12
[2025-03-10 16:33:15] CRITICAL violation for memory_ratio:
  Value: 9.84 (Threshold: 10.61)
  Trend: stable

[2025-03-10 16:33:15] CRITICAL violation for cpu_threshold:
  Value: 100.21 (Threshold: 133.97)
  Trend: stable

[2025-03-10 16:33:15] CRITICAL violation for gpu_utilization:
  Value: -0.50 (Threshold: -0.58)
  Trend: stable

[2025-03-10 16:33:15] CRITICAL: gpu_utilization
Value -0.50 exceeds critical threshold -0.12
[2025-03-10 16:33:15] CRITICAL violation for memory_ratio:
  Value: 9.14 (Threshold: 10.61)
  Trend: stable

[2025-03-10 16:33:15] CRITICAL violation for cpu_threshold:
  Value: 96.98 (Threshold: 133.97)
  Trend: stable

[2025-03-10 16:33:15] CRITICAL violation for gpu_utilization:
  Value: -0.49 (Threshold: -0.58)
  Trend: stable

[2025-03-10 16:33:15] CRITICAL: gpu_utilization
Value -0.49 exceeds critical threshold -0.12
[2025-03-10 16:33:16] CRITICAL violation for memory_ratio:
  Value: 10.28 (Threshold: 10.61)
  Trend: stable

[2025-03-10 16:33:16] CRITICAL violation for cpu_threshold:
  Value: 96.16 (Threshold: 133.97)
  Trend: stable

[2025-03-10 16:33:16] CRITICAL violation for gpu_utilization:
  Value: -0.57 (Threshold: -0.57)
  Trend: decreasing

[2025-03-10 16:33:16] CRITICAL: gpu_utilization
Value -0.57 exceeds critical threshold -0.11
[2025-03-10 16:33:16] CRITICAL violation for memory_ratio:
  Value: 9.96 (Threshold: 10.57)
  Trend: stable

[2025-03-10 16:33:16] CRITICAL violation for cpu_threshold:
  Value: 92.74 (Threshold: 133.97)
  Trend: stable

[2025-03-10 16:33:16] CRITICAL violation for gpu_utilization:
  Value: -0.64 (Threshold: -0.58)
  Trend: decreasing

[2025-03-10 16:33:16] CRITICAL: gpu_utilization
Value -0.64 exceeds critical threshold -0.12
[2025-03-10 16:33:16] CRITICAL violation for memory_ratio:
  Value: 9.21 (Threshold: 10.57)
  Trend: stable

[2025-03-10 16:33:16] CRITICAL violation for cpu_threshold:
  Value: 98.58 (Threshold: 133.97)
  Trend: stable

[2025-03-10 16:33:16] CRITICAL violation for gpu_utilization:
  Value: -0.57 (Threshold: -0.58)
  Trend: decreasing

[2025-03-10 16:33:16] CRITICAL: gpu_utilization
Value -0.57 exceeds critical threshold -0.12
[2025-03-10 16:33:18] CRITICAL violation for memory_ratio:
  Value: 10.19 (Threshold: 10.57)
  Trend: stable

[2025-03-10 16:33:18] CRITICAL violation for cpu_threshold:
  Value: 98.34 (Threshold: 133.28)
  Trend: stable

[2025-03-10 16:33:18] CRITICAL violation for memory_ratio:
  Value: 10.73 (Threshold: 10.61)
  Trend: stable

[2025-03-10 16:33:18] CRITICAL violation for cpu_threshold:
  Value: 103.75 (Threshold: 133.28)
  Trend: stable

[2025-03-10 16:33:18] CRITICAL violation for gpu_utilization:
  Value: -0.51 (Threshold: -0.58)
  Trend: decreasing

[2025-03-10 16:33:18] CRITICAL: gpu_utilization
Value -0.51 exceeds critical threshold -0.12
[2025-03-10 16:33:18] CRITICAL violation for memory_ratio:
  Value: 10.20 (Threshold: 10.61)
  Trend: stable

[2025-03-10 16:33:18] CRITICAL violation for cpu_threshold:
  Value: 102.72 (Threshold: 133.28)
  Trend: stable

[2025-03-10 16:33:18] CRITICAL violation for gpu_utilization:
  Value: -0.47 (Threshold: -0.58)
  Trend: stable

[2025-03-10 16:33:18] CRITICAL: gpu_utilization
Value -0.47 exceeds critical threshold -0.12
[2025-03-10 16:33:18] CRITICAL violation for memory_ratio:
  Value: 10.01 (Threshold: 10.61)
  Trend: stable

[2025-03-10 16:33:18] CRITICAL violation for cpu_threshold:
  Value: 118.67 (Threshold: 133.28)
  Trend: stable

[2025-03-10 16:33:18] CRITICAL violation for gpu_utilization:
  Value: -0.68 (Threshold: -0.59)
  Trend: stable

[2025-03-10 16:33:18] CRITICAL: gpu_utilization
Value -0.68 exceeds critical threshold -0.12
[2025-03-10 16:33:18] CRITICAL violation for memory_ratio:
  Value: 10.54 (Threshold: 10.61)
  Trend: stable

[2025-03-10 16:33:18] CRITICAL violation for cpu_threshold:
  Value: 106.48 (Threshold: 133.28)
  Trend: stable

[2025-03-10 16:33:18] CRITICAL violation for gpu_utilization:
  Value: -0.68 (Threshold: -0.60)
  Trend: stable

[2025-03-10 16:33:18] CRITICAL: gpu_utilization
Value -0.68 exceeds critical threshold -0.12
[2025-03-10 16:33:18] CRITICAL violation for memory_ratio:
  Value: 15.12 (Threshold: 10.73)
  Trend: stable

[2025-03-10 16:33:18] WARNING: memory_ratio
Value 15.12 exceeds warning threshold 12.88
[2025-03-10 16:33:18] CRITICAL violation for cpu_threshold:
  Value: 90.75 (Threshold: 133.28)
  Trend: stable

[2025-03-10 16:33:18] CRITICAL violation for gpu_utilization:
  Value: -0.68 (Threshold: -0.65)
  Trend: stable

[2025-03-10 16:33:18] CRITICAL: gpu_utilization
Value -0.68 exceeds critical threshold -0.13
[2025-03-10 16:33:18] CRITICAL violation for memory_ratio:
  Value: 9.11 (Threshold: 10.73)
  Trend: stable

[2025-03-10 16:33:18] CRITICAL violation for cpu_threshold:
  Value: 99.50 (Threshold: 133.28)
  Trend: stable

[2025-03-10 16:33:18] CRITICAL violation for gpu_utilization:
  Value: -0.84 (Threshold: -0.68)
  Trend: stable

[2025-03-10 16:33:18] CRITICAL: gpu_utilization
Value -0.84 exceeds critical threshold -0.14
[2025-03-10 16:33:18] CRITICAL violation for memory_ratio:
  Value: 14.79 (Threshold: 10.77)
  Trend: stable

[2025-03-10 16:33:18] WARNING: memory_ratio
Value 14.79 exceeds warning threshold 12.92
[2025-03-10 16:33:18] CRITICAL violation for cpu_threshold:
  Value: 113.83 (Threshold: 133.28)
  Trend: stable

[2025-03-10 16:33:18] CRITICAL violation for gpu_utilization:
  Value: -0.71 (Threshold: -0.68)
  Trend: stable

[2025-03-10 16:33:18] CRITICAL: gpu_utilization
Value -0.71 exceeds critical threshold -0.14
[2025-03-10 16:33:18] CRITICAL violation for memory_ratio:
  Value: 10.60 (Threshold: 10.77)
  Trend: stable

[2025-03-10 16:33:18] CRITICAL violation for cpu_threshold:
  Value: 112.20 (Threshold: 133.28)
  Trend: stable

[2025-03-10 16:33:18] CRITICAL violation for gpu_utilization:
  Value: -0.51 (Threshold: -0.68)
  Trend: stable

[2025-03-10 16:33:18] CRITICAL: gpu_utilization
Value -0.51 exceeds critical threshold -0.14
[2025-03-10 16:33:18] CRITICAL violation for memory_ratio:
  Value: 10.14 (Threshold: 10.77)
  Trend: stable

[2025-03-10 16:33:18] CRITICAL violation for cpu_threshold:
  Value: 102.38 (Threshold: 133.28)
  Trend: stable

[2025-03-10 16:33:18] CRITICAL violation for gpu_utilization:
  Value: -0.60 (Threshold: -0.68)
  Trend: stable

[2025-03-10 16:33:18] CRITICAL: gpu_utilization
Value -0.60 exceeds critical threshold -0.14
[2025-03-10 16:33:19] CRITICAL violation for memory_ratio:
  Value: 10.06 (Threshold: 10.77)
  Trend: stable

[2025-03-10 16:33:19] CRITICAL violation for cpu_threshold:
  Value: 101.62 (Threshold: 133.28)
  Trend: stable

[2025-03-10 16:33:19] CRITICAL violation for gpu_utilization:
  Value: -0.54 (Threshold: -0.68)
  Trend: stable

[2025-03-10 16:33:19] CRITICAL: gpu_utilization
Value -0.54 exceeds critical threshold -0.14
[2025-03-10 16:33:19] CRITICAL violation for memory_ratio:
  Value: 9.73 (Threshold: 10.77)
  Trend: stable

[2025-03-10 16:33:19] CRITICAL violation for cpu_threshold:
  Value: 109.38 (Threshold: 133.28)
  Trend: stable

[2025-03-10 16:33:19] CRITICAL violation for gpu_utilization:
  Value: -0.57 (Threshold: -0.68)
  Trend: stable

[2025-03-10 16:33:19] CRITICAL: gpu_utilization
Value -0.57 exceeds critical threshold -0.14
[2025-03-10 16:33:19] CRITICAL violation for memory_ratio:
  Value: 10.12 (Threshold: 10.77)
  Trend: stable

[2025-03-10 16:33:19] CRITICAL violation for cpu_threshold:
  Value: 114.61 (Threshold: 133.28)
  Trend: stable

[2025-03-10 16:33:19] CRITICAL violation for gpu_utilization:
  Value: -0.45 (Threshold: -0.68)
  Trend: stable

[2025-03-10 16:33:19] CRITICAL: gpu_utilization
Value -0.45 exceeds critical threshold -0.14
[2025-03-10 16:33:19] CRITICAL violation for memory_ratio:
  Value: 10.20 (Threshold: 10.77)
  Trend: stable

[2025-03-10 16:33:19] CRITICAL violation for cpu_threshold:
  Value: 80.01 (Threshold: 133.28)
  Trend: stable

[2025-03-10 16:33:19] CRITICAL violation for gpu_utilization:
  Value: -0.61 (Threshold: -0.68)
  Trend: stable

[2025-03-10 16:33:19] CRITICAL: gpu_utilization
Value -0.61 exceeds critical threshold -0.14
[2025-03-10 16:33:19] CRITICAL violation for memory_ratio:
  Value: 10.79 (Threshold: 10.79)
  Trend: stable

[2025-03-10 16:33:19] CRITICAL violation for cpu_threshold:
  Value: 98.04 (Threshold: 133.28)
  Trend: stable

[2025-03-10 16:33:19] CRITICAL violation for gpu_utilization:
  Value: -0.62 (Threshold: -0.68)
  Trend: stable

[2025-03-10 16:33:19] CRITICAL: gpu_utilization
Value -0.62 exceeds critical threshold -0.14
[2025-03-10 16:33:20] CRITICAL violation for memory_ratio:
  Value: 10.47 (Threshold: 10.79)
  Trend: stable

[2025-03-10 16:33:20] CRITICAL violation for cpu_threshold:
  Value: 97.39 (Threshold: 133.28)
  Trend: stable

[2025-03-10 16:33:20] CRITICAL violation for gpu_utilization:
  Value: -0.87 (Threshold: -0.68)
  Trend: stable

[2025-03-10 16:33:20] CRITICAL: gpu_utilization
Value -0.87 exceeds critical threshold -0.14
[2025-03-10 16:33:20] CRITICAL violation for memory_ratio:
  Value: 10.13 (Threshold: 10.79)
  Trend: stable

[2025-03-10 16:33:20] CRITICAL violation for cpu_threshold:
  Value: 76.01 (Threshold: 133.28)
  Trend: stable

[2025-03-10 16:33:20] CRITICAL violation for gpu_utilization:
  Value: -0.66 (Threshold: -0.68)
  Trend: stable

[2025-03-10 16:33:20] CRITICAL: gpu_utilization
Value -0.66 exceeds critical threshold -0.14
[2025-03-10 16:33:20] CRITICAL violation for memory_ratio:
  Value: 9.77 (Threshold: 10.79)
  Trend: stable

[2025-03-10 16:33:20] CRITICAL violation for cpu_threshold:
  Value: 113.63 (Threshold: 132.90)
  Trend: stable

[2025-03-10 16:33:20] CRITICAL violation for gpu_utilization:
  Value: -0.40 (Threshold: -0.68)
  Trend: stable

[2025-03-10 16:33:20] CRITICAL: gpu_utilization
Value -0.40 exceeds critical threshold -0.14
[2025-03-10 16:33:20] CRITICAL violation for memory_ratio:
  Value: 9.42 (Threshold: 10.79)
  Trend: stable

[2025-03-10 16:33:20] CRITICAL violation for cpu_threshold:
  Value: 117.16 (Threshold: 132.90)
  Trend: stable

[2025-03-10 16:33:20] CRITICAL violation for gpu_utilization:
  Value: -0.53 (Threshold: -0.68)
  Trend: stable

[2025-03-10 16:33:20] CRITICAL: gpu_utilization
Value -0.53 exceeds critical threshold -0.14
[2025-03-10 16:33:20] CRITICAL violation for memory_ratio:
  Value: 10.46 (Threshold: 10.79)
  Trend: stable

[2025-03-10 16:33:20] CRITICAL violation for cpu_threshold:
  Value: 85.56 (Threshold: 132.90)
  Trend: stable

[2025-03-10 16:33:20] CRITICAL violation for gpu_utilization:
  Value: -0.51 (Threshold: -0.68)
  Trend: stable

[2025-03-10 16:33:20] CRITICAL: gpu_utilization
Value -0.51 exceeds critical threshold -0.14
[2025-03-10 16:33:21] CRITICAL violation for memory_ratio:
  Value: 8.87 (Threshold: 10.79)
  Trend: stable

[2025-03-10 16:33:21] CRITICAL violation for cpu_threshold:
  Value: 98.78 (Threshold: 132.90)
  Trend: stable

[2025-03-10 16:33:21] CRITICAL violation for gpu_utilization:
  Value: -0.61 (Threshold: -0.68)
  Trend: stable

[2025-03-10 16:33:21] CRITICAL: gpu_utilization
Value -0.61 exceeds critical threshold -0.14
[2025-03-10 16:33:21] CRITICAL violation for memory_ratio:
  Value: 9.81 (Threshold: 10.77)
  Trend: stable

[2025-03-10 16:33:21] CRITICAL violation for cpu_threshold:
  Value: 92.53 (Threshold: 132.90)
  Trend: stable

[2025-03-10 16:33:21] CRITICAL violation for gpu_utilization:
  Value: -0.68 (Threshold: -0.68)
  Trend: stable

[2025-03-10 16:33:21] CRITICAL: gpu_utilization
Value -0.68 exceeds critical threshold -0.14
[2025-03-10 16:33:21] CRITICAL violation for memory_ratio:
  Value: 9.39 (Threshold: 10.77)
  Trend: stable

[2025-03-10 16:33:21] CRITICAL violation for cpu_threshold:
  Value: 111.15 (Threshold: 132.90)
  Trend: stable

[2025-03-10 16:33:21] CRITICAL violation for gpu_utilization:
  Value: -0.83 (Threshold: -0.68)
  Trend: stable

[2025-03-10 16:33:21] CRITICAL: gpu_utilization
Value -0.83 exceeds critical threshold -0.14
[2025-03-10 16:33:21] CRITICAL violation for memory_ratio:
  Value: 10.70 (Threshold: 10.77)
  Trend: stable

[2025-03-10 16:33:21] CRITICAL violation for cpu_threshold:
  Value: 97.99 (Threshold: 132.90)
  Trend: stable

[2025-03-10 16:33:21] CRITICAL violation for gpu_utilization:
  Value: -0.69 (Threshold: -0.68)
  Trend: stable

[2025-03-10 16:33:21] CRITICAL: gpu_utilization
Value -0.69 exceeds critical threshold -0.14
[2025-03-10 16:33:21] CRITICAL violation for memory_ratio:
  Value: 14.58 (Threshold: 10.79)
  Trend: stable

[2025-03-10 16:33:21] WARNING: memory_ratio
Value 14.58 exceeds warning threshold 12.95
[2025-03-10 16:33:21] CRITICAL violation for cpu_threshold:
  Value: 160.89 (Threshold: 133.97)
  Trend: stable

[2025-03-10 16:33:21] WARNING: cpu_threshold
Value 160.89 exceeds warning threshold 160.77
[2025-03-10 16:33:21] CRITICAL violation for gpu_utilization:
  Value: -0.72 (Threshold: -0.69)
  Trend: stable

[2025-03-10 16:33:21] CRITICAL: gpu_utilization
Value -0.72 exceeds critical threshold -0.14
[2025-03-10 16:33:22] CRITICAL violation for memory_ratio:
  Value: 10.49 (Threshold: 10.79)
  Trend: stable

[2025-03-10 16:33:22] CRITICAL violation for memory_ratio:
  Value: 10.41 (Threshold: 10.79)
  Trend: stable

[2025-03-10 16:33:22] CRITICAL violation for cpu_threshold:
  Value: 122.53 (Threshold: 133.97)
  Trend: stable

[2025-03-10 16:33:22] CRITICAL violation for gpu_utilization:
  Value: -0.65 (Threshold: -0.69)
  Trend: stable

[2025-03-10 16:33:22] CRITICAL: gpu_utilization
Value -0.65 exceeds critical threshold -0.14
[2025-03-10 16:33:22] CRITICAL violation for memory_ratio:
  Value: 10.28 (Threshold: 10.79)
  Trend: stable

[2025-03-10 16:33:22] CRITICAL violation for cpu_threshold:
  Value: 95.49 (Threshold: 133.97)
  Trend: stable

[2025-03-10 16:33:22] CRITICAL violation for gpu_utilization:
  Value: -0.78 (Threshold: -0.71)
  Trend: decreasing

[2025-03-10 16:33:22] CRITICAL: gpu_utilization
Value -0.78 exceeds critical threshold -0.14
[2025-03-10 16:33:23] CRITICAL violation for memory_ratio:
  Value: 10.55 (Threshold: 10.79)
  Trend: stable

[2025-03-10 16:33:23] CRITICAL violation for cpu_threshold:
  Value: 101.96 (Threshold: 133.97)
  Trend: stable

[2025-03-10 16:33:23] CRITICAL violation for gpu_utilization:
  Value: -1.00 (Threshold: -0.73)
  Trend: decreasing

[2025-03-10 16:33:23] CRITICAL: gpu_utilization
Value -1.00 exceeds critical threshold -0.15
[2025-03-10 16:33:24] CRITICAL violation for memory_ratio:
  Value: 10.81 (Threshold: 10.81)
  Trend: stable

[2025-03-10 16:33:24] CRITICAL violation for cpu_threshold:
  Value: 101.30 (Threshold: 133.97)
  Trend: stable

[2025-03-10 16:33:24] CRITICAL violation for gpu_utilization:
  Value: -0.73 (Threshold: -0.73)
  Trend: stable

[2025-03-10 16:33:24] CRITICAL: gpu_utilization
Value -0.73 exceeds critical threshold -0.15
[2025-03-10 16:33:25] CRITICAL violation for memory_ratio:
  Value: 10.26 (Threshold: 10.81)
  Trend: stable

[2025-03-10 16:33:25] CRITICAL violation for cpu_threshold:
  Value: 112.72 (Threshold: 133.97)
  Trend: stable

[2025-03-10 16:33:25] CRITICAL violation for gpu_utilization:
  Value: -0.85 (Threshold: -0.78)
  Trend: stable

[2025-03-10 16:33:25] CRITICAL: gpu_utilization
Value -0.85 exceeds critical threshold -0.16
[2025-03-10 16:33:25] CRITICAL violation for memory_ratio:
  Value: 14.83 (Threshold: 10.99)
  Trend: stable

[2025-03-10 16:33:25] WARNING: memory_ratio
Value 14.83 exceeds warning threshold 13.19
[2025-03-10 16:33:25] CRITICAL violation for cpu_threshold:
  Value: 96.31 (Threshold: 133.97)
  Trend: stable

[2025-03-10 16:33:25] CRITICAL violation for gpu_utilization:
  Value: -0.65 (Threshold: -0.78)
  Trend: stable

[2025-03-10 16:33:25] CRITICAL: gpu_utilization
Value -0.65 exceeds critical threshold -0.16
[2025-03-10 16:33:25] CRITICAL violation for memory_ratio:
  Value: 9.91 (Threshold: 10.99)
  Trend: stable

[2025-03-10 16:33:25] CRITICAL violation for cpu_threshold:
  Value: 97.33 (Threshold: 133.97)
  Trend: stable

[2025-03-10 16:33:25] CRITICAL violation for gpu_utilization:
  Value: -0.59 (Threshold: -0.78)
  Trend: stable

[2025-03-10 16:33:25] CRITICAL: gpu_utilization
Value -0.59 exceeds critical threshold -0.16
[2025-03-10 16:33:25] CRITICAL violation for memory_ratio:
  Value: 9.84 (Threshold: 10.99)
  Trend: stable

[2025-03-10 16:33:25] CRITICAL violation for cpu_threshold:
  Value: 107.77 (Threshold: 133.97)
  Trend: stable

[2025-03-10 16:33:25] CRITICAL violation for gpu_utilization:
  Value: -1.40 (Threshold: -0.83)
  Trend: stable

[2025-03-10 16:33:25] CRITICAL: gpu_utilization
Value -1.40 exceeds critical threshold -0.17
[2025-03-10 16:33:25] CRITICAL violation for memory_ratio:
  Value: 10.18 (Threshold: 10.99)
  Trend: stable

[2025-03-10 16:33:25] CRITICAL violation for cpu_threshold:
  Value: 105.50 (Threshold: 133.97)
  Trend: stable

[2025-03-10 16:33:25] CRITICAL violation for gpu_utilization:
  Value: -0.91 (Threshold: -0.84)
  Trend: stable

[2025-03-10 16:33:25] CRITICAL: gpu_utilization
Value -0.91 exceeds critical threshold -0.17
[2025-03-10 16:33:25] CRITICAL violation for memory_ratio:
  Value: 10.35 (Threshold: 10.99)
  Trend: stable

[2025-03-10 16:33:25] CRITICAL violation for cpu_threshold:
  Value: 127.57 (Threshold: 133.97)
  Trend: stable

[2025-03-10 16:33:25] CRITICAL violation for gpu_utilization:
  Value: -0.81 (Threshold: -0.84)
  Trend: stable

[2025-03-10 16:33:25] CRITICAL: gpu_utilization
Value -0.81 exceeds critical threshold -0.17
[2025-03-10 16:33:25] CRITICAL violation for memory_ratio:
  Value: 10.72 (Threshold: 10.99)
  Trend: stable

[2025-03-10 16:33:25] CRITICAL violation for cpu_threshold:
  Value: 114.85 (Threshold: 133.97)
  Trend: stable

[2025-03-10 16:33:25] CRITICAL violation for gpu_utilization:
  Value: -0.82 (Threshold: -0.84)
  Trend: stable

[2025-03-10 16:33:25] CRITICAL: gpu_utilization
Value -0.82 exceeds critical threshold -0.17
[2025-03-10 16:33:25] CRITICAL violation for memory_ratio:
  Value: 10.49 (Threshold: 10.99)
  Trend: stable

[2025-03-10 16:33:25] CRITICAL violation for cpu_threshold:
  Value: 106.14 (Threshold: 133.97)
  Trend: stable

[2025-03-10 16:33:25] CRITICAL violation for gpu_utilization:
  Value: -0.78 (Threshold: -0.84)
  Trend: stable

[2025-03-10 16:33:25] CRITICAL: gpu_utilization
Value -0.78 exceeds critical threshold -0.17
[2025-03-10 16:33:25] CRITICAL violation for memory_ratio:
  Value: 10.10 (Threshold: 10.99)
  Trend: stable

[2025-03-10 16:33:25] CRITICAL violation for cpu_threshold:
  Value: 115.32 (Threshold: 133.97)
  Trend: stable

[2025-03-10 16:33:25] CRITICAL violation for gpu_utilization:
  Value: -0.68 (Threshold: -0.84)
  Trend: stable

[2025-03-10 16:33:25] CRITICAL: gpu_utilization
Value -0.68 exceeds critical threshold -0.17
[2025-03-10 16:33:26] CRITICAL violation for memory_ratio:
  Value: 10.89 (Threshold: 11.07)
  Trend: stable

[2025-03-10 16:33:26] CRITICAL violation for cpu_threshold:
  Value: 107.24 (Threshold: 133.97)
  Trend: stable

[2025-03-10 16:33:26] CRITICAL violation for gpu_utilization:
  Value: -0.79 (Threshold: -0.84)
  Trend: stable

[2025-03-10 16:33:26] CRITICAL: gpu_utilization
Value -0.79 exceeds critical threshold -0.17
[2025-03-10 16:33:26] CRITICAL violation for memory_ratio:
  Value: 10.42 (Threshold: 11.07)
  Trend: stable

[2025-03-10 16:33:26] CRITICAL violation for cpu_threshold:
  Value: 118.44 (Threshold: 133.97)
  Trend: stable

[2025-03-10 16:33:26] CRITICAL violation for gpu_utilization:
  Value: -0.76 (Threshold: -0.84)
  Trend: stable

[2025-03-10 16:33:26] CRITICAL: gpu_utilization
Value -0.76 exceeds critical threshold -0.17
[2025-03-10 16:33:26] CRITICAL violation for memory_ratio:
  Value: 12.27 (Threshold: 12.38)
  Trend: stable

[2025-03-10 16:33:26] CRITICAL violation for cpu_threshold:
  Value: 87.86 (Threshold: 133.97)
  Trend: stable

[2025-03-10 16:33:26] CRITICAL violation for gpu_utilization:
  Value: -0.86 (Threshold: -0.85)
  Trend: stable

[2025-03-10 16:33:26] CRITICAL: gpu_utilization
Value -0.86 exceeds critical threshold -0.17
[2025-03-10 16:33:26] CRITICAL violation for memory_ratio:
  Value: 10.27 (Threshold: 12.38)
  Trend: stable

[2025-03-10 16:33:26] CRITICAL violation for cpu_threshold:
  Value: 111.87 (Threshold: 133.97)
  Trend: stable

[2025-03-10 16:33:26] CRITICAL violation for gpu_utilization:
  Value: -0.85 (Threshold: -0.85)
  Trend: stable

[2025-03-10 16:33:26] CRITICAL: gpu_utilization
Value -0.85 exceeds critical threshold -0.17
[2025-03-10 16:33:26] CRITICAL violation for memory_ratio:
  Value: 10.25 (Threshold: 12.38)
  Trend: stable

[2025-03-10 16:33:26] CRITICAL violation for cpu_threshold:
  Value: 110.26 (Threshold: 133.97)
  Trend: stable

[2025-03-10 16:33:26] CRITICAL violation for gpu_utilization:
  Value: -0.87 (Threshold: -0.86)
  Trend: stable

[2025-03-10 16:33:26] CRITICAL: gpu_utilization
Value -0.87 exceeds critical threshold -0.17
[2025-03-10 16:33:26] CRITICAL violation for memory_ratio:
  Value: 10.86 (Threshold: 12.38)
  Trend: stable

[2025-03-10 16:33:26] CRITICAL violation for cpu_threshold:
  Value: 113.13 (Threshold: 133.97)
  Trend: stable

[2025-03-10 16:33:26] CRITICAL violation for gpu_utilization:
  Value: -0.85 (Threshold: -0.86)
  Trend: stable

[2025-03-10 16:33:27] CRITICAL: gpu_utilization
Value -0.85 exceeds critical threshold -0.17
[2025-03-10 16:33:27] CRITICAL violation for memory_ratio:
  Value: 11.99 (Threshold: 12.38)
  Trend: stable

[2025-03-10 16:33:27] CRITICAL violation for cpu_threshold:
  Value: 98.21 (Threshold: 133.97)
  Trend: stable

[2025-03-10 16:33:27] CRITICAL violation for gpu_utilization:
  Value: -0.63 (Threshold: -0.86)
  Trend: stable

[2025-03-10 16:33:27] CRITICAL: gpu_utilization
Value -0.63 exceeds critical threshold -0.17
[2025-03-10 16:33:27] CRITICAL violation for memory_ratio:
  Value: 10.12 (Threshold: 12.38)
  Trend: stable

[2025-03-10 16:33:27] CRITICAL violation for cpu_threshold:
  Value: 106.09 (Threshold: 133.97)
  Trend: stable

[2025-03-10 16:33:27] CRITICAL violation for gpu_utilization:
  Value: -0.74 (Threshold: -0.86)
  Trend: stable

[2025-03-10 16:33:27] CRITICAL: gpu_utilization
Value -0.74 exceeds critical threshold -0.17
[2025-03-10 16:33:28] CRITICAL violation for memory_ratio:
  Value: 10.99 (Threshold: 12.38)
  Trend: stable

[2025-03-10 16:33:28] CRITICAL violation for cpu_threshold:
  Value: 104.62 (Threshold: 133.20)
  Trend: stable

[2025-03-10 16:33:28] CRITICAL violation for gpu_utilization:
  Value: -0.80 (Threshold: -0.86)
  Trend: stable

[2025-03-10 16:33:28] CRITICAL: gpu_utilization
Value -0.80 exceeds critical threshold -0.17
[2025-03-10 16:33:28] CRITICAL violation for memory_ratio:
  Value: 11.08 (Threshold: 12.38)
  Trend: stable

[2025-03-10 16:33:28] CRITICAL violation for cpu_threshold:
  Value: 97.24 (Threshold: 133.20)
  Trend: stable

[2025-03-10 16:33:28] CRITICAL violation for gpu_utilization:
  Value: -0.95 (Threshold: -0.87)
  Trend: stable

[2025-03-10 16:33:28] CRITICAL: gpu_utilization
Value -0.95 exceeds critical threshold -0.17
[2025-03-10 16:33:28] CRITICAL violation for memory_ratio:
  Value: 9.98 (Threshold: 12.38)
  Trend: stable

[2025-03-10 16:33:28] CRITICAL violation for cpu_threshold:
  Value: 93.90 (Threshold: 133.20)
  Trend: stable

[2025-03-10 16:33:28] CRITICAL violation for gpu_utilization:
  Value: -0.63 (Threshold: -0.87)
  Trend: stable

[2025-03-10 16:33:28] CRITICAL: gpu_utilization
Value -0.63 exceeds critical threshold -0.17
[2025-03-10 16:33:28] CRITICAL violation for memory_ratio:
  Value: 10.66 (Threshold: 12.38)
  Trend: stable

[2025-03-10 16:33:28] CRITICAL violation for cpu_threshold:
  Value: 91.67 (Threshold: 133.20)
  Trend: stable

[2025-03-10 16:33:28] CRITICAL violation for gpu_utilization:
  Value: -0.55 (Threshold: -0.87)
  Trend: stable

[2025-03-10 16:33:28] CRITICAL: gpu_utilization
Value -0.55 exceeds critical threshold -0.17
[2025-03-10 16:33:29] CRITICAL violation for memory_ratio:
  Value: 11.65 (Threshold: 12.01)
  Trend: stable

[2025-03-10 16:33:29] CRITICAL violation for cpu_threshold:
  Value: 151.92 (Threshold: 139.78)
  Trend: stable

[2025-03-10 16:33:29] CRITICAL violation for gpu_utilization:
  Value: -0.56 (Threshold: -0.87)
  Trend: stable

[2025-03-10 16:33:29] CRITICAL: gpu_utilization
Value -0.56 exceeds critical threshold -0.17
[2025-03-10 16:33:29] CRITICAL violation for memory_ratio:
  Value: 11.16 (Threshold: 12.01)
  Trend: stable

[2025-03-10 16:33:29] CRITICAL violation for cpu_threshold:
  Value: 115.30 (Threshold: 139.78)
  Trend: stable

[2025-03-10 16:33:29] CRITICAL violation for gpu_utilization:
  Value: -0.69 (Threshold: -0.87)
  Trend: stable

[2025-03-10 16:33:29] CRITICAL: gpu_utilization
Value -0.69 exceeds critical threshold -0.17
[2025-03-10 16:33:30] CRITICAL violation for memory_ratio:
  Value: 10.93 (Threshold: 12.01)
  Trend: stable

[2025-03-10 16:33:30] CRITICAL violation for cpu_threshold:
  Value: 110.22 (Threshold: 139.78)
  Trend: stable

[2025-03-10 16:33:30] CRITICAL violation for gpu_utilization:
  Value: -0.64 (Threshold: -0.87)
  Trend: stable

[2025-03-10 16:33:30] CRITICAL: gpu_utilization
Value -0.64 exceeds critical threshold -0.17
[2025-03-10 16:33:30] CRITICAL violation for memory_ratio:
  Value: 11.62 (Threshold: 12.01)
  Trend: stable

[2025-03-10 16:33:30] CRITICAL violation for cpu_threshold:
  Value: 95.66 (Threshold: 139.78)
  Trend: stable

[2025-03-10 16:33:30] CRITICAL violation for gpu_utilization:
  Value: -0.68 (Threshold: -0.87)
  Trend: stable

[2025-03-10 16:33:30] CRITICAL: gpu_utilization
Value -0.68 exceeds critical threshold -0.17
[2025-03-10 16:33:30] CRITICAL violation for memory_ratio:
  Value: 15.92 (Threshold: 12.39)
  Trend: stable

[2025-03-10 16:33:30] WARNING: memory_ratio
Value 15.92 exceeds warning threshold 14.86
[2025-03-10 16:33:30] CRITICAL violation for cpu_threshold:
  Value: 98.18 (Threshold: 139.78)
  Trend: stable

[2025-03-10 16:33:30] CRITICAL violation for gpu_utilization:
  Value: -0.76 (Threshold: -0.87)
  Trend: stable

[2025-03-10 16:33:30] CRITICAL: gpu_utilization
Value -0.76 exceeds critical threshold -0.17
[2025-03-10 16:33:30] CRITICAL violation for memory_ratio:
  Value: 11.33 (Threshold: 12.39)
  Trend: stable

[2025-03-10 16:33:30] CRITICAL violation for cpu_threshold:
  Value: 104.99 (Threshold: 139.78)
  Trend: stable

[2025-03-10 16:33:30] CRITICAL violation for gpu_utilization:
  Value: -0.72 (Threshold: -0.87)
  Trend: stable

[2025-03-10 16:33:30] CRITICAL: gpu_utilization
Value -0.72 exceeds critical threshold -0.17
[2025-03-10 16:33:30] CRITICAL violation for memory_ratio:
  Value: 11.27 (Threshold: 12.39)
  Trend: stable

[2025-03-10 16:33:30] CRITICAL violation for cpu_threshold:
  Value: 87.17 (Threshold: 139.78)
  Trend: stable

[2025-03-10 16:33:30] CRITICAL violation for gpu_utilization:
  Value: -0.78 (Threshold: -0.87)
  Trend: stable

[2025-03-10 16:33:30] CRITICAL: gpu_utilization
Value -0.78 exceeds critical threshold -0.17
[2025-03-10 16:33:30] CRITICAL violation for memory_ratio:
  Value: 10.71 (Threshold: 12.39)
  Trend: stable

[2025-03-10 16:33:30] CRITICAL violation for cpu_threshold:
  Value: 87.83 (Threshold: 139.78)
  Trend: stable

[2025-03-10 16:33:30] CRITICAL violation for gpu_utilization:
  Value: -0.43 (Threshold: -0.87)
  Trend: stable

[2025-03-10 16:33:30] CRITICAL: gpu_utilization
Value -0.43 exceeds critical threshold -0.17
[2025-03-10 16:33:30] CRITICAL violation for memory_ratio:
  Value: 11.96 (Threshold: 12.39)
  Trend: stable

[2025-03-10 16:33:30] CRITICAL violation for cpu_threshold:
  Value: 104.18 (Threshold: 139.78)
  Trend: stable

[2025-03-10 16:33:30] CRITICAL violation for gpu_utilization:
  Value: -0.61 (Threshold: -0.87)
  Trend: stable

[2025-03-10 16:33:30] CRITICAL: gpu_utilization
Value -0.61 exceeds critical threshold -0.17
[2025-03-10 16:33:31] CRITICAL violation for memory_ratio:
  Value: 12.48 (Threshold: 12.59)
  Trend: stable

[2025-03-10 16:33:31] CRITICAL violation for cpu_threshold:
  Value: 118.41 (Threshold: 133.20)
  Trend: stable

[2025-03-10 16:33:31] CRITICAL violation for gpu_utilization:
  Value: -0.70 (Threshold: -0.87)
  Trend: stable

[2025-03-10 16:33:31] CRITICAL: gpu_utilization
Value -0.70 exceeds critical threshold -0.17
[2025-03-10 16:33:31] CRITICAL violation for memory_ratio:
  Value: 11.78 (Threshold: 12.59)
  Trend: stable

[2025-03-10 16:33:31] CRITICAL violation for cpu_threshold:
  Value: 107.47 (Threshold: 133.20)
  Trend: stable

[2025-03-10 16:33:31] CRITICAL violation for gpu_utilization:
  Value: -0.55 (Threshold: -0.87)
  Trend: stable

[2025-03-10 16:33:31] CRITICAL: gpu_utilization
Value -0.55 exceeds critical threshold -0.17
[2025-03-10 16:33:31] CRITICAL violation for memory_ratio:
  Value: 11.13 (Threshold: 12.59)
  Trend: stable

[2025-03-10 16:33:31] CRITICAL violation for cpu_threshold:
  Value: 109.66 (Threshold: 133.20)
  Trend: stable

[2025-03-10 16:33:31] CRITICAL violation for gpu_utilization:
  Value: -0.67 (Threshold: -0.87)
  Trend: stable

[2025-03-10 16:33:31] CRITICAL: gpu_utilization
Value -0.67 exceeds critical threshold -0.17
[2025-03-10 16:33:31] CRITICAL violation for memory_ratio:
  Value: 10.86 (Threshold: 12.59)
  Trend: stable

[2025-03-10 16:33:31] CRITICAL violation for cpu_threshold:
  Value: 106.40 (Threshold: 133.20)
  Trend: stable

[2025-03-10 16:33:31] CRITICAL violation for gpu_utilization:
  Value: -0.58 (Threshold: -0.87)
  Trend: stable

[2025-03-10 16:33:31] CRITICAL: gpu_utilization
Value -0.58 exceeds critical threshold -0.17
[2025-03-10 16:33:31] CRITICAL violation for memory_ratio:
  Value: 10.65 (Threshold: 12.59)
  Trend: stable

[2025-03-10 16:33:31] CRITICAL violation for cpu_threshold:
  Value: 123.08 (Threshold: 133.20)
  Trend: stable

[2025-03-10 16:33:31] CRITICAL violation for gpu_utilization:
  Value: -0.84 (Threshold: -0.87)
  Trend: stable

[2025-03-10 16:33:31] CRITICAL: gpu_utilization
Value -0.84 exceeds critical threshold -0.17
[2025-03-10 16:33:31] CRITICAL violation for memory_ratio:
  Value: 11.44 (Threshold: 12.59)
  Trend: stable

[2025-03-10 16:33:31] CRITICAL violation for cpu_threshold:
  Value: 115.77 (Threshold: 133.20)
  Trend: stable

[2025-03-10 16:33:31] CRITICAL violation for gpu_utilization:
  Value: -0.61 (Threshold: -0.87)
  Trend: stable

[2025-03-10 16:33:31] CRITICAL: gpu_utilization
Value -0.61 exceeds critical threshold -0.17
[2025-03-10 16:33:32] CRITICAL violation for memory_ratio:
  Value: 10.84 (Threshold: 12.59)
  Trend: stable

[2025-03-10 16:33:32] CRITICAL violation for cpu_threshold:
  Value: 102.61 (Threshold: 133.20)
  Trend: stable

[2025-03-10 16:33:32] CRITICAL violation for gpu_utilization:
  Value: -0.59 (Threshold: -0.87)
  Trend: stable

[2025-03-10 16:33:32] CRITICAL: gpu_utilization
Value -0.59 exceeds critical threshold -0.17
[2025-03-10 16:33:32] CRITICAL violation for memory_ratio:
  Value: 17.50 (Threshold: 14.59)
  Trend: stable

[2025-03-10 16:33:32] CRITICAL violation for cpu_threshold:
  Value: 95.40 (Threshold: 133.20)
  Trend: stable

[2025-03-10 16:33:32] CRITICAL violation for gpu_utilization:
  Value: -0.76 (Threshold: -0.87)
  Trend: stable

[2025-03-10 16:33:32] CRITICAL: gpu_utilization
Value -0.76 exceeds critical threshold -0.17
[2025-03-10 16:33:32] CRITICAL violation for memory_ratio:
  Value: 11.38 (Threshold: 14.59)
  Trend: stable

[2025-03-10 16:33:32] CRITICAL violation for cpu_threshold:
  Value: 90.21 (Threshold: 128.18)
  Trend: stable

[2025-03-10 16:33:32] CRITICAL violation for gpu_utilization:
  Value: -0.57 (Threshold: -0.87)
  Trend: stable

[2025-03-10 16:33:32] CRITICAL: gpu_utilization
Value -0.57 exceeds critical threshold -0.17
[2025-03-10 16:33:32] CRITICAL violation for memory_ratio:
  Value: 12.13 (Threshold: 14.59)
  Trend: stable

[2025-03-10 16:33:32] CRITICAL violation for cpu_threshold:
  Value: 94.99 (Threshold: 128.18)
  Trend: stable

[2025-03-10 16:33:32] CRITICAL violation for gpu_utilization:
  Value: -0.63 (Threshold: -0.87)
  Trend: stable

[2025-03-10 16:33:32] CRITICAL: gpu_utilization
Value -0.63 exceeds critical threshold -0.17
[2025-03-10 16:33:32] CRITICAL violation for memory_ratio:
  Value: 10.64 (Threshold: 14.59)
  Trend: stable

[2025-03-10 16:33:32] CRITICAL violation for cpu_threshold:
  Value: 84.26 (Threshold: 128.18)
  Trend: stable

[2025-03-10 16:33:32] CRITICAL violation for gpu_utilization:
  Value: -0.67 (Threshold: -0.87)
  Trend: stable

[2025-03-10 16:33:32] CRITICAL: gpu_utilization
Value -0.67 exceeds critical threshold -0.17
[2025-03-10 16:33:32] CRITICAL violation for memory_ratio:
  Value: 11.57 (Threshold: 14.59)
  Trend: stable

[2025-03-10 16:33:32] CRITICAL violation for cpu_threshold:
  Value: 109.97 (Threshold: 128.18)
  Trend: stable

[2025-03-10 16:33:32] CRITICAL violation for gpu_utilization:
  Value: -0.50 (Threshold: -0.87)
  Trend: stable

[2025-03-10 16:33:32] CRITICAL: gpu_utilization
Value -0.50 exceeds critical threshold -0.17
[2025-03-10 16:33:32] CRITICAL violation for memory_ratio:
  Value: 11.98 (Threshold: 14.59)
  Trend: stable

[2025-03-10 16:33:32] CRITICAL violation for cpu_threshold:
  Value: 101.09 (Threshold: 128.18)
  Trend: stable

[2025-03-10 16:33:32] CRITICAL violation for gpu_utilization:
  Value: -0.60 (Threshold: -0.87)
  Trend: stable

[2025-03-10 16:33:32] CRITICAL: gpu_utilization
Value -0.60 exceeds critical threshold -0.17
[2025-03-10 16:33:33] CRITICAL violation for memory_ratio:
  Value: 11.44 (Threshold: 14.59)
  Trend: stable

[2025-03-10 16:33:33] CRITICAL violation for cpu_threshold:
  Value: 127.91 (Threshold: 128.50)
  Trend: stable

[2025-03-10 16:33:33] CRITICAL violation for gpu_utilization:
  Value: -0.51 (Threshold: -0.87)
  Trend: stable

[2025-03-10 16:33:33] CRITICAL: gpu_utilization
Value -0.51 exceeds critical threshold -0.17
[2025-03-10 16:33:33] CRITICAL violation for memory_ratio:
  Value: 12.29 (Threshold: 14.59)
  Trend: stable

[2025-03-10 16:33:33] CRITICAL violation for cpu_threshold:
  Value: 102.76 (Threshold: 128.50)
  Trend: stable

[2025-03-10 16:33:33] CRITICAL violation for gpu_utilization:
  Value: -0.67 (Threshold: -0.87)
  Trend: stable

[2025-03-10 16:33:33] CRITICAL: gpu_utilization
Value -0.67 exceeds critical threshold -0.17
[2025-03-10 16:33:33] CRITICAL violation for memory_ratio:
  Value: 11.58 (Threshold: 14.59)
  Trend: stable

[2025-03-10 16:33:33] CRITICAL violation for cpu_threshold:
  Value: 104.62 (Threshold: 128.50)
  Trend: stable

[2025-03-10 16:33:33] CRITICAL violation for gpu_utilization:
  Value: -0.68 (Threshold: -0.87)
  Trend: stable

[2025-03-10 16:33:33] CRITICAL: gpu_utilization
Value -0.68 exceeds critical threshold -0.17
[2025-03-10 16:33:33] CRITICAL violation for memory_ratio:
  Value: 11.04 (Threshold: 14.59)
  Trend: stable

[2025-03-10 16:33:33] CRITICAL violation for cpu_threshold:
  Value: 99.19 (Threshold: 128.50)
  Trend: stable

[2025-03-10 16:33:33] CRITICAL violation for gpu_utilization:
  Value: -0.73 (Threshold: -0.87)
  Trend: stable

[2025-03-10 16:33:33] CRITICAL: gpu_utilization
Value -0.73 exceeds critical threshold -0.17
[2025-03-10 16:33:33] CRITICAL violation for memory_ratio:
  Value: 17.94 (Threshold: 14.80)
  Trend: stable

[2025-03-10 16:33:33] WARNING: memory_ratio
Value 17.94 exceeds warning threshold 17.75
[2025-03-10 16:33:33] CRITICAL violation for cpu_threshold:
  Value: 157.50 (Threshold: 139.78)
  Trend: stable

[2025-03-10 16:33:33] CRITICAL violation for gpu_utilization:
  Value: -0.56 (Threshold: -0.87)
  Trend: stable

[2025-03-10 16:33:33] CRITICAL: gpu_utilization
Value -0.56 exceeds critical threshold -0.17
[2025-03-10 16:33:35] CRITICAL violation for memory_ratio:
  Value: 12.09 (Threshold: 14.80)
  Trend: stable

[2025-03-10 16:33:35] CRITICAL violation for cpu_threshold:
  Value: 115.42 (Threshold: 139.78)
  Trend: stable

[2025-03-10 16:33:35] CRITICAL violation for gpu_utilization:
  Value: -0.44 (Threshold: -0.87)
  Trend: stable

[2025-03-10 16:33:35] CRITICAL: gpu_utilization
Value -0.44 exceeds critical threshold -0.17
[2025-03-10 16:33:35] CRITICAL violation for memory_ratio:
  Value: 11.67 (Threshold: 14.80)
  Trend: stable

[2025-03-10 16:33:35] CRITICAL violation for cpu_threshold:
  Value: 155.12 (Threshold: 140.33)
  Trend: stable

[2025-03-10 16:33:35] CRITICAL violation for gpu_utilization:
  Value: -0.64 (Threshold: -0.87)
  Trend: stable

[2025-03-10 16:33:35] CRITICAL: gpu_utilization
Value -0.64 exceeds critical threshold -0.17
[2025-03-10 16:33:36] CRITICAL violation for memory_ratio:
  Value: 11.98 (Threshold: 14.80)
  Trend: stable

[2025-03-10 16:33:36] CRITICAL violation for memory_ratio:
  Value: 11.81 (Threshold: 14.80)
  Trend: stable

[2025-03-10 16:33:36] CRITICAL violation for cpu_threshold:
  Value: 127.44 (Threshold: 140.33)
  Trend: stable

[2025-03-10 16:33:36] CRITICAL violation for gpu_utilization:
  Value: -0.59 (Threshold: -0.87)
  Trend: stable

[2025-03-10 16:33:36] CRITICAL: gpu_utilization
Value -0.59 exceeds critical threshold -0.17
[2025-03-10 16:33:36] CRITICAL violation for memory_ratio:
  Value: 10.99 (Threshold: 14.80)
  Trend: stable

[2025-03-10 16:33:36] CRITICAL violation for cpu_threshold:
  Value: 85.86 (Threshold: 140.33)
  Trend: stable

[2025-03-10 16:33:36] CRITICAL violation for gpu_utilization:
  Value: -0.51 (Threshold: -0.87)
  Trend: stable

[2025-03-10 16:33:36] CRITICAL: gpu_utilization
Value -0.51 exceeds critical threshold -0.17
[2025-03-10 16:33:36] CRITICAL violation for memory_ratio:
  Value: 12.13 (Threshold: 14.80)
  Trend: stable

[2025-03-10 16:33:36] CRITICAL violation for cpu_threshold:
  Value: 103.61 (Threshold: 140.33)
  Trend: stable

[2025-03-10 16:33:36] CRITICAL violation for gpu_utilization:
  Value: -0.55 (Threshold: -0.87)
  Trend: stable

[2025-03-10 16:33:36] CRITICAL: gpu_utilization
Value -0.55 exceeds critical threshold -0.17
[2025-03-10 16:33:36] CRITICAL violation for memory_ratio:
  Value: 11.59 (Threshold: 14.80)
  Trend: stable

[2025-03-10 16:33:36] CRITICAL violation for cpu_threshold:
  Value: 109.66 (Threshold: 140.33)
  Trend: stable

[2025-03-10 16:33:36] CRITICAL violation for gpu_utilization:
  Value: -0.50 (Threshold: -0.87)
  Trend: stable

[2025-03-10 16:33:36] CRITICAL: gpu_utilization
Value -0.50 exceeds critical threshold -0.17
[2025-03-10 16:33:36] CRITICAL violation for memory_ratio:
  Value: 12.29 (Threshold: 14.80)
  Trend: stable

[2025-03-10 16:33:36] CRITICAL violation for cpu_threshold:
  Value: 110.68 (Threshold: 129.11)
  Trend: stable

[2025-03-10 16:33:36] CRITICAL violation for gpu_utilization:
  Value: -0.35 (Threshold: -0.87)
  Trend: stable

[2025-03-10 16:33:36] CRITICAL: gpu_utilization
Value -0.35 exceeds critical threshold -0.17
[2025-03-10 16:33:36] CRITICAL violation for memory_ratio:
  Value: 13.01 (Threshold: 14.80)
  Trend: stable

[2025-03-10 16:33:36] CRITICAL violation for cpu_threshold:
  Value: 96.71 (Threshold: 127.59)
  Trend: stable

[2025-03-10 16:33:36] CRITICAL violation for gpu_utilization:
  Value: -0.68 (Threshold: -0.87)
  Trend: stable

[2025-03-10 16:33:36] CRITICAL: gpu_utilization
Value -0.68 exceeds critical threshold -0.17
[2025-03-10 16:33:36] CRITICAL violation for memory_ratio:
  Value: 11.67 (Threshold: 14.80)
  Trend: stable

[2025-03-10 16:33:36] CRITICAL violation for cpu_threshold:
  Value: 115.79 (Threshold: 127.59)
  Trend: stable

[2025-03-10 16:33:36] CRITICAL violation for gpu_utilization:
  Value: -0.44 (Threshold: -0.87)
  Trend: stable

[2025-03-10 16:33:36] CRITICAL: gpu_utilization
Value -0.44 exceeds critical threshold -0.17
[2025-03-10 16:33:37] CRITICAL violation for memory_ratio:
  Value: 12.48 (Threshold: 14.80)
  Trend: stable

[2025-03-10 16:33:37] CRITICAL violation for cpu_threshold:
  Value: 100.85 (Threshold: 127.59)
  Trend: stable

[2025-03-10 16:33:37] CRITICAL violation for gpu_utilization:
  Value: -0.40 (Threshold: -0.87)
  Trend: stable

[2025-03-10 16:33:37] CRITICAL: gpu_utilization
Value -0.40 exceeds critical threshold -0.17
[2025-03-10 16:33:37] CRITICAL violation for memory_ratio:
  Value: 11.53 (Threshold: 14.80)
  Trend: stable

[2025-03-10 16:33:37] CRITICAL violation for cpu_threshold:
  Value: 94.49 (Threshold: 127.59)
  Trend: stable

[2025-03-10 16:33:37] CRITICAL violation for gpu_utilization:
  Value: -0.50 (Threshold: -0.87)
  Trend: stable

[2025-03-10 16:33:37] CRITICAL: gpu_utilization
Value -0.50 exceeds critical threshold -0.17
[2025-03-10 16:33:37] CRITICAL violation for memory_ratio:
  Value: 12.89 (Threshold: 14.80)
  Trend: stable

[2025-03-10 16:33:37] CRITICAL violation for cpu_threshold:
  Value: 97.53 (Threshold: 127.59)
  Trend: stable

[2025-03-10 16:33:37] CRITICAL violation for gpu_utilization:
  Value: -0.29 (Threshold: -0.87)
  Trend: stable

[2025-03-10 16:33:37] CRITICAL: gpu_utilization
Value -0.29 exceeds critical threshold -0.17
[2025-03-10 16:33:37] CRITICAL violation for memory_ratio:
  Value: 11.92 (Threshold: 14.80)
  Trend: stable

[2025-03-10 16:33:37] CRITICAL violation for cpu_threshold:
  Value: 112.93 (Threshold: 127.59)
  Trend: stable

[2025-03-10 16:33:37] CRITICAL violation for gpu_utilization:
  Value: -0.73 (Threshold: -0.87)
  Trend: stable

[2025-03-10 16:33:37] CRITICAL: gpu_utilization
Value -0.73 exceeds critical threshold -0.17
[2025-03-10 16:33:37] CRITICAL violation for memory_ratio:
  Value: 11.94 (Threshold: 14.80)
  Trend: stable

[2025-03-10 16:33:37] CRITICAL violation for cpu_threshold:
  Value: 105.76 (Threshold: 127.59)
  Trend: stable

[2025-03-10 16:33:37] CRITICAL violation for gpu_utilization:
  Value: -0.58 (Threshold: -0.87)
  Trend: stable

[2025-03-10 16:33:37] CRITICAL: gpu_utilization
Value -0.58 exceeds critical threshold -0.17
[2025-03-10 16:33:37] CRITICAL violation for memory_ratio:
  Value: 12.64 (Threshold: 14.80)
  Trend: stable

[2025-03-10 16:33:37] CRITICAL violation for cpu_threshold:
  Value: 121.86 (Threshold: 127.59)
  Trend: stable

[2025-03-10 16:33:37] CRITICAL violation for gpu_utilization:
  Value: -0.52 (Threshold: -0.87)
  Trend: stable

[2025-03-10 16:33:37] CRITICAL: gpu_utilization
Value -0.52 exceeds critical threshold -0.17
[2025-03-10 16:33:38] CRITICAL violation for memory_ratio:
  Value: 18.94 (Threshold: 14.84)
  Trend: stable

[2025-03-10 16:33:38] WARNING: memory_ratio
Value 18.94 exceeds warning threshold 17.81
[2025-03-10 16:33:38] CRITICAL violation for memory_ratio:
  Value: 12.44 (Threshold: 14.84)
  Trend: stable

[2025-03-10 16:33:38] CRITICAL violation for cpu_threshold:
  Value: 110.31 (Threshold: 127.59)
  Trend: stable

[2025-03-10 16:33:38] CRITICAL violation for gpu_utilization:
  Value: -0.54 (Threshold: -0.87)
  Trend: stable

[2025-03-10 16:33:38] CRITICAL: gpu_utilization
Value -0.54 exceeds critical threshold -0.17
[2025-03-10 16:33:38] CRITICAL violation for memory_ratio:
  Value: 12.91 (Threshold: 14.84)
  Trend: stable

[2025-03-10 16:33:38] CRITICAL violation for cpu_threshold:
  Value: 100.01 (Threshold: 127.59)
  Trend: stable

[2025-03-10 16:33:38] CRITICAL violation for gpu_utilization:
  Value: -0.55 (Threshold: -0.87)
  Trend: stable

[2025-03-10 16:33:38] CRITICAL: gpu_utilization
Value -0.55 exceeds critical threshold -0.17
[2025-03-10 16:33:38] CRITICAL violation for memory_ratio:
  Value: 13.04 (Threshold: 14.84)
  Trend: stable

[2025-03-10 16:33:38] CRITICAL violation for cpu_threshold:
  Value: 116.04 (Threshold: 127.59)
  Trend: stable

[2025-03-10 16:33:38] CRITICAL violation for gpu_utilization:
  Value: -0.41 (Threshold: -0.87)
  Trend: stable

[2025-03-10 16:33:38] CRITICAL: gpu_utilization
Value -0.41 exceeds critical threshold -0.17
[2025-03-10 16:33:38] CRITICAL violation for memory_ratio:
  Value: 12.73 (Threshold: 14.84)
  Trend: stable

[2025-03-10 16:33:38] CRITICAL violation for cpu_threshold:
  Value: 120.65 (Threshold: 127.59)
  Trend: stable

[2025-03-10 16:33:38] CRITICAL violation for gpu_utilization:
  Value: -0.46 (Threshold: -0.87)
  Trend: stable

[2025-03-10 16:33:38] CRITICAL: gpu_utilization
Value -0.46 exceeds critical threshold -0.17
[2025-03-10 16:33:38] CRITICAL violation for memory_ratio:
  Value: 13.00 (Threshold: 14.84)
  Trend: stable

[2025-03-10 16:33:38] CRITICAL violation for cpu_threshold:
  Value: 119.39 (Threshold: 127.59)
  Trend: stable

[2025-03-10 16:33:38] CRITICAL violation for gpu_utilization:
  Value: -0.56 (Threshold: -0.87)
  Trend: stable

[2025-03-10 16:33:38] CRITICAL: gpu_utilization
Value -0.56 exceeds critical threshold -0.17
[2025-03-10 16:33:38] CRITICAL violation for memory_ratio:
  Value: 11.20 (Threshold: 14.84)
  Trend: stable

[2025-03-10 16:33:38] CRITICAL violation for cpu_threshold:
  Value: 100.90 (Threshold: 127.59)
  Trend: stable

[2025-03-10 16:33:38] CRITICAL violation for gpu_utilization:
  Value: -0.52 (Threshold: -0.87)
  Trend: stable

[2025-03-10 16:33:38] CRITICAL: gpu_utilization
Value -0.52 exceeds critical threshold -0.17
[2025-03-10 16:33:38] CRITICAL violation for memory_ratio:
  Value: 11.96 (Threshold: 14.84)
  Trend: stable

[2025-03-10 16:33:38] CRITICAL violation for cpu_threshold:
  Value: 108.48 (Threshold: 127.59)
  Trend: stable

[2025-03-10 16:33:38] CRITICAL violation for gpu_utilization:
  Value: -0.62 (Threshold: -0.87)
  Trend: stable

[2025-03-10 16:33:38] CRITICAL: gpu_utilization
Value -0.62 exceeds critical threshold -0.17
[2025-03-10 16:33:39] CRITICAL violation for memory_ratio:
  Value: 12.46 (Threshold: 14.84)
  Trend: stable

[2025-03-10 16:33:39] CRITICAL violation for gpu_utilization:
  Value: -0.63 (Threshold: -0.87)
  Trend: stable

[2025-03-10 16:33:39] CRITICAL: gpu_utilization
Value -0.63 exceeds critical threshold -0.17
[2025-03-10 16:33:39] CRITICAL violation for memory_ratio:
  Value: 12.84 (Threshold: 14.84)
  Trend: stable

[2025-03-10 16:33:39] CRITICAL violation for cpu_threshold:
  Value: 121.40 (Threshold: 127.59)
  Trend: stable

[2025-03-10 16:33:39] CRITICAL violation for gpu_utilization:
  Value: -0.57 (Threshold: -0.87)
  Trend: stable

[2025-03-10 16:33:39] CRITICAL: gpu_utilization
Value -0.57 exceeds critical threshold -0.17
[2025-03-10 16:33:39] CRITICAL violation for memory_ratio:
  Value: 11.85 (Threshold: 14.84)
  Trend: stable

[2025-03-10 16:33:39] CRITICAL violation for cpu_threshold:
  Value: 126.14 (Threshold: 127.59)
  Trend: stable

[2025-03-10 16:33:39] CRITICAL violation for gpu_utilization:
  Value: -0.67 (Threshold: -0.87)
  Trend: stable

[2025-03-10 16:33:39] CRITICAL: gpu_utilization
Value -0.67 exceeds critical threshold -0.17
[2025-03-10 16:33:40] CRITICAL violation for memory_ratio:
  Value: 12.39 (Threshold: 14.80)
  Trend: stable

[2025-03-10 16:33:40] CRITICAL violation for cpu_threshold:
  Value: 105.20 (Threshold: 127.59)
  Trend: stable

[2025-03-10 16:33:40] CRITICAL violation for gpu_utilization:
  Value: -0.81 (Threshold: -0.87)
  Trend: decreasing

[2025-03-10 16:33:40] CRITICAL: gpu_utilization
Value -0.81 exceeds critical threshold -0.17
[2025-03-10 16:33:40] CRITICAL violation for memory_ratio:
  Value: 12.02 (Threshold: 14.80)
  Trend: stable

[2025-03-10 16:33:40] CRITICAL violation for cpu_threshold:
  Value: 122.16 (Threshold: 127.59)
  Trend: stable

[2025-03-10 16:33:40] CRITICAL violation for gpu_utilization:
  Value: -0.55 (Threshold: -0.87)
  Trend: stable

[2025-03-10 16:33:40] CRITICAL: gpu_utilization
Value -0.55 exceeds critical threshold -0.17
[2025-03-10 16:33:41] CRITICAL violation for memory_ratio:
  Value: 18.17 (Threshold: 14.88)
  Trend: stable

[2025-03-10 16:33:41] WARNING: memory_ratio
Value 18.17 exceeds warning threshold 17.86
[2025-03-10 16:33:41] CRITICAL violation for memory_ratio:
  Value: 12.97 (Threshold: 14.88)
  Trend: stable

[2025-03-10 16:33:41] CRITICAL violation for cpu_threshold:
  Value: 121.05 (Threshold: 127.59)
  Trend: stable

[2025-03-10 16:33:41] CRITICAL violation for gpu_utilization:
  Value: -0.73 (Threshold: -0.87)
  Trend: stable

[2025-03-10 16:33:41] CRITICAL: gpu_utilization
Value -0.73 exceeds critical threshold -0.17
[2025-03-10 16:33:41] CRITICAL violation for memory_ratio:
  Value: 12.00 (Threshold: 14.88)
  Trend: stable

[2025-03-10 16:33:41] CRITICAL violation for cpu_threshold:
  Value: 109.13 (Threshold: 127.59)
  Trend: stable

[2025-03-10 16:33:41] CRITICAL violation for gpu_utilization:
  Value: -0.43 (Threshold: -0.87)
  Trend: stable

[2025-03-10 16:33:41] CRITICAL: gpu_utilization
Value -0.43 exceeds critical threshold -0.17
[2025-03-10 16:33:42] CRITICAL violation for memory_ratio:
  Value: 11.61 (Threshold: 14.88)
  Trend: stable

[2025-03-10 16:33:42] CRITICAL violation for memory_ratio:
  Value: 12.76 (Threshold: 14.88)
  Trend: stable

[2025-03-10 16:33:42] CRITICAL violation for cpu_threshold:
  Value: 176.22 (Threshold: 129.11)
  Trend: stable

[2025-03-10 16:33:42] WARNING: cpu_threshold
Value 176.22 exceeds warning threshold 154.93
[2025-03-10 16:33:42] CRITICAL violation for gpu_utilization:
  Value: -0.51 (Threshold: -0.87)
  Trend: stable

[2025-03-10 16:33:42] CRITICAL: gpu_utilization
Value -0.51 exceeds critical threshold -0.17
[2025-03-10 16:33:42] CRITICAL violation for memory_ratio:
  Value: 12.60 (Threshold: 14.88)
  Trend: stable

[2025-03-10 16:33:42] CRITICAL violation for cpu_threshold:
  Value: 100.38 (Threshold: 129.11)
  Trend: stable

[2025-03-10 16:33:42] CRITICAL violation for gpu_utilization:
  Value: -0.64 (Threshold: -0.87)
  Trend: stable

[2025-03-10 16:33:42] CRITICAL: gpu_utilization
Value -0.64 exceeds critical threshold -0.17
[2025-03-10 16:33:43] CRITICAL violation for memory_ratio:
  Value: 12.35 (Threshold: 14.88)
  Trend: stable

[2025-03-10 16:33:43] CRITICAL violation for cpu_threshold:
  Value: 120.00 (Threshold: 129.11)
  Trend: stable

[2025-03-10 16:33:43] CRITICAL violation for gpu_utilization:
  Value: -0.59 (Threshold: -0.87)
  Trend: stable

[2025-03-10 16:33:43] CRITICAL: gpu_utilization
Value -0.59 exceeds critical threshold -0.17
[2025-03-10 16:33:43] CRITICAL violation for memory_ratio:
  Value: 13.35 (Threshold: 14.88)
  Trend: stable

[2025-03-10 16:33:43] CRITICAL violation for cpu_threshold:
  Value: 121.38 (Threshold: 129.11)
  Trend: stable

[2025-03-10 16:33:43] CRITICAL violation for gpu_utilization:
  Value: -0.60 (Threshold: -0.87)
  Trend: stable

[2025-03-10 16:33:43] CRITICAL: gpu_utilization
Value -0.60 exceeds critical threshold -0.17
[2025-03-10 16:33:43] CRITICAL violation for memory_ratio:
  Value: 12.58 (Threshold: 14.88)
  Trend: stable

[2025-03-10 16:33:43] CRITICAL violation for cpu_threshold:
  Value: 111.18 (Threshold: 129.11)
  Trend: stable

[2025-03-10 16:33:43] CRITICAL violation for gpu_utilization:
  Value: -0.62 (Threshold: -0.87)
  Trend: stable

[2025-03-10 16:33:43] CRITICAL: gpu_utilization
Value -0.62 exceeds critical threshold -0.17
[2025-03-10 16:33:43] CRITICAL violation for memory_ratio:
  Value: 11.80 (Threshold: 14.88)
  Trend: stable

[2025-03-10 16:33:43] CRITICAL violation for cpu_threshold:
  Value: 117.98 (Threshold: 129.11)
  Trend: stable

[2025-03-10 16:33:43] CRITICAL violation for gpu_utilization:
  Value: -0.63 (Threshold: -0.87)
  Trend: stable

[2025-03-10 16:33:43] CRITICAL: gpu_utilization
Value -0.63 exceeds critical threshold -0.17
[2025-03-10 16:33:43] CRITICAL violation for memory_ratio:
  Value: 13.41 (Threshold: 14.88)
  Trend: stable

[2025-03-10 16:33:43] CRITICAL violation for cpu_threshold:
  Value: 103.09 (Threshold: 129.11)
  Trend: stable

[2025-03-10 16:33:43] CRITICAL violation for gpu_utilization:
  Value: -0.62 (Threshold: -0.87)
  Trend: stable

[2025-03-10 16:33:43] CRITICAL: gpu_utilization
Value -0.62 exceeds critical threshold -0.17
[2025-03-10 16:33:43] CRITICAL violation for memory_ratio:
  Value: 12.50 (Threshold: 14.88)
  Trend: stable

[2025-03-10 16:33:43] CRITICAL violation for cpu_threshold:
  Value: 100.54 (Threshold: 129.11)
  Trend: stable

[2025-03-10 16:33:43] CRITICAL violation for gpu_utilization:
  Value: -0.48 (Threshold: -0.87)
  Trend: stable

[2025-03-10 16:33:43] CRITICAL: gpu_utilization
Value -0.48 exceeds critical threshold -0.17
[2025-03-10 16:33:43] CRITICAL violation for memory_ratio:
  Value: 13.22 (Threshold: 14.88)
  Trend: stable

[2025-03-10 16:33:43] CRITICAL violation for cpu_threshold:
  Value: 118.81 (Threshold: 129.11)
  Trend: stable

[2025-03-10 16:33:43] CRITICAL violation for gpu_utilization:
  Value: -0.87 (Threshold: -0.87)
  Trend: stable

[2025-03-10 16:33:43] CRITICAL: gpu_utilization
Value -0.87 exceeds critical threshold -0.17
[2025-03-10 16:33:43] CRITICAL violation for memory_ratio:
  Value: 13.29 (Threshold: 14.88)
  Trend: stable

[2025-03-10 16:33:43] CRITICAL violation for cpu_threshold:
  Value: 117.58 (Threshold: 129.11)
  Trend: stable

[2025-03-10 16:33:43] CRITICAL violation for gpu_utilization:
  Value: -0.55 (Threshold: -0.87)
  Trend: stable

[2025-03-10 16:33:43] CRITICAL: gpu_utilization
Value -0.55 exceeds critical threshold -0.17
[2025-03-10 16:33:43] CRITICAL violation for memory_ratio:
  Value: 12.69 (Threshold: 14.88)
  Trend: stable

[2025-03-10 16:33:43] CRITICAL violation for cpu_threshold:
  Value: 129.74 (Threshold: 130.85)
  Trend: stable

[2025-03-10 16:33:43] CRITICAL violation for gpu_utilization:
  Value: -0.78 (Threshold: -0.87)
  Trend: stable

[2025-03-10 16:33:43] CRITICAL: gpu_utilization
Value -0.78 exceeds critical threshold -0.17
[2025-03-10 16:33:43] CRITICAL violation for memory_ratio:
  Value: 13.58 (Threshold: 14.88)
  Trend: stable

[2025-03-10 16:33:43] CRITICAL violation for cpu_threshold:
  Value: 168.42 (Threshold: 152.08)
  Trend: stable

[2025-03-10 16:33:43] CRITICAL violation for gpu_utilization:
  Value: -0.65 (Threshold: -0.87)
  Trend: stable

[2025-03-10 16:33:43] CRITICAL: gpu_utilization
Value -0.65 exceeds critical threshold -0.17
[2025-03-10 16:33:44] CRITICAL violation for memory_ratio:
  Value: 13.20 (Threshold: 14.88)
  Trend: stable

[2025-03-10 16:33:44] CRITICAL violation for cpu_threshold:
  Value: 117.70 (Threshold: 152.08)
  Trend: stable

[2025-03-10 16:33:44] CRITICAL violation for gpu_utilization:
  Value: -0.78 (Threshold: -0.87)
  Trend: stable

[2025-03-10 16:33:44] CRITICAL: gpu_utilization
Value -0.78 exceeds critical threshold -0.17
[2025-03-10 16:33:44] CRITICAL violation for memory_ratio:
  Value: 12.77 (Threshold: 14.88)
  Trend: stable

[2025-03-10 16:33:44] CRITICAL violation for cpu_threshold:
  Value: 101.33 (Threshold: 152.08)
  Trend: stable

[2025-03-10 16:33:44] CRITICAL violation for gpu_utilization:
  Value: -0.55 (Threshold: -0.87)
  Trend: stable

[2025-03-10 16:33:44] CRITICAL: gpu_utilization
Value -0.55 exceeds critical threshold -0.17
[2025-03-10 16:33:44] CRITICAL violation for memory_ratio:
  Value: 13.03 (Threshold: 14.88)
  Trend: stable

[2025-03-10 16:33:44] CRITICAL violation for cpu_threshold:
  Value: 103.37 (Threshold: 152.08)
  Trend: stable

[2025-03-10 16:33:44] CRITICAL violation for gpu_utilization:
  Value: -0.46 (Threshold: -0.87)
  Trend: stable

[2025-03-10 16:33:44] CRITICAL: gpu_utilization
Value -0.46 exceeds critical threshold -0.17
[2025-03-10 16:33:44] CRITICAL violation for memory_ratio:
  Value: 12.92 (Threshold: 14.88)
  Trend: stable

[2025-03-10 16:33:44] CRITICAL violation for cpu_threshold:
  Value: 123.07 (Threshold: 152.08)
  Trend: stable

[2025-03-10 16:33:44] CRITICAL violation for gpu_utilization:
  Value: -0.78 (Threshold: -0.87)
  Trend: stable

[2025-03-10 16:33:44] CRITICAL: gpu_utilization
Value -0.78 exceeds critical threshold -0.17
[2025-03-10 16:33:44] CRITICAL violation for memory_ratio:
  Value: 12.30 (Threshold: 14.88)
  Trend: stable

[2025-03-10 16:33:44] CRITICAL violation for cpu_threshold:
  Value: 106.10 (Threshold: 152.08)
  Trend: stable

[2025-03-10 16:33:44] CRITICAL violation for gpu_utilization:
  Value: -0.68 (Threshold: -0.87)
  Trend: stable

[2025-03-10 16:33:44] CRITICAL: gpu_utilization
Value -0.68 exceeds critical threshold -0.17
[2025-03-10 16:33:45] CRITICAL violation for memory_ratio:
  Value: 12.04 (Threshold: 14.88)
  Trend: stable

[2025-03-10 16:33:45] CRITICAL violation for cpu_threshold:
  Value: 100.01 (Threshold: 152.08)
  Trend: stable

[2025-03-10 16:33:45] CRITICAL violation for gpu_utilization:
  Value: -0.50 (Threshold: -0.87)
  Trend: stable

[2025-03-10 16:33:45] CRITICAL: gpu_utilization
Value -0.50 exceeds critical threshold -0.17
[2025-03-10 16:33:45] CRITICAL violation for memory_ratio:
  Value: 12.33 (Threshold: 14.88)
  Trend: stable

[2025-03-10 16:33:45] CRITICAL violation for cpu_threshold:
  Value: 113.69 (Threshold: 152.08)
  Trend: stable

[2025-03-10 16:33:45] CRITICAL violation for gpu_utilization:
  Value: -0.82 (Threshold: -0.87)
  Trend: stable

[2025-03-10 16:33:45] CRITICAL: gpu_utilization
Value -0.82 exceeds critical threshold -0.17
[2025-03-10 16:33:45] CRITICAL violation for memory_ratio:
  Value: 13.32 (Threshold: 14.88)
  Trend: stable

[2025-03-10 16:33:45] CRITICAL violation for cpu_threshold:
  Value: 179.27 (Threshold: 152.08)
  Trend: stable

[2025-03-10 16:33:45] CRITICAL violation for gpu_utilization:
  Value: -0.80 (Threshold: -0.87)
  Trend: stable

[2025-03-10 16:33:45] CRITICAL: gpu_utilization
Value -0.80 exceeds critical threshold -0.17
[2025-03-10 16:33:46] CRITICAL violation for memory_ratio:
  Value: 13.47 (Threshold: 13.70)
  Trend: stable

[2025-03-10 16:33:46] CRITICAL violation for cpu_threshold:
  Value: 115.10 (Threshold: 152.08)
  Trend: stable

[2025-03-10 16:33:46] CRITICAL violation for gpu_utilization:
  Value: -0.51 (Threshold: -0.87)
  Trend: stable

[2025-03-10 16:33:46] CRITICAL: gpu_utilization
Value -0.51 exceeds critical threshold -0.17
[2025-03-10 16:33:46] CRITICAL violation for memory_ratio:
  Value: 12.81 (Threshold: 13.70)
  Trend: stable

[2025-03-10 16:33:46] CRITICAL violation for cpu_threshold:
  Value: 120.25 (Threshold: 152.08)
  Trend: stable

[2025-03-10 16:33:46] CRITICAL violation for gpu_utilization:
  Value: -0.68 (Threshold: -0.86)
  Trend: stable

[2025-03-10 16:33:46] CRITICAL: gpu_utilization
Value -0.68 exceeds critical threshold -0.17
[2025-03-10 16:33:46] CRITICAL violation for memory_ratio:
  Value: 12.41 (Threshold: 13.70)
  Trend: stable

[2025-03-10 16:33:46] CRITICAL violation for cpu_threshold:
  Value: 108.33 (Threshold: 152.08)
  Trend: stable

[2025-03-10 16:33:46] CRITICAL violation for gpu_utilization:
  Value: -0.74 (Threshold: -0.86)
  Trend: stable

[2025-03-10 16:33:46] CRITICAL: gpu_utilization
Value -0.74 exceeds critical threshold -0.17
[2025-03-10 16:33:46] CRITICAL violation for memory_ratio:
  Value: 13.87 (Threshold: 13.97)
  Trend: stable

[2025-03-10 16:33:46] CRITICAL violation for cpu_threshold:
  Value: 122.54 (Threshold: 152.08)
  Trend: stable

[2025-03-10 16:33:46] CRITICAL violation for gpu_utilization:
  Value: -0.79 (Threshold: -0.86)
  Trend: stable

[2025-03-10 16:33:46] CRITICAL: gpu_utilization
Value -0.79 exceeds critical threshold -0.17
[2025-03-10 16:33:47] CRITICAL violation for memory_ratio:
  Value: 13.79 (Threshold: 13.97)
  Trend: stable

[2025-03-10 16:33:47] CRITICAL violation for memory_ratio:
  Value: 12.61 (Threshold: 13.97)
  Trend: stable

[2025-03-10 16:33:47] CRITICAL violation for cpu_threshold:
  Value: 108.68 (Threshold: 152.08)
  Trend: stable

[2025-03-10 16:33:47] CRITICAL violation for gpu_utilization:
  Value: -0.86 (Threshold: -0.86)
  Trend: stable

[2025-03-10 16:33:47] CRITICAL: gpu_utilization
Value -0.86 exceeds critical threshold -0.17
[2025-03-10 16:33:49] CRITICAL violation for memory_ratio:
  Value: 13.18 (Threshold: 13.97)
  Trend: stable

[2025-03-10 16:33:49] CRITICAL violation for cpu_threshold:
  Value: 124.33 (Threshold: 152.08)
  Trend: stable

[2025-03-10 16:33:49] CRITICAL violation for gpu_utilization:
  Value: -0.93 (Threshold: -0.87)
  Trend: stable

[2025-03-10 16:33:49] CRITICAL: gpu_utilization
Value -0.93 exceeds critical threshold -0.17
[2025-03-10 16:33:49] CRITICAL violation for memory_ratio:
  Value: 13.22 (Threshold: 13.97)
  Trend: stable

[2025-03-10 16:33:49] CRITICAL violation for cpu_threshold:
  Value: 173.70 (Threshold: 155.24)
  Trend: stable

[2025-03-10 16:33:49] CRITICAL violation for gpu_utilization:
  Value: -0.85 (Threshold: -0.86)
  Trend: stable

[2025-03-10 16:33:49] CRITICAL: gpu_utilization
Value -0.85 exceeds critical threshold -0.17
[2025-03-10 16:33:49] CRITICAL violation for memory_ratio:
  Value: 12.95 (Threshold: 13.97)
  Trend: stable

[2025-03-10 16:33:49] CRITICAL violation for cpu_threshold:
  Value: 108.84 (Threshold: 155.24)
  Trend: stable

[2025-03-10 16:33:49] CRITICAL violation for gpu_utilization:
  Value: -0.88 (Threshold: -0.86)
  Trend: stable

[2025-03-10 16:33:49] CRITICAL: gpu_utilization
Value -0.88 exceeds critical threshold -0.17
[2025-03-10 16:33:49] CRITICAL violation for memory_ratio:
  Value: 13.48 (Threshold: 13.97)
  Trend: stable

[2025-03-10 16:33:49] CRITICAL violation for cpu_threshold:
  Value: 120.56 (Threshold: 155.24)
  Trend: stable

[2025-03-10 16:33:49] CRITICAL violation for gpu_utilization:
  Value: -0.92 (Threshold: -0.87)
  Trend: stable

[2025-03-10 16:33:49] CRITICAL: gpu_utilization
Value -0.92 exceeds critical threshold -0.17
[2025-03-10 16:33:49] CRITICAL violation for memory_ratio:
  Value: 12.39 (Threshold: 13.97)
  Trend: stable

[2025-03-10 16:33:49] CRITICAL violation for cpu_threshold:
  Value: 132.53 (Threshold: 155.24)
  Trend: stable

[2025-03-10 16:33:49] CRITICAL violation for gpu_utilization:
  Value: -0.83 (Threshold: -0.87)
  Trend: decreasing

[2025-03-10 16:33:49] CRITICAL: gpu_utilization
Value -0.83 exceeds critical threshold -0.17
[2025-03-10 16:33:49] CRITICAL violation for memory_ratio:
  Value: 12.15 (Threshold: 13.97)
  Trend: stable

[2025-03-10 16:33:49] CRITICAL violation for cpu_threshold:
  Value: 123.00 (Threshold: 155.24)
  Trend: stable

[2025-03-10 16:33:49] CRITICAL violation for gpu_utilization:
  Value: -0.94 (Threshold: -0.87)
  Trend: decreasing

[2025-03-10 16:33:49] CRITICAL: gpu_utilization
Value -0.94 exceeds critical threshold -0.17
[2025-03-10 16:33:49] CRITICAL violation for memory_ratio:
  Value: 13.17 (Threshold: 13.97)
  Trend: stable

[2025-03-10 16:33:49] CRITICAL violation for cpu_threshold:
  Value: 128.52 (Threshold: 155.24)
  Trend: stable

[2025-03-10 16:33:49] CRITICAL violation for gpu_utilization:
  Value: -0.97 (Threshold: -0.88)
  Trend: stable

[2025-03-10 16:33:49] CRITICAL: gpu_utilization
Value -0.97 exceeds critical threshold -0.18
[2025-03-10 16:33:49] CRITICAL violation for memory_ratio:
  Value: 12.79 (Threshold: 13.97)
  Trend: stable

[2025-03-10 16:33:49] CRITICAL violation for cpu_threshold:
  Value: 102.37 (Threshold: 155.24)
  Trend: stable

[2025-03-10 16:33:49] CRITICAL violation for gpu_utilization:
  Value: -0.97 (Threshold: -0.92)
  Trend: stable

[2025-03-10 16:33:49] CRITICAL: gpu_utilization
Value -0.97 exceeds critical threshold -0.18
[2025-03-10 16:33:49] CRITICAL violation for memory_ratio:
  Value: 14.06 (Threshold: 14.15)
  Trend: stable

[2025-03-10 16:33:49] CRITICAL violation for cpu_threshold:
  Value: 120.75 (Threshold: 155.24)
  Trend: stable

[2025-03-10 16:33:49] CRITICAL violation for gpu_utilization:
  Value: -0.96 (Threshold: -0.93)
  Trend: stable

[2025-03-10 16:33:49] CRITICAL: gpu_utilization
Value -0.96 exceeds critical threshold -0.19
[2025-03-10 16:33:49] CRITICAL violation for memory_ratio:
  Value: 13.48 (Threshold: 14.15)
  Trend: stable

[2025-03-10 16:33:49] CRITICAL violation for cpu_threshold:
  Value: 126.77 (Threshold: 155.24)
  Trend: stable

[2025-03-10 16:33:49] CRITICAL violation for gpu_utilization:
  Value: -0.94 (Threshold: -0.94)
  Trend: stable

[2025-03-10 16:33:49] CRITICAL: gpu_utilization
Value -0.94 exceeds critical threshold -0.19
[2025-03-10 16:33:49] CRITICAL violation for memory_ratio:
  Value: 12.74 (Threshold: 14.15)
  Trend: stable

[2025-03-10 16:33:49] CRITICAL violation for cpu_threshold:
  Value: 108.43 (Threshold: 155.24)
  Trend: stable

[2025-03-10 16:33:49] CRITICAL violation for gpu_utilization:
  Value: -0.98 (Threshold: -0.94)
  Trend: stable

[2025-03-10 16:33:49] CRITICAL: gpu_utilization
Value -0.98 exceeds critical threshold -0.19
[2025-03-10 16:33:50] CRITICAL violation for memory_ratio:
  Value: 13.52 (Threshold: 14.15)
  Trend: stable

[2025-03-10 16:33:50] CRITICAL violation for cpu_threshold:
  Value: 90.06 (Threshold: 155.24)
  Trend: stable

[2025-03-10 16:33:50] CRITICAL violation for gpu_utilization:
  Value: -0.90 (Threshold: -0.94)
  Trend: stable

[2025-03-10 16:33:50] CRITICAL: gpu_utilization
Value -0.90 exceeds critical threshold -0.19
[2025-03-10 16:33:50] CRITICAL violation for memory_ratio:
  Value: 13.00 (Threshold: 14.15)
  Trend: stable

[2025-03-10 16:33:50] CRITICAL violation for cpu_threshold:
  Value: 117.12 (Threshold: 155.24)
  Trend: stable

[2025-03-10 16:33:50] CRITICAL violation for gpu_utilization:
  Value: -0.95 (Threshold: -0.95)
  Trend: stable

[2025-03-10 16:33:50] CRITICAL: gpu_utilization
Value -0.95 exceeds critical threshold -0.19
[2025-03-10 16:33:50] CRITICAL violation for memory_ratio:
  Value: 14.05 (Threshold: 14.15)
  Trend: stable

[2025-03-10 16:33:50] CRITICAL violation for cpu_threshold:
  Value: 98.24 (Threshold: 155.24)
  Trend: stable

[2025-03-10 16:33:50] CRITICAL violation for gpu_utilization:
  Value: -1.01 (Threshold: -0.95)
  Trend: stable

[2025-03-10 16:33:50] CRITICAL: gpu_utilization
Value -1.01 exceeds critical threshold -0.19
[2025-03-10 16:33:50] CRITICAL violation for memory_ratio:
  Value: 13.39 (Threshold: 14.15)
  Trend: stable

[2025-03-10 16:33:50] CRITICAL violation for cpu_threshold:
  Value: 123.91 (Threshold: 155.24)
  Trend: stable

[2025-03-10 16:33:50] CRITICAL violation for gpu_utilization:
  Value: -1.01 (Threshold: -0.96)
  Trend: stable

[2025-03-10 16:33:50] CRITICAL: gpu_utilization
Value -1.01 exceeds critical threshold -0.19
[2025-03-10 16:33:51] CRITICAL violation for memory_ratio:
  Value: 13.90 (Threshold: 14.15)
  Trend: stable

[2025-03-10 16:33:51] CRITICAL violation for cpu_threshold:
  Value: 91.62 (Threshold: 155.24)
  Trend: stable

[2025-03-10 16:33:51] CRITICAL violation for gpu_utilization:
  Value: -0.90 (Threshold: -0.96)
  Trend: stable

[2025-03-10 16:33:51] CRITICAL: gpu_utilization
Value -0.90 exceeds critical threshold -0.19
[2025-03-10 16:33:51] CRITICAL violation for memory_ratio:
  Value: 19.31 (Threshold: 16.00)
  Trend: stable

[2025-03-10 16:33:51] WARNING: memory_ratio
Value 19.31 exceeds warning threshold 19.20
[2025-03-10 16:33:51] CRITICAL violation for cpu_threshold:
  Value: 126.60 (Threshold: 155.24)
  Trend: stable

[2025-03-10 16:33:51] CRITICAL violation for gpu_utilization:
  Value: -0.94 (Threshold: -0.96)
  Trend: stable

[2025-03-10 16:33:51] CRITICAL: gpu_utilization
Value -0.94 exceeds critical threshold -0.19
[2025-03-10 16:33:51] CRITICAL violation for memory_ratio:
  Value: 13.68 (Threshold: 16.00)
  Trend: stable

[2025-03-10 16:33:51] CRITICAL violation for cpu_threshold:
  Value: 116.91 (Threshold: 155.24)
  Trend: stable

[2025-03-10 16:33:51] CRITICAL violation for gpu_utilization:
  Value: -0.99 (Threshold: -0.97)
  Trend: stable

[2025-03-10 16:33:51] CRITICAL: gpu_utilization
Value -0.99 exceeds critical threshold -0.19
[2025-03-10 16:33:51] CRITICAL violation for memory_ratio:
  Value: 12.92 (Threshold: 14.23)
  Trend: stable

[2025-03-10 16:33:51] CRITICAL violation for cpu_threshold:
  Value: 126.01 (Threshold: 155.24)
  Trend: stable

[2025-03-10 16:33:51] CRITICAL violation for gpu_utilization:
  Value: -0.83 (Threshold: -0.97)
  Trend: stable

[2025-03-10 16:33:51] CRITICAL: gpu_utilization
Value -0.83 exceeds critical threshold -0.19
[2025-03-10 16:33:51] CRITICAL violation for memory_ratio:
  Value: 13.01 (Threshold: 14.23)
  Trend: stable

[2025-03-10 16:33:51] CRITICAL violation for cpu_threshold:
  Value: 114.34 (Threshold: 155.24)
  Trend: stable

[2025-03-10 16:33:51] CRITICAL violation for gpu_utilization:
  Value: -1.03 (Threshold: -0.97)
  Trend: stable

[2025-03-10 16:33:51] CRITICAL: gpu_utilization
Value -1.03 exceeds critical threshold -0.19
[2025-03-10 16:33:52] CRITICAL violation for memory_ratio:
  Value: 14.01 (Threshold: 14.23)
  Trend: stable

[2025-03-10 16:33:52] CRITICAL violation for cpu_threshold:
  Value: 117.64 (Threshold: 155.24)
  Trend: stable

[2025-03-10 16:33:52] CRITICAL violation for gpu_utilization:
  Value: -1.24 (Threshold: -0.98)
  Trend: stable

[2025-03-10 16:33:52] CRITICAL: gpu_utilization
Value -1.24 exceeds critical threshold -0.20
[2025-03-10 16:33:52] CRITICAL violation for memory_ratio:
  Value: 12.71 (Threshold: 14.23)
  Trend: stable

[2025-03-10 16:33:52] CRITICAL violation for cpu_threshold:
  Value: 121.58 (Threshold: 155.24)
  Trend: stable

[2025-03-10 16:33:52] CRITICAL violation for gpu_utilization:
  Value: -0.92 (Threshold: -0.98)
  Trend: stable

[2025-03-10 16:33:52] CRITICAL: gpu_utilization
Value -0.92 exceeds critical threshold -0.20
[2025-03-10 16:33:52] CRITICAL violation for memory_ratio:
  Value: 13.28 (Threshold: 14.23)
  Trend: stable

[2025-03-10 16:33:52] CRITICAL violation for cpu_threshold:
  Value: 133.81 (Threshold: 155.24)
  Trend: stable

[2025-03-10 16:33:52] CRITICAL violation for gpu_utilization:
  Value: -1.01 (Threshold: -0.99)
  Trend: stable

[2025-03-10 16:33:52] CRITICAL: gpu_utilization
Value -1.01 exceeds critical threshold -0.20
[2025-03-10 16:33:52] CRITICAL violation for memory_ratio:
  Value: 13.09 (Threshold: 14.23)
  Trend: stable

[2025-03-10 16:33:52] CRITICAL violation for cpu_threshold:
  Value: 130.75 (Threshold: 155.24)
  Trend: stable

[2025-03-10 16:33:52] CRITICAL violation for gpu_utilization:
  Value: -0.96 (Threshold: -0.99)
  Trend: stable

[2025-03-10 16:33:52] CRITICAL: gpu_utilization
Value -0.96 exceeds critical threshold -0.20
[2025-03-10 16:33:53] CRITICAL violation for memory_ratio:
  Value: 12.33 (Threshold: 14.23)
  Trend: stable

[2025-03-10 16:33:53] CRITICAL violation for cpu_threshold:
  Value: 129.86 (Threshold: 155.24)
  Trend: stable

[2025-03-10 16:33:53] CRITICAL violation for gpu_utilization:
  Value: -1.10 (Threshold: -1.01)
  Trend: stable

[2025-03-10 16:33:53] CRITICAL: gpu_utilization
Value -1.10 exceeds critical threshold -0.20
[2025-03-10 16:33:54] CRITICAL violation for memory_ratio:
  Value: 13.78 (Threshold: 14.23)
  Trend: stable

[2025-03-10 16:33:54] CRITICAL violation for cpu_threshold:
  Value: 116.65 (Threshold: 155.24)
  Trend: stable

[2025-03-10 16:33:54] CRITICAL violation for gpu_utilization:
  Value: -0.82 (Threshold: -1.01)
  Trend: stable

[2025-03-10 16:33:54] CRITICAL: gpu_utilization
Value -0.82 exceeds critical threshold -0.20
[2025-03-10 16:33:55] CRITICAL violation for memory_ratio:
  Value: 12.70 (Threshold: 14.23)
  Trend: stable

[2025-03-10 16:33:55] CRITICAL violation for memory_ratio:
  Value: 13.87 (Threshold: 14.23)
  Trend: stable

[2025-03-10 16:33:55] CRITICAL violation for cpu_threshold:
  Value: 123.85 (Threshold: 155.24)
  Trend: stable

[2025-03-10 16:33:55] CRITICAL violation for gpu_utilization:
  Value: -1.06 (Threshold: -1.01)
  Trend: stable

[2025-03-10 16:33:55] CRITICAL: gpu_utilization
Value -1.06 exceeds critical threshold -0.20
[2025-03-10 16:33:55] CRITICAL violation for memory_ratio:
  Value: 14.08 (Threshold: 14.25)
  Trend: stable

[2025-03-10 16:33:55] CRITICAL violation for cpu_threshold:
  Value: 104.34 (Threshold: 155.24)
  Trend: stable

[2025-03-10 16:33:55] CRITICAL violation for gpu_utilization:
  Value: -1.06 (Threshold: -1.01)
  Trend: stable

[2025-03-10 16:33:55] CRITICAL: gpu_utilization
Value -1.06 exceeds critical threshold -0.20
[2025-03-10 16:33:55] CRITICAL violation for memory_ratio:
  Value: 14.46 (Threshold: 14.61)
  Trend: stable

[2025-03-10 16:33:55] CRITICAL violation for cpu_threshold:
  Value: 127.07 (Threshold: 155.24)
  Trend: stable

[2025-03-10 16:33:55] CRITICAL violation for gpu_utilization:
  Value: -1.17 (Threshold: -1.03)
  Trend: stable

[2025-03-10 16:33:55] CRITICAL: gpu_utilization
Value -1.17 exceeds critical threshold -0.21
[2025-03-10 16:33:55] CRITICAL violation for memory_ratio:
  Value: 13.61 (Threshold: 14.10)
  Trend: stable

[2025-03-10 16:33:55] CRITICAL violation for cpu_threshold:
  Value: 119.28 (Threshold: 155.24)
  Trend: stable

[2025-03-10 16:33:55] CRITICAL violation for gpu_utilization:
  Value: -1.18 (Threshold: -1.06)
  Trend: stable

[2025-03-10 16:33:55] CRITICAL: gpu_utilization
Value -1.18 exceeds critical threshold -0.21
[2025-03-10 16:33:55] CRITICAL violation for memory_ratio:
  Value: 13.87 (Threshold: 14.10)
  Trend: stable

[2025-03-10 16:33:55] CRITICAL violation for cpu_threshold:
  Value: 121.83 (Threshold: 155.24)
  Trend: stable

[2025-03-10 16:33:55] CRITICAL violation for gpu_utilization:
  Value: -1.15 (Threshold: -1.06)
  Trend: stable

[2025-03-10 16:33:55] CRITICAL: gpu_utilization
Value -1.15 exceeds critical threshold -0.21
[2025-03-10 16:33:55] CRITICAL violation for memory_ratio:
  Value: 13.91 (Threshold: 14.10)
  Trend: stable

[2025-03-10 16:33:55] CRITICAL violation for cpu_threshold:
  Value: 170.48 (Threshold: 158.05)
  Trend: stable

[2025-03-10 16:33:55] CRITICAL violation for gpu_utilization:
  Value: -1.01 (Threshold: -1.06)
  Trend: stable

[2025-03-10 16:33:55] CRITICAL: gpu_utilization
Value -1.01 exceeds critical threshold -0.21
[2025-03-10 16:33:55] CRITICAL violation for memory_ratio:
  Value: 13.68 (Threshold: 14.10)
  Trend: stable

[2025-03-10 16:33:55] CRITICAL violation for cpu_threshold:
  Value: 118.69 (Threshold: 158.05)
  Trend: stable

[2025-03-10 16:33:55] CRITICAL violation for gpu_utilization:
  Value: -1.26 (Threshold: -1.10)
  Trend: stable

[2025-03-10 16:33:55] CRITICAL: gpu_utilization
Value -1.26 exceeds critical threshold -0.22
[2025-03-10 16:33:56] CRITICAL violation for memory_ratio:
  Value: 19.60 (Threshold: 14.63)
  Trend: stable

[2025-03-10 16:33:56] WARNING: memory_ratio
Value 19.60 exceeds warning threshold 17.56
[2025-03-10 16:33:56] CRITICAL violation for cpu_threshold:
  Value: 140.18 (Threshold: 158.05)
  Trend: stable

[2025-03-10 16:33:56] CRITICAL violation for gpu_utilization:
  Value: -1.15 (Threshold: -1.15)
  Trend: stable

[2025-03-10 16:33:56] CRITICAL: gpu_utilization
Value -1.15 exceeds critical threshold -0.23
[2025-03-10 16:33:56] CRITICAL violation for memory_ratio:
  Value: 13.29 (Threshold: 14.63)
  Trend: stable

[2025-03-10 16:33:56] CRITICAL violation for cpu_threshold:
  Value: 155.84 (Threshold: 158.05)
  Trend: stable

[2025-03-10 16:33:56] CRITICAL violation for gpu_utilization:
  Value: -1.01 (Threshold: -1.15)
  Trend: stable

[2025-03-10 16:33:56] CRITICAL: gpu_utilization
Value -1.01 exceeds critical threshold -0.23
[2025-03-10 16:33:56] CRITICAL violation for memory_ratio:
  Value: 13.41 (Threshold: 14.63)
  Trend: stable

[2025-03-10 16:33:56] CRITICAL violation for cpu_threshold:
  Value: 112.09 (Threshold: 158.05)
  Trend: stable

[2025-03-10 16:33:56] CRITICAL violation for gpu_utilization:
  Value: -1.06 (Threshold: -1.15)
  Trend: stable

[2025-03-10 16:33:56] CRITICAL: gpu_utilization
Value -1.06 exceeds critical threshold -0.23
[2025-03-10 16:33:56] CRITICAL violation for memory_ratio:
  Value: 14.26 (Threshold: 14.63)
  Trend: stable

[2025-03-10 16:33:56] CRITICAL violation for cpu_threshold:
  Value: 116.16 (Threshold: 158.05)
  Trend: stable

[2025-03-10 16:33:56] CRITICAL violation for gpu_utilization:
  Value: -1.14 (Threshold: -1.15)
  Trend: stable

[2025-03-10 16:33:56] CRITICAL: gpu_utilization
Value -1.14 exceeds critical threshold -0.23
[2025-03-10 16:33:56] CRITICAL violation for memory_ratio:
  Value: 14.05 (Threshold: 14.63)
  Trend: stable

[2025-03-10 16:33:56] CRITICAL violation for cpu_threshold:
  Value: 114.08 (Threshold: 158.05)
  Trend: stable

[2025-03-10 16:33:56] CRITICAL violation for gpu_utilization:
  Value: -1.08 (Threshold: -1.15)
  Trend: stable

[2025-03-10 16:33:56] CRITICAL: gpu_utilization
Value -1.08 exceeds critical threshold -0.23
[2025-03-10 16:33:56] CRITICAL violation for memory_ratio:
  Value: 13.47 (Threshold: 14.63)
  Trend: stable

[2025-03-10 16:33:56] CRITICAL violation for cpu_threshold:
  Value: 106.99 (Threshold: 158.05)
  Trend: stable

[2025-03-10 16:33:56] CRITICAL violation for gpu_utilization:
  Value: -0.91 (Threshold: -1.15)
  Trend: stable

[2025-03-10 16:33:56] CRITICAL: gpu_utilization
Value -0.91 exceeds critical threshold -0.23
[2025-03-10 16:33:57] CRITICAL violation for memory_ratio:
  Value: 12.77 (Threshold: 14.27)
  Trend: stable

[2025-03-10 16:33:57] CRITICAL violation for cpu_threshold:
  Value: 115.70 (Threshold: 158.05)
  Trend: stable

[2025-03-10 16:33:57] CRITICAL violation for gpu_utilization:
  Value: -1.01 (Threshold: -1.15)
  Trend: stable

[2025-03-10 16:33:57] CRITICAL: gpu_utilization
Value -1.01 exceeds critical threshold -0.23
[2025-03-10 16:33:57] CRITICAL violation for memory_ratio:
  Value: 14.41 (Threshold: 14.41)
  Trend: stable

[2025-03-10 16:33:57] CRITICAL violation for cpu_threshold:
  Value: 129.72 (Threshold: 158.05)
  Trend: stable

[2025-03-10 16:33:57] CRITICAL violation for gpu_utilization:
  Value: -1.20 (Threshold: -1.15)
  Trend: stable

[2025-03-10 16:33:57] CRITICAL: gpu_utilization
Value -1.20 exceeds critical threshold -0.23
[2025-03-10 16:33:57] CRITICAL violation for memory_ratio:
  Value: 14.47 (Threshold: 14.46)
  Trend: stable

[2025-03-10 16:33:57] CRITICAL violation for cpu_threshold:
  Value: 120.91 (Threshold: 158.05)
  Trend: stable

[2025-03-10 16:33:57] CRITICAL violation for gpu_utilization:
  Value: -1.10 (Threshold: -1.15)
  Trend: stable

[2025-03-10 16:33:57] CRITICAL: gpu_utilization
Value -1.10 exceeds critical threshold -0.23
[2025-03-10 16:33:57] CRITICAL violation for memory_ratio:
  Value: 13.67 (Threshold: 14.46)
  Trend: stable

[2025-03-10 16:33:57] CRITICAL violation for cpu_threshold:
  Value: 108.24 (Threshold: 158.05)
  Trend: stable

[2025-03-10 16:33:57] CRITICAL violation for gpu_utilization:
  Value: -1.26 (Threshold: -1.17)
  Trend: stable

[2025-03-10 16:33:57] CRITICAL: gpu_utilization
Value -1.26 exceeds critical threshold -0.23
[2025-03-10 16:33:57] CRITICAL violation for memory_ratio:
  Value: 13.15 (Threshold: 14.46)
  Trend: stable

[2025-03-10 16:33:57] CRITICAL violation for cpu_threshold:
  Value: 178.63 (Threshold: 168.52)
  Trend: stable

[2025-03-10 16:33:57] CRITICAL violation for gpu_utilization:
  Value: -1.12 (Threshold: -1.17)
  Trend: stable

[2025-03-10 16:33:57] CRITICAL: gpu_utilization
Value -1.12 exceeds critical threshold -0.23
[2025-03-10 16:33:57] CRITICAL violation for memory_ratio:
  Value: 14.00 (Threshold: 14.46)
  Trend: stable

[2025-03-10 16:33:57] CRITICAL violation for cpu_threshold:
  Value: 128.62 (Threshold: 168.52)
  Trend: stable

[2025-03-10 16:33:57] CRITICAL violation for gpu_utilization:
  Value: -0.99 (Threshold: -1.17)
  Trend: stable

[2025-03-10 16:33:57] CRITICAL: gpu_utilization
Value -0.99 exceeds critical threshold -0.23
[2025-03-10 16:33:57] CRITICAL violation for memory_ratio:
  Value: 13.63 (Threshold: 14.46)
  Trend: stable

[2025-03-10 16:33:57] CRITICAL violation for cpu_threshold:
  Value: 101.38 (Threshold: 168.52)
  Trend: stable

[2025-03-10 16:33:57] CRITICAL violation for gpu_utilization:
  Value: -1.08 (Threshold: -1.17)
  Trend: stable

[2025-03-10 16:33:57] CRITICAL: gpu_utilization
Value -1.08 exceeds critical threshold -0.23
[2025-03-10 16:33:58] CRITICAL violation for memory_ratio:
  Value: 14.12 (Threshold: 14.46)
  Trend: stable

[2025-03-10 16:33:58] CRITICAL violation for memory_ratio:
  Value: 13.22 (Threshold: 14.46)
  Trend: stable

[2025-03-10 16:33:58] CRITICAL violation for cpu_threshold:
  Value: 122.99 (Threshold: 168.52)
  Trend: stable

[2025-03-10 16:33:58] CRITICAL violation for gpu_utilization:
  Value: -1.10 (Threshold: -1.17)
  Trend: stable

[2025-03-10 16:33:58] CRITICAL: gpu_utilization
Value -1.10 exceeds critical threshold -0.23
[2025-03-10 16:33:58] CRITICAL violation for memory_ratio:
  Value: 13.33 (Threshold: 14.46)
  Trend: stable

[2025-03-10 16:33:58] CRITICAL violation for cpu_threshold:
  Value: 119.99 (Threshold: 168.52)
  Trend: stable

[2025-03-10 16:33:58] CRITICAL violation for gpu_utilization:
  Value: -0.93 (Threshold: -1.17)
  Trend: stable

[2025-03-10 16:33:58] CRITICAL: gpu_utilization
Value -0.93 exceeds critical threshold -0.23
[2025-03-10 16:33:59] CRITICAL violation for memory_ratio:
  Value: 13.67 (Threshold: 14.46)
  Trend: stable

[2025-03-10 16:33:59] CRITICAL violation for cpu_threshold:
  Value: 117.58 (Threshold: 168.52)
  Trend: stable

[2025-03-10 16:33:59] CRITICAL violation for gpu_utilization:
  Value: -1.17 (Threshold: -1.17)
  Trend: stable

[2025-03-10 16:33:59] CRITICAL: gpu_utilization
Value -1.17 exceeds critical threshold -0.23
[2025-03-10 16:33:59] CRITICAL violation for memory_ratio:
  Value: 13.13 (Threshold: 14.46)
  Trend: stable

[2025-03-10 16:33:59] CRITICAL violation for cpu_threshold:
  Value: 106.29 (Threshold: 168.52)
  Trend: stable

[2025-03-10 16:33:59] CRITICAL violation for gpu_utilization:
  Value: -1.01 (Threshold: -1.17)
  Trend: stable

[2025-03-10 16:33:59] CRITICAL: gpu_utilization
Value -1.01 exceeds critical threshold -0.23
[2025-03-10 16:34:00] CRITICAL violation for memory_ratio:
  Value: 15.58 (Threshold: 14.52)
  Trend: stable

[2025-03-10 16:34:00] CRITICAL violation for cpu_threshold:
  Value: 108.91 (Threshold: 168.52)
  Trend: stable

[2025-03-10 16:34:00] CRITICAL violation for gpu_utilization:
  Value: -1.11 (Threshold: -1.17)
  Trend: stable

[2025-03-10 16:34:00] CRITICAL: gpu_utilization
Value -1.11 exceeds critical threshold -0.23
[2025-03-10 16:34:00] CRITICAL violation for memory_ratio:
  Value: 20.27 (Threshold: 15.71)
  Trend: stable

[2025-03-10 16:34:00] WARNING: memory_ratio
Value 20.27 exceeds warning threshold 18.85
[2025-03-10 16:34:00] CRITICAL violation for cpu_threshold:
  Value: 127.10 (Threshold: 168.52)
  Trend: stable

[2025-03-10 16:34:00] CRITICAL violation for gpu_utilization:
  Value: -1.01 (Threshold: -1.17)
  Trend: stable

[2025-03-10 16:34:00] CRITICAL: gpu_utilization
Value -1.01 exceeds critical threshold -0.23
[2025-03-10 16:34:01] CRITICAL violation for memory_ratio:
  Value: 14.62 (Threshold: 15.71)
  Trend: stable

[2025-03-10 16:34:01] CRITICAL violation for cpu_threshold:
  Value: 106.42 (Threshold: 168.52)
  Trend: stable

[2025-03-10 16:34:01] CRITICAL violation for gpu_utilization:
  Value: -0.85 (Threshold: -1.17)
  Trend: stable

[2025-03-10 16:34:01] CRITICAL: gpu_utilization
Value -0.85 exceeds critical threshold -0.23
[2025-03-10 16:34:02] CRITICAL violation for memory_ratio:
  Value: 14.63 (Threshold: 15.71)
  Trend: stable

[2025-03-10 16:34:02] CRITICAL violation for cpu_threshold:
  Value: 115.78 (Threshold: 168.52)
  Trend: stable

[2025-03-10 16:34:02] CRITICAL violation for gpu_utilization:
  Value: -0.93 (Threshold: -1.17)
  Trend: stable

[2025-03-10 16:34:02] CRITICAL: gpu_utilization
Value -0.93 exceeds critical threshold -0.23
[2025-03-10 16:34:03] CRITICAL violation for memory_ratio:
  Value: 14.30 (Threshold: 15.71)
  Trend: stable

[2025-03-10 16:34:03] CRITICAL violation for memory_ratio:
  Value: 14.43 (Threshold: 14.68)
  Trend: stable

[2025-03-10 16:34:03] CRITICAL violation for cpu_threshold:
  Value: 128.89 (Threshold: 168.52)
  Trend: stable

[2025-03-10 16:34:03] CRITICAL violation for gpu_utilization:
  Value: -0.81 (Threshold: -1.17)
  Trend: stable

[2025-03-10 16:34:03] CRITICAL: gpu_utilization
Value -0.81 exceeds critical threshold -0.23
[2025-03-10 16:34:03] CRITICAL violation for memory_ratio:
  Value: 14.68 (Threshold: 14.72)
  Trend: stable

[2025-03-10 16:34:03] CRITICAL violation for cpu_threshold:
  Value: 116.71 (Threshold: 168.52)
  Trend: stable

[2025-03-10 16:34:03] CRITICAL violation for gpu_utilization:
  Value: -0.92 (Threshold: -1.17)
  Trend: stable

[2025-03-10 16:34:03] CRITICAL: gpu_utilization
Value -0.92 exceeds critical threshold -0.23
[2025-03-10 16:34:03] CRITICAL violation for memory_ratio:
  Value: 14.75 (Threshold: 14.79)
  Trend: stable

[2025-03-10 16:34:03] CRITICAL violation for cpu_threshold:
  Value: 134.48 (Threshold: 168.52)
  Trend: stable

[2025-03-10 16:34:03] CRITICAL violation for gpu_utilization:
  Value: -0.89 (Threshold: -1.17)
  Trend: stable

[2025-03-10 16:34:03] CRITICAL: gpu_utilization
Value -0.89 exceeds critical threshold -0.23
[2025-03-10 16:34:03] CRITICAL violation for memory_ratio:
  Value: 14.51 (Threshold: 14.79)
  Trend: stable

[2025-03-10 16:34:03] CRITICAL violation for cpu_threshold:
  Value: 209.50 (Threshold: 170.64)
  Trend: stable

[2025-03-10 16:34:03] WARNING: cpu_threshold
Value 209.50 exceeds warning threshold 204.77
[2025-03-10 16:34:03] CRITICAL violation for gpu_utilization:
  Value: -0.96 (Threshold: -1.17)
  Trend: stable

[2025-03-10 16:34:03] CRITICAL: gpu_utilization
Value -0.96 exceeds critical threshold -0.23
[2025-03-10 16:34:03] CRITICAL violation for memory_ratio:
  Value: 15.89 (Threshold: 15.59)
  Trend: stable

[2025-03-10 16:34:03] CRITICAL violation for cpu_threshold:
  Value: 126.02 (Threshold: 170.64)
  Trend: stable

[2025-03-10 16:34:03] CRITICAL violation for gpu_utilization:
  Value: -1.01 (Threshold: -1.17)
  Trend: stable

[2025-03-10 16:34:03] CRITICAL: gpu_utilization
Value -1.01 exceeds critical threshold -0.23
[2025-03-10 16:34:03] CRITICAL violation for memory_ratio:
  Value: 14.59 (Threshold: 15.59)
  Trend: stable

[2025-03-10 16:34:03] CRITICAL violation for cpu_threshold:
  Value: 138.76 (Threshold: 170.64)
  Trend: stable

[2025-03-10 16:34:03] CRITICAL violation for gpu_utilization:
  Value: -0.78 (Threshold: -1.17)
  Trend: stable

[2025-03-10 16:34:03] CRITICAL: gpu_utilization
Value -0.78 exceeds critical threshold -0.23
[2025-03-10 16:34:03] CRITICAL violation for memory_ratio:
  Value: 14.17 (Threshold: 15.59)
  Trend: stable

[2025-03-10 16:34:03] CRITICAL violation for cpu_threshold:
  Value: 125.33 (Threshold: 170.64)
  Trend: stable

[2025-03-10 16:34:03] CRITICAL violation for gpu_utilization:
  Value: -0.87 (Threshold: -1.17)
  Trend: stable

[2025-03-10 16:34:03] CRITICAL: gpu_utilization
Value -0.87 exceeds critical threshold -0.23
[2025-03-10 16:34:03] CRITICAL violation for memory_ratio:
  Value: 14.59 (Threshold: 15.59)
  Trend: stable

[2025-03-10 16:34:03] CRITICAL violation for cpu_threshold:
  Value: 116.34 (Threshold: 170.64)
  Trend: stable

[2025-03-10 16:34:03] CRITICAL violation for gpu_utilization:
  Value: -0.90 (Threshold: -1.17)
  Trend: stable

[2025-03-10 16:34:03] CRITICAL: gpu_utilization
Value -0.90 exceeds critical threshold -0.23
[2025-03-10 16:34:04] CRITICAL violation for memory_ratio:
  Value: 14.96 (Threshold: 15.59)
  Trend: stable

[2025-03-10 16:34:04] CRITICAL violation for cpu_threshold:
  Value: 133.67 (Threshold: 170.64)
  Trend: stable

[2025-03-10 16:34:04] CRITICAL violation for gpu_utilization:
  Value: -1.04 (Threshold: -1.17)
  Trend: stable

[2025-03-10 16:34:04] CRITICAL: gpu_utilization
Value -1.04 exceeds critical threshold -0.23
[2025-03-10 16:34:04] CRITICAL violation for memory_ratio:
  Value: 14.75 (Threshold: 15.59)
  Trend: stable

[2025-03-10 16:34:04] CRITICAL violation for cpu_threshold:
  Value: 126.13 (Threshold: 170.64)
  Trend: stable

[2025-03-10 16:34:04] CRITICAL violation for gpu_utilization:
  Value: -0.91 (Threshold: -1.17)
  Trend: stable

[2025-03-10 16:34:04] CRITICAL: gpu_utilization
Value -0.91 exceeds critical threshold -0.23
[2025-03-10 16:34:04] CRITICAL violation for memory_ratio:
  Value: 14.64 (Threshold: 15.59)
  Trend: stable

[2025-03-10 16:34:04] CRITICAL violation for cpu_threshold:
  Value: 135.62 (Threshold: 170.64)
  Trend: stable

[2025-03-10 16:34:04] CRITICAL violation for gpu_utilization:
  Value: -0.92 (Threshold: -1.17)
  Trend: stable

[2025-03-10 16:34:04] CRITICAL: gpu_utilization
Value -0.92 exceeds critical threshold -0.23
[2025-03-10 16:34:04] CRITICAL violation for memory_ratio:
  Value: 14.53 (Threshold: 15.59)
  Trend: stable

[2025-03-10 16:34:04] CRITICAL violation for cpu_threshold:
  Value: 136.92 (Threshold: 170.64)
  Trend: stable

[2025-03-10 16:34:04] CRITICAL violation for gpu_utilization:
  Value: -0.91 (Threshold: -1.17)
  Trend: stable

[2025-03-10 16:34:04] CRITICAL: gpu_utilization
Value -0.91 exceeds critical threshold -0.23
[2025-03-10 16:34:05] CRITICAL violation for memory_ratio:
  Value: 15.23 (Threshold: 15.59)
  Trend: stable

[2025-03-10 16:34:05] CRITICAL violation for cpu_threshold:
  Value: 116.54 (Threshold: 170.64)
  Trend: stable

[2025-03-10 16:34:05] CRITICAL violation for gpu_utilization:
  Value: -1.21 (Threshold: -1.18)
  Trend: stable

[2025-03-10 16:34:05] CRITICAL: gpu_utilization
Value -1.21 exceeds critical threshold -0.24
[2025-03-10 16:34:05] CRITICAL violation for memory_ratio:
  Value: 15.38 (Threshold: 15.39)
  Trend: stable

[2025-03-10 16:34:05] CRITICAL violation for cpu_threshold:
  Value: 133.12 (Threshold: 170.64)
  Trend: stable

[2025-03-10 16:34:05] CRITICAL violation for gpu_utilization:
  Value: -0.93 (Threshold: -1.18)
  Trend: stable

[2025-03-10 16:34:05] CRITICAL: gpu_utilization
Value -0.93 exceeds critical threshold -0.24
[2025-03-10 16:34:05] CRITICAL violation for memory_ratio:
  Value: 15.10 (Threshold: 15.39)
  Trend: stable

[2025-03-10 16:34:05] CRITICAL violation for cpu_threshold:
  Value: 105.02 (Threshold: 170.64)
  Trend: stable

[2025-03-10 16:34:05] CRITICAL violation for gpu_utilization:
  Value: -0.96 (Threshold: -1.18)
  Trend: stable

[2025-03-10 16:34:05] CRITICAL: gpu_utilization
Value -0.96 exceeds critical threshold -0.24
[2025-03-10 16:34:05] CRITICAL violation for memory_ratio:
  Value: 14.94 (Threshold: 15.39)
  Trend: stable

[2025-03-10 16:34:05] CRITICAL violation for cpu_threshold:
  Value: 127.71 (Threshold: 170.64)
  Trend: stable

[2025-03-10 16:34:05] CRITICAL violation for gpu_utilization:
  Value: -1.15 (Threshold: -1.18)
  Trend: stable

[2025-03-10 16:34:05] CRITICAL: gpu_utilization
Value -1.15 exceeds critical threshold -0.24
[2025-03-10 16:34:05] CRITICAL violation for memory_ratio:
  Value: 15.39 (Threshold: 15.40)
  Trend: stable

[2025-03-10 16:34:05] CRITICAL violation for cpu_threshold:
  Value: 126.83 (Threshold: 170.64)
  Trend: stable

[2025-03-10 16:34:05] CRITICAL violation for gpu_utilization:
  Value: -0.86 (Threshold: -1.18)
  Trend: stable

[2025-03-10 16:34:05] CRITICAL: gpu_utilization
Value -0.86 exceeds critical threshold -0.24
[2025-03-10 16:34:05] CRITICAL violation for memory_ratio:
  Value: 14.77 (Threshold: 15.40)
  Trend: stable

[2025-03-10 16:34:05] CRITICAL violation for cpu_threshold:
  Value: 126.75 (Threshold: 170.64)
  Trend: stable

[2025-03-10 16:34:05] CRITICAL violation for gpu_utilization:
  Value: -0.74 (Threshold: -1.18)
  Trend: stable

[2025-03-10 16:34:05] CRITICAL: gpu_utilization
Value -0.74 exceeds critical threshold -0.24
[2025-03-10 16:34:06] CRITICAL violation for memory_ratio:
  Value: 14.20 (Threshold: 15.40)
  Trend: stable

[2025-03-10 16:34:06] CRITICAL violation for cpu_threshold:
  Value: 139.50 (Threshold: 170.64)
  Trend: stable

[2025-03-10 16:34:06] CRITICAL violation for memory_ratio:
  Value: 14.81 (Threshold: 15.40)
  Trend: stable

[2025-03-10 16:34:06] CRITICAL violation for cpu_threshold:
  Value: 118.79 (Threshold: 170.64)
  Trend: stable

[2025-03-10 16:34:06] CRITICAL violation for gpu_utilization:
  Value: -0.72 (Threshold: -1.18)
  Trend: stable

[2025-03-10 16:34:06] CRITICAL: gpu_utilization
Value -0.72 exceeds critical threshold -0.24
[2025-03-10 16:34:06] CRITICAL violation for memory_ratio:
  Value: 15.01 (Threshold: 15.40)
  Trend: stable

[2025-03-10 16:34:06] CRITICAL violation for cpu_threshold:
  Value: 141.90 (Threshold: 170.64)
  Trend: stable

[2025-03-10 16:34:06] CRITICAL violation for gpu_utilization:
  Value: -0.76 (Threshold: -1.18)
  Trend: stable

[2025-03-10 16:34:06] CRITICAL: gpu_utilization
Value -0.76 exceeds critical threshold -0.24
[2025-03-10 16:34:07] CRITICAL violation for memory_ratio:
  Value: 15.32 (Threshold: 15.40)
  Trend: stable

[2025-03-10 16:34:08] CRITICAL violation for memory_ratio:
  Value: 14.95 (Threshold: 15.40)
  Trend: stable

[2025-03-10 16:34:08] CRITICAL violation for cpu_threshold:
  Value: 121.28 (Threshold: 168.52)
  Trend: stable

[2025-03-10 16:34:08] CRITICAL violation for gpu_utilization:
  Value: -0.80 (Threshold: -1.18)
  Trend: stable

[2025-03-10 16:34:08] CRITICAL: gpu_utilization
Value -0.80 exceeds critical threshold -0.24
[2025-03-10 16:34:09] CRITICAL violation for memory_ratio:
  Value: 14.84 (Threshold: 15.40)
  Trend: stable

[2025-03-10 16:34:09] CRITICAL violation for cpu_threshold:
  Value: 121.92 (Threshold: 168.52)
  Trend: stable

[2025-03-10 16:34:09] CRITICAL violation for gpu_utilization:
  Value: -0.82 (Threshold: -1.18)
  Trend: stable

[2025-03-10 16:34:09] CRITICAL: gpu_utilization
Value -0.82 exceeds critical threshold -0.24
[2025-03-10 16:34:09] CRITICAL violation for memory_ratio:
  Value: 15.80 (Threshold: 15.59)
  Trend: stable

[2025-03-10 16:34:09] CRITICAL violation for cpu_threshold:
  Value: 139.07 (Threshold: 168.52)
  Trend: stable

[2025-03-10 16:34:09] CRITICAL violation for gpu_utilization:
  Value: -0.81 (Threshold: -1.18)
  Trend: stable

[2025-03-10 16:34:09] CRITICAL: gpu_utilization
Value -0.81 exceeds critical threshold -0.24
[2025-03-10 16:34:09] CRITICAL violation for memory_ratio:
  Value: 14.75 (Threshold: 15.59)
  Trend: stable

[2025-03-10 16:34:09] CRITICAL violation for cpu_threshold:
  Value: 131.96 (Threshold: 168.52)
  Trend: stable

[2025-03-10 16:34:09] CRITICAL violation for gpu_utilization:
  Value: -0.85 (Threshold: -1.18)
  Trend: stable

[2025-03-10 16:34:09] CRITICAL: gpu_utilization
Value -0.85 exceeds critical threshold -0.24
[2025-03-10 16:34:09] CRITICAL violation for memory_ratio:
  Value: 15.86 (Threshold: 15.80)
  Trend: stable

[2025-03-10 16:34:09] CRITICAL violation for cpu_threshold:
  Value: 126.60 (Threshold: 168.52)
  Trend: stable

[2025-03-10 16:34:09] CRITICAL violation for gpu_utilization:
  Value: -0.78 (Threshold: -1.18)
  Trend: stable

[2025-03-10 16:34:09] CRITICAL: gpu_utilization
Value -0.78 exceeds critical threshold -0.24
[2025-03-10 16:34:09] CRITICAL violation for memory_ratio:
  Value: 14.64 (Threshold: 15.80)
  Trend: stable

[2025-03-10 16:34:09] CRITICAL violation for cpu_threshold:
  Value: 138.78 (Threshold: 168.52)
  Trend: stable

[2025-03-10 16:34:09] CRITICAL violation for gpu_utilization:
  Value: -0.84 (Threshold: -1.18)
  Trend: stable

[2025-03-10 16:34:09] CRITICAL: gpu_utilization
Value -0.84 exceeds critical threshold -0.24
[2025-03-10 16:34:09] CRITICAL violation for memory_ratio:
  Value: 14.73 (Threshold: 15.80)
  Trend: stable

[2025-03-10 16:34:09] CRITICAL violation for cpu_threshold:
  Value: 139.94 (Threshold: 168.52)
  Trend: stable

[2025-03-10 16:34:09] CRITICAL violation for gpu_utilization:
  Value: -0.77 (Threshold: -1.18)
  Trend: stable

[2025-03-10 16:34:09] CRITICAL: gpu_utilization
Value -0.77 exceeds critical threshold -0.24
[2025-03-10 16:34:10] CRITICAL violation for memory_ratio:
  Value: 14.96 (Threshold: 15.80)
  Trend: stable

[2025-03-10 16:34:10] CRITICAL violation for cpu_threshold:
  Value: 127.80 (Threshold: 168.52)
  Trend: stable

[2025-03-10 16:34:10] CRITICAL violation for gpu_utilization:
  Value: -1.06 (Threshold: -1.18)
  Trend: stable

[2025-03-10 16:34:10] CRITICAL: gpu_utilization
Value -1.06 exceeds critical threshold -0.24
[2025-03-10 16:34:10] CRITICAL violation for memory_ratio:
  Value: 15.42 (Threshold: 15.80)
  Trend: stable

[2025-03-10 16:34:10] CRITICAL violation for cpu_threshold:
  Value: 116.14 (Threshold: 168.52)
  Trend: stable

[2025-03-10 16:34:10] CRITICAL violation for gpu_utilization:
  Value: -0.76 (Threshold: -1.18)
  Trend: stable

[2025-03-10 16:34:10] CRITICAL: gpu_utilization
Value -0.76 exceeds critical threshold -0.24
[2025-03-10 16:34:10] CRITICAL violation for memory_ratio:
  Value: 15.41 (Threshold: 15.80)
  Trend: stable

[2025-03-10 16:34:10] CRITICAL violation for cpu_threshold:
  Value: 129.49 (Threshold: 168.52)
  Trend: stable

[2025-03-10 16:34:10] CRITICAL violation for gpu_utilization:
  Value: -0.79 (Threshold: -1.18)
  Trend: stable

[2025-03-10 16:34:10] CRITICAL: gpu_utilization
Value -0.79 exceeds critical threshold -0.24
[2025-03-10 16:34:10] CRITICAL violation for memory_ratio:
  Value: 15.14 (Threshold: 15.80)
  Trend: stable

[2025-03-10 16:34:10] CRITICAL violation for cpu_threshold:
  Value: 113.70 (Threshold: 168.52)
  Trend: stable

[2025-03-10 16:34:10] CRITICAL violation for gpu_utilization:
  Value: -0.72 (Threshold: -1.18)
  Trend: stable

[2025-03-10 16:34:10] CRITICAL: gpu_utilization
Value -0.72 exceeds critical threshold -0.24
[2025-03-10 16:34:10] CRITICAL violation for memory_ratio:
  Value: 15.43 (Threshold: 15.80)
  Trend: stable

[2025-03-10 16:34:10] CRITICAL violation for cpu_threshold:
  Value: 132.88 (Threshold: 156.57)
  Trend: stable

[2025-03-10 16:34:10] CRITICAL violation for gpu_utilization:
  Value: -0.86 (Threshold: -1.18)
  Trend: stable

[2025-03-10 16:34:10] CRITICAL: gpu_utilization
Value -0.86 exceeds critical threshold -0.24
[2025-03-10 16:34:10] CRITICAL violation for memory_ratio:
  Value: 15.77 (Threshold: 15.80)
  Trend: stable

[2025-03-10 16:34:10] CRITICAL violation for cpu_threshold:
  Value: 142.25 (Threshold: 156.57)
  Trend: stable

[2025-03-10 16:34:10] CRITICAL violation for gpu_utilization:
  Value: -0.78 (Threshold: -1.18)
  Trend: stable

[2025-03-10 16:34:10] CRITICAL: gpu_utilization
Value -0.78 exceeds critical threshold -0.24
[2025-03-10 16:34:10] CRITICAL violation for memory_ratio:
  Value: 15.28 (Threshold: 15.80)
  Trend: stable

[2025-03-10 16:34:10] CRITICAL violation for cpu_threshold:
  Value: 123.32 (Threshold: 156.57)
  Trend: stable

[2025-03-10 16:34:10] CRITICAL violation for gpu_utilization:
  Value: -0.84 (Threshold: -1.18)
  Trend: stable

[2025-03-10 16:34:10] CRITICAL: gpu_utilization
Value -0.84 exceeds critical threshold -0.24
[2025-03-10 16:34:11] CRITICAL violation for memory_ratio:
  Value: 15.20 (Threshold: 15.80)
  Trend: stable

[2025-03-10 16:34:11] CRITICAL violation for cpu_threshold:
  Value: 119.80 (Threshold: 156.57)
  Trend: stable

[2025-03-10 16:34:11] CRITICAL violation for memory_ratio:
  Value: 15.64 (Threshold: 15.80)
  Trend: stable

[2025-03-10 16:34:11] CRITICAL violation for cpu_threshold:
  Value: 140.98 (Threshold: 156.57)
  Trend: stable

[2025-03-10 16:34:11] CRITICAL violation for gpu_utilization:
  Value: -1.33 (Threshold: -1.20)
  Trend: stable

[2025-03-10 16:34:11] CRITICAL: gpu_utilization
Value -1.33 exceeds critical threshold -0.24
[2025-03-10 16:34:11] CRITICAL violation for memory_ratio:
  Value: 15.28 (Threshold: 15.80)
  Trend: stable

[2025-03-10 16:34:11] CRITICAL violation for cpu_threshold:
  Value: 133.67 (Threshold: 156.57)
  Trend: stable

[2025-03-10 16:34:11] CRITICAL violation for gpu_utilization:
  Value: -0.71 (Threshold: -1.20)
  Trend: stable

[2025-03-10 16:34:11] CRITICAL: gpu_utilization
Value -0.71 exceeds critical threshold -0.24
[2025-03-10 16:34:11] CRITICAL violation for memory_ratio:
  Value: 15.71 (Threshold: 15.80)
  Trend: stable

[2025-03-10 16:34:11] CRITICAL violation for cpu_threshold:
  Value: 117.90 (Threshold: 156.57)
  Trend: stable

[2025-03-10 16:34:11] CRITICAL violation for gpu_utilization:
  Value: -0.72 (Threshold: -1.20)
  Trend: stable

[2025-03-10 16:34:11] CRITICAL: gpu_utilization
Value -0.72 exceeds critical threshold -0.24
[2025-03-10 16:34:11] CRITICAL violation for memory_ratio:
  Value: 15.67 (Threshold: 15.80)
  Trend: stable

[2025-03-10 16:34:11] CRITICAL violation for cpu_threshold:
  Value: 121.39 (Threshold: 156.57)
  Trend: stable

[2025-03-10 16:34:11] CRITICAL violation for gpu_utilization:
  Value: -1.03 (Threshold: -1.20)
  Trend: stable

[2025-03-10 16:34:11] CRITICAL: gpu_utilization
Value -1.03 exceeds critical threshold -0.24
[2025-03-10 16:34:11] CRITICAL violation for memory_ratio:
  Value: 14.65 (Threshold: 15.80)
  Trend: stable

[2025-03-10 16:34:11] CRITICAL violation for cpu_threshold:
  Value: 123.34 (Threshold: 142.93)
  Trend: stable

[2025-03-10 16:34:11] CRITICAL violation for gpu_utilization:
  Value: -0.79 (Threshold: -1.20)
  Trend: stable

[2025-03-10 16:34:11] CRITICAL: gpu_utilization
Value -0.79 exceeds critical threshold -0.24
[2025-03-10 16:34:11] CRITICAL violation for memory_ratio:
  Value: 15.43 (Threshold: 15.80)
  Trend: stable

[2025-03-10 16:34:11] CRITICAL violation for cpu_threshold:
  Value: 131.52 (Threshold: 142.93)
  Trend: stable

[2025-03-10 16:34:11] CRITICAL violation for gpu_utilization:
  Value: -0.81 (Threshold: -1.20)
  Trend: stable

[2025-03-10 16:34:11] CRITICAL: gpu_utilization
Value -0.81 exceeds critical threshold -0.24
[2025-03-10 16:34:11] CRITICAL violation for memory_ratio:
  Value: 15.96 (Threshold: 15.86)
  Trend: stable

[2025-03-10 16:34:11] CRITICAL violation for cpu_threshold:
  Value: 136.75 (Threshold: 142.93)
  Trend: stable

[2025-03-10 16:34:11] CRITICAL violation for gpu_utilization:
  Value: -0.72 (Threshold: -1.20)
  Trend: stable

[2025-03-10 16:34:11] CRITICAL: gpu_utilization
Value -0.72 exceeds critical threshold -0.24
[2025-03-10 16:34:13] CRITICAL violation for memory_ratio:
  Value: 15.57 (Threshold: 15.86)
  Trend: stable

[2025-03-10 16:34:13] CRITICAL violation for cpu_threshold:
  Value: 127.01 (Threshold: 142.93)
  Trend: stable

[2025-03-10 16:34:13] CRITICAL violation for gpu_utilization:
  Value: -0.75 (Threshold: -1.20)
  Trend: stable

[2025-03-10 16:34:13] CRITICAL: gpu_utilization
Value -0.75 exceeds critical threshold -0.24
[2025-03-10 16:34:13] CRITICAL violation for memory_ratio:
  Value: 15.28 (Threshold: 15.86)
  Trend: stable

[2025-03-10 16:34:13] CRITICAL violation for cpu_threshold:
  Value: 121.47 (Threshold: 142.93)
  Trend: stable

[2025-03-10 16:34:13] CRITICAL violation for gpu_utilization:
  Value: -0.94 (Threshold: -1.20)
  Trend: stable

[2025-03-10 16:34:13] CRITICAL: gpu_utilization
Value -0.94 exceeds critical threshold -0.24
[2025-03-10 16:34:13] CRITICAL violation for memory_ratio:
  Value: 15.62 (Threshold: 15.86)
  Trend: stable

[2025-03-10 16:34:13] CRITICAL violation for cpu_threshold:
  Value: 129.36 (Threshold: 142.93)
  Trend: stable

[2025-03-10 16:34:13] CRITICAL violation for gpu_utilization:
  Value: -0.83 (Threshold: -1.20)
  Trend: stable

[2025-03-10 16:34:13] CRITICAL: gpu_utilization
Value -0.83 exceeds critical threshold -0.24
[2025-03-10 16:34:13] CRITICAL violation for memory_ratio:
  Value: 15.83 (Threshold: 15.86)
  Trend: stable

[2025-03-10 16:34:13] CRITICAL violation for cpu_threshold:
  Value: 127.32 (Threshold: 142.93)
  Trend: stable

[2025-03-10 16:34:13] CRITICAL violation for gpu_utilization:
  Value: -0.73 (Threshold: -1.20)
  Trend: stable

[2025-03-10 16:34:13] CRITICAL: gpu_utilization
Value -0.73 exceeds critical threshold -0.24
[2025-03-10 16:34:14] CRITICAL violation for memory_ratio:
  Value: 16.65 (Threshold: 15.90)
  Trend: stable

[2025-03-10 16:34:14] CRITICAL violation for memory_ratio:
  Value: 16.18 (Threshold: 15.97)
  Trend: stable

[2025-03-10 16:34:14] CRITICAL violation for cpu_threshold:
  Value: 122.09 (Threshold: 141.92)
  Trend: stable

[2025-03-10 16:34:14] CRITICAL violation for gpu_utilization:
  Value: -1.20 (Threshold: -1.20)
  Trend: stable

[2025-03-10 16:34:14] CRITICAL: gpu_utilization
Value -1.20 exceeds critical threshold -0.24
[2025-03-10 16:34:15] CRITICAL violation for memory_ratio:
  Value: 16.61 (Threshold: 16.20)
  Trend: increasing

[2025-03-10 16:34:15] CRITICAL violation for cpu_threshold:
  Value: 148.46 (Threshold: 142.56)
  Trend: stable

[2025-03-10 16:34:15] CRITICAL violation for gpu_utilization:
  Value: -0.80 (Threshold: -1.20)
  Trend: stable

[2025-03-10 16:34:15] CRITICAL: gpu_utilization
Value -0.80 exceeds critical threshold -0.24
[2025-03-10 16:34:15] CRITICAL violation for memory_ratio:
  Value: 16.36 (Threshold: 16.37)
  Trend: stable

[2025-03-10 16:34:15] CRITICAL violation for cpu_threshold:
  Value: 117.22 (Threshold: 142.56)
  Trend: stable

[2025-03-10 16:34:15] CRITICAL violation for gpu_utilization:
  Value: -0.94 (Threshold: -1.20)
  Trend: stable

[2025-03-10 16:34:15] CRITICAL: gpu_utilization
Value -0.94 exceeds critical threshold -0.24
[2025-03-10 16:34:15] CRITICAL violation for memory_ratio:
  Value: 16.05 (Threshold: 16.37)
  Trend: stable

[2025-03-10 16:34:15] CRITICAL violation for cpu_threshold:
  Value: 124.30 (Threshold: 142.56)
  Trend: stable

[2025-03-10 16:34:15] CRITICAL violation for gpu_utilization:
  Value: -0.90 (Threshold: -1.20)
  Trend: stable

[2025-03-10 16:34:15] CRITICAL: gpu_utilization
Value -0.90 exceeds critical threshold -0.24
[2025-03-10 16:34:16] CRITICAL violation for memory_ratio:
  Value: 24.26 (Threshold: 16.62)
  Trend: stable

[2025-03-10 16:34:16] WARNING: memory_ratio
Value 24.26 exceeds warning threshold 19.94
[2025-03-10 16:34:16] CRITICAL violation for cpu_threshold:
  Value: 135.64 (Threshold: 142.56)
  Trend: stable

[2025-03-10 16:34:16] CRITICAL violation for gpu_utilization:
  Value: -0.75 (Threshold: -1.20)
  Trend: stable

[2025-03-10 16:34:16] CRITICAL: gpu_utilization
Value -0.75 exceeds critical threshold -0.24
[2025-03-10 16:34:16] CRITICAL violation for memory_ratio:
  Value: 15.66 (Threshold: 16.62)
  Trend: stable

[2025-03-10 16:34:16] CRITICAL violation for cpu_threshold:
  Value: 127.78 (Threshold: 142.56)
  Trend: stable

[2025-03-10 16:34:16] CRITICAL violation for gpu_utilization:
  Value: -1.03 (Threshold: -1.20)
  Trend: stable

[2025-03-10 16:34:16] CRITICAL: gpu_utilization
Value -1.03 exceeds critical threshold -0.24
[2025-03-10 16:34:16] CRITICAL violation for memory_ratio:
  Value: 15.63 (Threshold: 16.62)
  Trend: stable

[2025-03-10 16:34:16] CRITICAL violation for cpu_threshold:
  Value: 123.62 (Threshold: 142.56)
  Trend: stable

[2025-03-10 16:34:16] CRITICAL violation for gpu_utilization:
  Value: -0.99 (Threshold: -1.20)
  Trend: stable

[2025-03-10 16:34:16] CRITICAL: gpu_utilization
Value -0.99 exceeds critical threshold -0.24
[2025-03-10 16:34:16] CRITICAL violation for memory_ratio:
  Value: 16.01 (Threshold: 16.62)
  Trend: stable

[2025-03-10 16:34:16] CRITICAL violation for cpu_threshold:
  Value: 139.52 (Threshold: 142.56)
  Trend: stable

[2025-03-10 16:34:16] CRITICAL violation for gpu_utilization:
  Value: -1.13 (Threshold: -1.20)
  Trend: stable

[2025-03-10 16:34:16] CRITICAL: gpu_utilization
Value -1.13 exceeds critical threshold -0.24
[2025-03-10 16:34:16] CRITICAL violation for memory_ratio:
  Value: 15.69 (Threshold: 16.62)
  Trend: stable

[2025-03-10 16:34:16] CRITICAL violation for cpu_threshold:
  Value: 141.69 (Threshold: 142.56)
  Trend: stable

[2025-03-10 16:34:16] CRITICAL violation for gpu_utilization:
  Value: -0.98 (Threshold: -1.20)
  Trend: stable

[2025-03-10 16:34:16] CRITICAL: gpu_utilization
Value -0.98 exceeds critical threshold -0.24
[2025-03-10 16:34:16] CRITICAL violation for memory_ratio:
  Value: 16.23 (Threshold: 16.62)
  Trend: stable

[2025-03-10 16:34:16] CRITICAL violation for cpu_threshold:
  Value: 135.72 (Threshold: 142.56)
  Trend: stable

[2025-03-10 16:34:16] CRITICAL violation for gpu_utilization:
  Value: -1.12 (Threshold: -1.20)
  Trend: stable

[2025-03-10 16:34:16] CRITICAL: gpu_utilization
Value -1.12 exceeds critical threshold -0.24
[2025-03-10 16:34:16] CRITICAL violation for memory_ratio:
  Value: 16.17 (Threshold: 16.37)
  Trend: stable

[2025-03-10 16:34:16] CRITICAL violation for cpu_threshold:
  Value: 135.67 (Threshold: 142.56)
  Trend: stable

[2025-03-10 16:34:16] CRITICAL violation for gpu_utilization:
  Value: -1.01 (Threshold: -1.20)
  Trend: stable

[2025-03-10 16:34:16] CRITICAL: gpu_utilization
Value -1.01 exceeds critical threshold -0.24
[2025-03-10 16:34:16] CRITICAL violation for memory_ratio:
  Value: 15.60 (Threshold: 16.37)
  Trend: stable

[2025-03-10 16:34:16] CRITICAL violation for cpu_threshold:
  Value: 148.44 (Threshold: 148.44)
  Trend: increasing

[2025-03-10 16:34:16] CRITICAL violation for gpu_utilization:
  Value: -1.06 (Threshold: -1.20)
  Trend: stable

[2025-03-10 16:34:16] CRITICAL: gpu_utilization
Value -1.06 exceeds critical threshold -0.24
[2025-03-10 16:34:16] CRITICAL violation for memory_ratio:
  Value: 15.85 (Threshold: 16.37)
  Trend: stable

[2025-03-10 16:34:16] CRITICAL violation for cpu_threshold:
  Value: 129.85 (Threshold: 148.44)
  Trend: stable

[2025-03-10 16:34:16] CRITICAL violation for gpu_utilization:
  Value: -0.84 (Threshold: -1.20)
  Trend: stable

[2025-03-10 16:34:16] CRITICAL: gpu_utilization
Value -0.84 exceeds critical threshold -0.24
[2025-03-10 16:34:16] CRITICAL violation for memory_ratio:
  Value: 16.05 (Threshold: 16.37)
  Trend: stable

[2025-03-10 16:34:16] CRITICAL violation for cpu_threshold:
  Value: 132.69 (Threshold: 148.44)
  Trend: stable

[2025-03-10 16:34:16] CRITICAL violation for gpu_utilization:
  Value: -1.14 (Threshold: -1.20)
  Trend: stable

[2025-03-10 16:34:16] CRITICAL: gpu_utilization
Value -1.14 exceeds critical threshold -0.24
[2025-03-10 16:34:17] CRITICAL violation for memory_ratio:
  Value: 15.80 (Threshold: 16.37)
  Trend: stable

[2025-03-10 16:34:17] CRITICAL violation for cpu_threshold:
  Value: 145.03 (Threshold: 148.44)
  Trend: stable

[2025-03-10 16:34:17] CRITICAL violation for gpu_utilization:
  Value: -0.90 (Threshold: -1.20)
  Trend: stable

[2025-03-10 16:34:17] CRITICAL: gpu_utilization
Value -0.90 exceeds critical threshold -0.24
[2025-03-10 16:34:17] CRITICAL violation for memory_ratio:
  Value: 16.17 (Threshold: 16.37)
  Trend: stable

[2025-03-10 16:34:17] CRITICAL violation for cpu_threshold:
  Value: 141.21 (Threshold: 148.44)
  Trend: stable

[2025-03-10 16:34:17] CRITICAL violation for gpu_utilization:
  Value: -1.11 (Threshold: -1.20)
  Trend: stable

[2025-03-10 16:34:17] CRITICAL: gpu_utilization
Value -1.11 exceeds critical threshold -0.24
[2025-03-10 16:34:18] CRITICAL violation for memory_ratio:
  Value: 15.68 (Threshold: 16.37)
  Trend: stable

[2025-03-10 16:34:18] CRITICAL violation for cpu_threshold:
  Value: 136.14 (Threshold: 148.44)
  Trend: stable

[2025-03-10 16:34:18] CRITICAL violation for gpu_utilization:
  Value: -0.92 (Threshold: -1.20)
  Trend: stable

[2025-03-10 16:34:18] CRITICAL: gpu_utilization
Value -0.92 exceeds critical threshold -0.24
[2025-03-10 16:34:18] CRITICAL violation for memory_ratio:
  Value: 23.73 (Threshold: 16.62)
  Trend: stable

[2025-03-10 16:34:18] WARNING: memory_ratio
Value 23.73 exceeds warning threshold 19.94
[2025-03-10 16:34:18] CRITICAL violation for cpu_threshold:
  Value: 118.70 (Threshold: 148.44)
  Trend: stable

[2025-03-10 16:34:18] CRITICAL violation for gpu_utilization:
  Value: -0.98 (Threshold: -1.20)
  Trend: stable

[2025-03-10 16:34:18] CRITICAL: gpu_utilization
Value -0.98 exceeds critical threshold -0.24
[2025-03-10 16:34:18] CRITICAL violation for memory_ratio:
  Value: 15.89 (Threshold: 16.62)
  Trend: stable

[2025-03-10 16:34:18] CRITICAL violation for cpu_threshold:
  Value: 152.02 (Threshold: 148.64)
  Trend: stable

[2025-03-10 16:34:18] CRITICAL violation for gpu_utilization:
  Value: -1.74 (Threshold: -1.21)
  Trend: stable

[2025-03-10 16:34:18] CRITICAL: gpu_utilization
Value -1.74 exceeds critical threshold -0.24
[2025-03-10 16:34:18] CRITICAL violation for memory_ratio:
  Value: 15.74 (Threshold: 16.62)
  Trend: stable

[2025-03-10 16:34:18] CRITICAL violation for cpu_threshold:
  Value: 149.19 (Threshold: 149.34)
  Trend: stable

[2025-03-10 16:34:18] CRITICAL violation for gpu_utilization:
  Value: -0.97 (Threshold: -1.21)
  Trend: stable

[2025-03-10 16:34:18] CRITICAL: gpu_utilization
Value -0.97 exceeds critical threshold -0.24
[2025-03-10 16:34:18] CRITICAL violation for memory_ratio:
  Value: 15.90 (Threshold: 16.62)
  Trend: stable

[2025-03-10 16:34:18] CRITICAL violation for cpu_threshold:
  Value: 141.32 (Threshold: 149.34)
  Trend: stable

[2025-03-10 16:34:18] CRITICAL violation for gpu_utilization:
  Value: -1.14 (Threshold: -1.21)
  Trend: stable

[2025-03-10 16:34:18] CRITICAL: gpu_utilization
Value -1.14 exceeds critical threshold -0.24
[2025-03-10 16:34:19] CRITICAL violation for memory_ratio:
  Value: 16.35 (Threshold: 16.62)
  Trend: stable

[2025-03-10 16:34:19] CRITICAL violation for cpu_threshold:
  Value: 144.72 (Threshold: 149.34)
  Trend: stable

[2025-03-10 16:34:19] CRITICAL violation for memory_ratio:
  Value: 16.78 (Threshold: 16.66)
  Trend: stable

[2025-03-10 16:34:19] CRITICAL violation for cpu_threshold:
  Value: 146.77 (Threshold: 149.34)
  Trend: stable

[2025-03-10 16:34:19] CRITICAL violation for gpu_utilization:
  Value: -1.02 (Threshold: -1.20)
  Trend: stable

[2025-03-10 16:34:19] CRITICAL: gpu_utilization
Value -1.02 exceeds critical threshold -0.24
[2025-03-10 16:34:19] CRITICAL violation for memory_ratio:
  Value: 16.06 (Threshold: 16.66)
  Trend: stable

[2025-03-10 16:34:19] CRITICAL violation for cpu_threshold:
  Value: 128.20 (Threshold: 149.34)
  Trend: stable

[2025-03-10 16:34:19] CRITICAL violation for gpu_utilization:
  Value: -1.30 (Threshold: -1.21)
  Trend: stable

[2025-03-10 16:34:19] CRITICAL: gpu_utilization
Value -1.30 exceeds critical threshold -0.24
[2025-03-10 16:34:20] CRITICAL violation for memory_ratio:
  Value: 16.01 (Threshold: 16.66)
  Trend: stable

[2025-03-10 16:34:20] CRITICAL violation for cpu_threshold:
  Value: 142.20 (Threshold: 149.34)
  Trend: stable

[2025-03-10 16:34:20] CRITICAL violation for gpu_utilization:
  Value: -1.39 (Threshold: -1.26)
  Trend: stable

[2025-03-10 16:34:20] CRITICAL: gpu_utilization
Value -1.39 exceeds critical threshold -0.25
[2025-03-10 16:34:21] CRITICAL violation for memory_ratio:
  Value: 16.55 (Threshold: 16.66)
  Trend: stable

[2025-03-10 16:34:21] CRITICAL violation for cpu_threshold:
  Value: 158.76 (Threshold: 152.21)
  Trend: stable

[2025-03-10 16:34:21] CRITICAL violation for gpu_utilization:
  Value: -1.24 (Threshold: -1.26)
  Trend: stable

[2025-03-10 16:34:21] CRITICAL: gpu_utilization
Value -1.24 exceeds critical threshold -0.25
[2025-03-10 16:34:21] CRITICAL violation for memory_ratio:
  Value: 16.10 (Threshold: 16.66)
  Trend: stable

[2025-03-10 16:34:21] CRITICAL violation for cpu_threshold:
  Value: 121.34 (Threshold: 152.21)
  Trend: stable

[2025-03-10 16:34:21] CRITICAL violation for gpu_utilization:
  Value: -1.31 (Threshold: -1.26)
  Trend: stable

[2025-03-10 16:34:21] CRITICAL: gpu_utilization
Value -1.31 exceeds critical threshold -0.25
[2025-03-10 16:34:21] CRITICAL violation for memory_ratio:
  Value: 16.37 (Threshold: 16.66)
  Trend: stable

[2025-03-10 16:34:21] CRITICAL violation for cpu_threshold:
  Value: 122.53 (Threshold: 152.21)
  Trend: stable

[2025-03-10 16:34:21] CRITICAL violation for gpu_utilization:
  Value: -1.15 (Threshold: -1.26)
  Trend: stable

[2025-03-10 16:34:21] CRITICAL: gpu_utilization
Value -1.15 exceeds critical threshold -0.25
[2025-03-10 16:34:21] CRITICAL violation for memory_ratio:
  Value: 15.97 (Threshold: 16.62)
  Trend: stable

[2025-03-10 16:34:21] CRITICAL violation for cpu_threshold:
  Value: 138.65 (Threshold: 152.21)
  Trend: stable

[2025-03-10 16:34:21] CRITICAL violation for gpu_utilization:
  Value: -1.95 (Threshold: -1.30)
  Trend: stable

[2025-03-10 16:34:21] CRITICAL: gpu_utilization
Value -1.95 exceeds critical threshold -0.26
[2025-03-10 16:34:21] CRITICAL violation for memory_ratio:
  Value: 15.66 (Threshold: 16.62)
  Trend: stable

[2025-03-10 16:34:21] CRITICAL violation for cpu_threshold:
  Value: 135.27 (Threshold: 152.21)
  Trend: stable

[2025-03-10 16:34:21] CRITICAL violation for gpu_utilization:
  Value: -1.29 (Threshold: -1.30)
  Trend: stable

[2025-03-10 16:34:21] CRITICAL: gpu_utilization
Value -1.29 exceeds critical threshold -0.26
[2025-03-10 16:34:21] CRITICAL violation for memory_ratio:
  Value: 16.86 (Threshold: 16.66)
  Trend: stable

[2025-03-10 16:34:21] CRITICAL violation for cpu_threshold:
  Value: 121.67 (Threshold: 149.34)
  Trend: stable

[2025-03-10 16:34:21] CRITICAL violation for gpu_utilization:
  Value: -1.24 (Threshold: -1.30)
  Trend: stable

[2025-03-10 16:34:21] CRITICAL: gpu_utilization
Value -1.24 exceeds critical threshold -0.26
[2025-03-10 16:34:21] CRITICAL violation for memory_ratio:
  Value: 16.23 (Threshold: 16.66)
  Trend: stable

[2025-03-10 16:34:21] CRITICAL violation for cpu_threshold:
  Value: 110.28 (Threshold: 149.34)
  Trend: stable

[2025-03-10 16:34:21] CRITICAL violation for gpu_utilization:
  Value: -1.29 (Threshold: -1.30)
  Trend: stable

[2025-03-10 16:34:21] CRITICAL: gpu_utilization
Value -1.29 exceeds critical threshold -0.26
[2025-03-10 16:34:21] CRITICAL violation for memory_ratio:
  Value: 25.41 (Threshold: 16.78)
  Trend: stable

[2025-03-10 16:34:21] CRITICAL: memory_ratio
Value 25.41 exceeds critical threshold 25.18
[2025-03-10 16:34:21] CRITICAL violation for cpu_threshold:
  Value: 148.15 (Threshold: 149.34)
  Trend: stable

[2025-03-10 16:34:21] CRITICAL violation for gpu_utilization:
  Value: -1.22 (Threshold: -1.30)
  Trend: stable

[2025-03-10 16:34:21] CRITICAL: gpu_utilization
Value -1.22 exceeds critical threshold -0.26
[2025-03-10 16:34:21] CRITICAL violation for memory_ratio:
  Value: 15.75 (Threshold: 16.78)
  Trend: stable

[2025-03-10 16:34:22] CRITICAL violation for cpu_threshold:
  Value: 137.04 (Threshold: 148.50)
  Trend: stable

[2025-03-10 16:34:22] CRITICAL violation for gpu_utilization:
  Value: -1.39 (Threshold: -1.31)
  Trend: stable

[2025-03-10 16:34:22] CRITICAL: gpu_utilization
Value -1.39 exceeds critical threshold -0.26
[2025-03-10 16:34:22] CRITICAL violation for memory_ratio:
  Value: 15.52 (Threshold: 16.78)
  Trend: stable

[2025-03-10 16:34:22] CRITICAL violation for cpu_threshold:
  Value: 115.94 (Threshold: 148.50)
  Trend: stable

[2025-03-10 16:34:22] CRITICAL violation for gpu_utilization:
  Value: -1.22 (Threshold: -1.31)
  Trend: stable

[2025-03-10 16:34:22] CRITICAL: gpu_utilization
Value -1.22 exceeds critical threshold -0.26
[2025-03-10 16:34:22] CRITICAL violation for memory_ratio:
  Value: 26.67 (Threshold: 17.03)
  Trend: stable

[2025-03-10 16:34:22] CRITICAL: memory_ratio
Value 26.67 exceeds critical threshold 25.55
[2025-03-10 16:34:22] CRITICAL violation for cpu_threshold:
  Value: 137.50 (Threshold: 148.50)
  Trend: stable

[2025-03-10 16:34:22] CRITICAL violation for gpu_utilization:
  Value: -1.39 (Threshold: -1.33)
  Trend: stable

[2025-03-10 16:34:22] CRITICAL: gpu_utilization
Value -1.39 exceeds critical threshold -0.27
[2025-03-10 16:34:22] CRITICAL violation for memory_ratio:
  Value: 16.93 (Threshold: 17.09)
  Trend: stable

[2025-03-10 16:34:22] CRITICAL violation for cpu_threshold:
  Value: 144.01 (Threshold: 148.50)
  Trend: stable

[2025-03-10 16:34:22] CRITICAL violation for gpu_utilization:
  Value: -1.26 (Threshold: -1.33)
  Trend: stable

[2025-03-10 16:34:22] CRITICAL: gpu_utilization
Value -1.26 exceeds critical threshold -0.27
[2025-03-10 16:34:23] CRITICAL violation for memory_ratio:
  Value: 17.10 (Threshold: 17.26)
  Trend: stable

[2025-03-10 16:34:23] CRITICAL violation for cpu_threshold:
  Value: 123.90 (Threshold: 148.50)
  Trend: stable

[2025-03-10 16:34:23] CRITICAL violation for gpu_utilization:
  Value: -1.16 (Threshold: -1.33)
  Trend: stable

[2025-03-10 16:34:23] CRITICAL: gpu_utilization
Value -1.16 exceeds critical threshold -0.27
[2025-03-10 16:34:23] CRITICAL violation for memory_ratio:
  Value: 16.11 (Threshold: 17.26)
  Trend: stable

[2025-03-10 16:34:23] CRITICAL violation for cpu_threshold:
  Value: 132.00 (Threshold: 148.50)
  Trend: stable

[2025-03-10 16:34:23] CRITICAL violation for gpu_utilization:
  Value: -1.05 (Threshold: -1.33)
  Trend: stable

[2025-03-10 16:34:23] CRITICAL: gpu_utilization
Value -1.05 exceeds critical threshold -0.27
[2025-03-10 16:34:23] CRITICAL violation for memory_ratio:
  Value: 17.00 (Threshold: 17.26)
  Trend: stable

[2025-03-10 16:34:23] CRITICAL violation for cpu_threshold:
  Value: 130.02 (Threshold: 148.50)
  Trend: stable

[2025-03-10 16:34:23] CRITICAL violation for gpu_utilization:
  Value: -1.29 (Threshold: -1.33)
  Trend: stable

[2025-03-10 16:34:23] CRITICAL: gpu_utilization
Value -1.29 exceeds critical threshold -0.27
[2025-03-10 16:34:23] CRITICAL violation for memory_ratio:
  Value: 15.51 (Threshold: 17.26)
  Trend: stable

[2025-03-10 16:34:23] CRITICAL violation for cpu_threshold:
  Value: 136.28 (Threshold: 148.50)
  Trend: stable

[2025-03-10 16:34:23] CRITICAL violation for gpu_utilization:
  Value: -1.35 (Threshold: -1.35)
  Trend: stable

[2025-03-10 16:34:23] CRITICAL: gpu_utilization
Value -1.35 exceeds critical threshold -0.27
[2025-03-10 16:34:23] CRITICAL violation for memory_ratio:
  Value: 16.19 (Threshold: 17.26)
  Trend: stable

[2025-03-10 16:34:23] CRITICAL violation for cpu_threshold:
  Value: 134.18 (Threshold: 148.50)
  Trend: stable

[2025-03-10 16:34:23] CRITICAL violation for gpu_utilization:
  Value: -1.32 (Threshold: -1.35)
  Trend: stable

[2025-03-10 16:34:23] CRITICAL: gpu_utilization
Value -1.32 exceeds critical threshold -0.27
[2025-03-10 16:34:23] CRITICAL violation for memory_ratio:
  Value: 16.64 (Threshold: 17.26)
  Trend: stable

[2025-03-10 16:34:23] CRITICAL violation for cpu_threshold:
  Value: 136.15 (Threshold: 148.44)
  Trend: stable

[2025-03-10 16:34:23] CRITICAL violation for gpu_utilization:
  Value: -1.42 (Threshold: -1.39)
  Trend: stable

[2025-03-10 16:34:23] CRITICAL: gpu_utilization
Value -1.42 exceeds critical threshold -0.28
[2025-03-10 16:34:24] CRITICAL violation for memory_ratio:
  Value: 16.59 (Threshold: 17.26)
  Trend: stable

[2025-03-10 16:34:24] CRITICAL violation for cpu_threshold:
  Value: 128.93 (Threshold: 148.44)
  Trend: stable

[2025-03-10 16:34:24] CRITICAL violation for memory_ratio:
  Value: 16.54 (Threshold: 17.26)
  Trend: stable

[2025-03-10 16:34:24] CRITICAL violation for cpu_threshold:
  Value: 146.27 (Threshold: 148.44)
  Trend: stable

[2025-03-10 16:34:24] CRITICAL violation for gpu_utilization:
  Value: -1.32 (Threshold: -1.39)
  Trend: stable

[2025-03-10 16:34:24] CRITICAL: gpu_utilization
Value -1.32 exceeds critical threshold -0.28
[2025-03-10 16:34:24] CRITICAL violation for memory_ratio:
  Value: 16.07 (Threshold: 17.26)
  Trend: stable

[2025-03-10 16:34:24] CRITICAL violation for cpu_threshold:
  Value: 145.12 (Threshold: 148.44)
  Trend: stable

[2025-03-10 16:34:24] CRITICAL violation for gpu_utilization:
  Value: -1.64 (Threshold: -1.39)
  Trend: stable

[2025-03-10 16:34:24] CRITICAL: gpu_utilization
Value -1.64 exceeds critical threshold -0.28
[2025-03-10 16:34:25] CRITICAL violation for memory_ratio:
  Value: 16.98 (Threshold: 17.26)
  Trend: stable

[2025-03-10 16:34:25] CRITICAL violation for cpu_threshold:
  Value: 138.32 (Threshold: 148.44)
  Trend: stable

[2025-03-10 16:34:25] CRITICAL violation for gpu_utilization:
  Value: -1.23 (Threshold: -1.39)
  Trend: stable

[2025-03-10 16:34:25] CRITICAL: gpu_utilization
Value -1.23 exceeds critical threshold -0.28
[2025-03-10 16:34:25] CRITICAL violation for memory_ratio:
  Value: 16.48 (Threshold: 17.01)
  Trend: stable

[2025-03-10 16:34:25] CRITICAL violation for cpu_threshold:
  Value: 130.77 (Threshold: 148.44)
  Trend: stable

[2025-03-10 16:34:25] CRITICAL violation for gpu_utilization:
  Value: -1.41 (Threshold: -1.39)
  Trend: stable

[2025-03-10 16:34:25] CRITICAL: gpu_utilization
Value -1.41 exceeds critical threshold -0.28
[2025-03-10 16:34:26] CRITICAL violation for memory_ratio:
  Value: 16.93 (Threshold: 17.01)
  Trend: stable

[2025-03-10 16:34:26] CRITICAL violation for cpu_threshold:
  Value: 196.16 (Threshold: 148.50)
  Trend: stable

[2025-03-10 16:34:26] WARNING: cpu_threshold
Value 196.16 exceeds warning threshold 178.20
[2025-03-10 16:34:26] CRITICAL violation for gpu_utilization:
  Value: -1.37 (Threshold: -1.39)
  Trend: stable

[2025-03-10 16:34:26] CRITICAL: gpu_utilization
Value -1.37 exceeds critical threshold -0.28
[2025-03-10 16:34:26] CRITICAL violation for memory_ratio:
  Value: 15.78 (Threshold: 17.01)
  Trend: stable

[2025-03-10 16:34:26] CRITICAL violation for cpu_threshold:
  Value: 136.98 (Threshold: 148.50)
  Trend: stable

[2025-03-10 16:34:26] CRITICAL violation for gpu_utilization:
  Value: -1.39 (Threshold: -1.39)
  Trend: stable

[2025-03-10 16:34:26] CRITICAL: gpu_utilization
Value -1.39 exceeds critical threshold -0.28
[2025-03-10 16:34:27] CRITICAL violation for memory_ratio:
  Value: 17.37 (Threshold: 17.11)
  Trend: stable

[2025-03-10 16:34:27] CRITICAL violation for cpu_threshold:
  Value: 119.44 (Threshold: 148.50)
  Trend: stable

[2025-03-10 16:34:27] CRITICAL violation for gpu_utilization:
  Value: -1.38 (Threshold: -1.39)
  Trend: stable

[2025-03-10 16:34:27] CRITICAL: gpu_utilization
Value -1.38 exceeds critical threshold -0.28
[2025-03-10 16:34:27] CRITICAL violation for memory_ratio:
  Value: 16.11 (Threshold: 17.11)
  Trend: stable

[2025-03-10 16:34:27] CRITICAL violation for cpu_threshold:
  Value: 121.97 (Threshold: 148.50)
  Trend: stable

[2025-03-10 16:34:27] CRITICAL violation for gpu_utilization:
  Value: -1.33 (Threshold: -1.39)
  Trend: stable

[2025-03-10 16:34:27] CRITICAL: gpu_utilization
Value -1.33 exceeds critical threshold -0.28
[2025-03-10 16:34:27] CRITICAL violation for memory_ratio:
  Value: 16.80 (Threshold: 17.11)
  Trend: stable

[2025-03-10 16:34:27] CRITICAL violation for cpu_threshold:
  Value: 121.43 (Threshold: 148.50)
  Trend: stable

[2025-03-10 16:34:27] CRITICAL violation for gpu_utilization:
  Value: -1.44 (Threshold: -1.41)
  Trend: stable

[2025-03-10 16:34:27] CRITICAL: gpu_utilization
Value -1.44 exceeds critical threshold -0.28
[2025-03-10 16:34:27] CRITICAL violation for memory_ratio:
  Value: 16.91 (Threshold: 17.11)
  Trend: stable

[2025-03-10 16:34:27] CRITICAL violation for cpu_threshold:
  Value: 129.29 (Threshold: 148.50)
  Trend: stable

[2025-03-10 16:34:27] CRITICAL violation for gpu_utilization:
  Value: -1.42 (Threshold: -1.42)
  Trend: stable

[2025-03-10 16:34:27] CRITICAL: gpu_utilization
Value -1.42 exceeds critical threshold -0.28
[2025-03-10 16:36:35] Configuration updated for memory_ratio:
  Warning threshold: 1.2
  Critical threshold: 1.5
  Consecutive violations: 3
  Notification level: all

[2025-03-10 16:36:35] Configuration updated for cpu_threshold:
  Warning threshold: 1.2
  Critical threshold: 1.5
  Consecutive violations: 3
  Notification level: all

[2025-03-10 16:36:35] Configuration updated for gpu_utilization:
  Warning threshold: 0.4
  Critical threshold: 0.2
  Consecutive violations: 3
  Notification level: all

[2025-03-10 16:36:35] Configuration updated for io_latency:
  Warning threshold: 1.3
  Critical threshold: 1.6
  Consecutive violations: 3
  Notification level: all

[2025-03-10 16:36:35] CRITICAL violation for gpu_utilization:
  Value: 0.52 (Threshold: 0.52)
  Trend: insufficient data

[2025-03-10 16:36:35] CRITICAL: gpu_utilization
Value 0.52 exceeds critical threshold 0.10
[2025-03-10 16:36:35] CRITICAL violation for gpu_utilization:
  Value: 0.57 (Threshold: 0.52)
  Trend: insufficient data

[2025-03-10 16:36:35] CRITICAL: gpu_utilization
Value 0.57 exceeds critical threshold 0.10
[2025-03-10 16:36:35] CRITICAL violation for gpu_utilization:
  Value: 0.36 (Threshold: 0.38)
  Trend: insufficient data

[2025-03-10 16:36:35] CRITICAL: gpu_utilization
Value 0.36 exceeds critical threshold 0.08
[2025-03-10 16:36:35] CRITICAL violation for gpu_utilization:
  Value: 0.61 (Threshold: 0.38)
  Trend: insufficient data

[2025-03-10 16:36:35] CRITICAL: gpu_utilization
Value 0.61 exceeds critical threshold 0.08
[2025-03-10 16:36:35] CRITICAL violation for gpu_utilization:
  Value: 0.34 (Threshold: 0.34)
  Trend: insufficient data

[2025-03-10 16:36:35] CRITICAL: gpu_utilization
Value 0.34 exceeds critical threshold 0.07
[2025-03-10 16:36:35] CRITICAL violation for gpu_utilization:
  Value: 0.49 (Threshold: 0.34)
  Trend: insufficient data

[2025-03-10 16:36:35] CRITICAL: gpu_utilization
Value 0.49 exceeds critical threshold 0.07
[2025-03-10 16:36:36] CRITICAL violation for gpu_utilization:
  Value: 0.54 (Threshold: 0.34)
  Trend: insufficient data

[2025-03-10 16:36:36] CRITICAL: gpu_utilization
Value 0.54 exceeds critical threshold 0.07
[2025-03-10 16:36:36] CRITICAL violation for gpu_utilization:
  Value: 0.49 (Threshold: 0.34)
  Trend: insufficient data

[2025-03-10 16:36:36] CRITICAL: gpu_utilization
Value 0.49 exceeds critical threshold 0.07
[2025-03-10 16:36:36] CRITICAL violation for gpu_utilization:
  Value: 0.62 (Threshold: 0.35)
  Trend: insufficient data

[2025-03-10 16:36:36] CRITICAL: gpu_utilization
Value 0.62 exceeds critical threshold 0.07
[2025-03-10 16:36:36] CRITICAL violation for gpu_utilization:
  Value: 0.57 (Threshold: 0.35)
  Trend: stable

[2025-03-10 16:36:36] CRITICAL: gpu_utilization
Value 0.57 exceeds critical threshold 0.07
[2025-03-10 16:36:36] CRITICAL violation for gpu_utilization:
  Value: 0.44 (Threshold: 0.35)
  Trend: stable

[2025-03-10 16:36:36] CRITICAL: gpu_utilization
Value 0.44 exceeds critical threshold 0.07
[2025-03-10 16:36:36] CRITICAL violation for gpu_utilization:
  Value: 0.68 (Threshold: 0.35)
  Trend: stable

[2025-03-10 16:36:36] CRITICAL: gpu_utilization
Value 0.68 exceeds critical threshold 0.07
[2025-03-10 16:36:36] CRITICAL violation for gpu_utilization:
  Value: 0.43 (Threshold: 0.35)
  Trend: stable

[2025-03-10 16:36:36] CRITICAL: gpu_utilization
Value 0.43 exceeds critical threshold 0.07
[2025-03-10 16:36:36] CRITICAL violation for gpu_utilization:
  Value: 0.46 (Threshold: 0.35)
  Trend: stable

[2025-03-10 16:36:36] CRITICAL: gpu_utilization
Value 0.46 exceeds critical threshold 0.07
[2025-03-10 16:36:37] CRITICAL violation for gpu_utilization:
  Value: 0.58 (Threshold: 0.35)
  Trend: stable

[2025-03-10 16:36:37] CRITICAL: gpu_utilization
Value 0.58 exceeds critical threshold 0.07
[2025-03-10 16:36:37] CRITICAL violation for gpu_utilization:
  Value: 0.35 (Threshold: 0.34)
  Trend: stable

[2025-03-10 16:36:37] CRITICAL: gpu_utilization
Value 0.35 exceeds critical threshold 0.07
[2025-03-10 16:36:37] CRITICAL violation for gpu_utilization:
  Value: 0.43 (Threshold: 0.34)
  Trend: stable

[2025-03-10 16:36:37] CRITICAL: gpu_utilization
Value 0.43 exceeds critical threshold 0.07
[2025-03-10 16:36:37] CRITICAL violation for gpu_utilization:
  Value: 0.56 (Threshold: 0.34)
  Trend: stable

[2025-03-10 16:36:37] CRITICAL: gpu_utilization
Value 0.56 exceeds critical threshold 0.07
[2025-03-10 16:36:37] CRITICAL violation for gpu_utilization:
  Value: 0.46 (Threshold: 0.34)
  Trend: stable

[2025-03-10 16:36:37] CRITICAL: gpu_utilization
Value 0.46 exceeds critical threshold 0.07
[2025-03-10 16:36:37] CRITICAL violation for gpu_utilization:
  Value: 0.51 (Threshold: 0.35)
  Trend: stable

[2025-03-10 16:36:37] CRITICAL: gpu_utilization
Value 0.51 exceeds critical threshold 0.07
[2025-03-10 16:36:38] CRITICAL violation for gpu_utilization:
  Value: 0.43 (Threshold: 0.35)
  Trend: stable

[2025-03-10 16:36:38] CRITICAL: gpu_utilization
Value 0.43 exceeds critical threshold 0.07
[2025-03-10 16:36:38] CRITICAL violation for gpu_utilization:
  Value: 0.58 (Threshold: 0.35)
  Trend: stable

[2025-03-10 16:36:38] CRITICAL: gpu_utilization
Value 0.58 exceeds critical threshold 0.07
[2025-03-10 16:36:38] CRITICAL violation for gpu_utilization:
  Value: 0.37 (Threshold: 0.35)
  Trend: stable

[2025-03-10 16:36:38] CRITICAL: gpu_utilization
Value 0.37 exceeds critical threshold 0.07
[2025-03-10 16:36:38] CRITICAL violation for gpu_utilization:
  Value: 0.18 (Threshold: 0.34)
  Trend: stable

[2025-03-10 16:36:38] CRITICAL: gpu_utilization
Value 0.18 exceeds critical threshold 0.07
[2025-03-10 16:36:38] CRITICAL violation for gpu_utilization:
  Value: 0.43 (Threshold: 0.34)
  Trend: stable

[2025-03-10 16:36:38] CRITICAL: gpu_utilization
Value 0.43 exceeds critical threshold 0.07
[2025-03-10 16:36:38] CRITICAL violation for gpu_utilization:
  Value: 0.47 (Threshold: 0.34)
  Trend: stable

[2025-03-10 16:36:38] CRITICAL: gpu_utilization
Value 0.47 exceeds critical threshold 0.07
[2025-03-10 16:36:38] CRITICAL violation for gpu_utilization:
  Value: 0.40 (Threshold: 0.34)
  Trend: stable

[2025-03-10 16:36:38] CRITICAL: gpu_utilization
Value 0.40 exceeds critical threshold 0.07
[2025-03-10 16:36:38] WARNING violation for cpu_threshold:
  Value: 109.50 (Threshold: 89.31)
  Trend: stable

[2025-03-10 16:36:38] WARNING: cpu_threshold
Value 109.50 exceeds warning threshold 107.17
[2025-03-10 16:36:38] CRITICAL violation for gpu_utilization:
  Value: 0.50 (Threshold: 0.34)
  Trend: stable

[2025-03-10 16:36:38] CRITICAL: gpu_utilization
Value 0.50 exceeds critical threshold 0.07
[2025-03-10 16:36:38] CRITICAL violation for gpu_utilization:
  Value: 0.33 (Threshold: 0.33)
  Trend: stable

[2025-03-10 16:36:38] CRITICAL: gpu_utilization
Value 0.33 exceeds critical threshold 0.07
[2025-03-10 16:36:39] CRITICAL violation for gpu_utilization:
  Value: 0.39 (Threshold: 0.33)
  Trend: stable

[2025-03-10 16:36:39] CRITICAL: gpu_utilization
Value 0.39 exceeds critical threshold 0.07
[2025-03-10 16:36:39] WARNING violation for memory_ratio:
  Value: 4.75 (Threshold: 3.37)
  Trend: stable

[2025-03-10 16:36:39] WARNING: memory_ratio
Value 4.75 exceeds warning threshold 4.05
[2025-03-10 16:36:39] CRITICAL violation for gpu_utilization:
  Value: 0.39 (Threshold: 0.33)
  Trend: stable

[2025-03-10 16:36:39] CRITICAL: gpu_utilization
Value 0.39 exceeds critical threshold 0.07
[2025-03-10 16:36:39] CRITICAL violation for gpu_utilization:
  Value: 0.44 (Threshold: 0.33)
  Trend: stable

[2025-03-10 16:36:39] CRITICAL: gpu_utilization
Value 0.44 exceeds critical threshold 0.07
[2025-03-10 16:36:39] CRITICAL violation for gpu_utilization:
  Value: 0.56 (Threshold: 0.33)
  Trend: stable

[2025-03-10 16:36:39] CRITICAL: gpu_utilization
Value 0.56 exceeds critical threshold 0.07
[2025-03-10 16:36:39] CRITICAL violation for gpu_utilization:
  Value: 0.46 (Threshold: 0.33)
  Trend: stable

[2025-03-10 16:36:39] CRITICAL: gpu_utilization
Value 0.46 exceeds critical threshold 0.07
[2025-03-10 16:36:40] CRITICAL violation for gpu_utilization:
  Value: 0.23 (Threshold: 0.30)
  Trend: stable

[2025-03-10 16:36:40] CRITICAL: gpu_utilization
Value 0.23 exceeds critical threshold 0.06
[2025-03-10 16:36:40] CRITICAL violation for gpu_utilization:
  Value: 0.48 (Threshold: 0.30)
  Trend: stable

[2025-03-10 16:36:40] CRITICAL: gpu_utilization
Value 0.48 exceeds critical threshold 0.06
[2025-03-10 16:36:41] CRITICAL violation for gpu_utilization:
  Value: 0.22 (Threshold: 0.23)
  Trend: stable

[2025-03-10 16:36:41] CRITICAL: gpu_utilization
Value 0.22 exceeds critical threshold 0.05
[2025-03-10 16:36:41] CRITICAL violation for gpu_utilization:
  Value: 0.32 (Threshold: 0.23)
  Trend: stable

[2025-03-10 16:36:41] CRITICAL: gpu_utilization
Value 0.32 exceeds critical threshold 0.05
[2025-03-10 16:36:41] CRITICAL violation for gpu_utilization:
  Value: 0.27 (Threshold: 0.23)
  Trend: stable

[2025-03-10 16:36:41] CRITICAL: gpu_utilization
Value 0.27 exceeds critical threshold 0.05
[2025-03-10 16:36:41] CRITICAL violation for gpu_utilization:
  Value: 0.30 (Threshold: 0.23)
  Trend: stable

[2025-03-10 16:36:41] CRITICAL: gpu_utilization
Value 0.30 exceeds critical threshold 0.05
[2025-03-10 16:36:42] CRITICAL violation for gpu_utilization:
  Value: 0.50 (Threshold: 0.23)
  Trend: stable

[2025-03-10 16:36:42] CRITICAL: gpu_utilization
Value 0.50 exceeds critical threshold 0.05
[2025-03-10 16:36:42] CRITICAL violation for gpu_utilization:
  Value: 0.28 (Threshold: 0.23)
  Trend: stable

[2025-03-10 16:36:42] CRITICAL: gpu_utilization
Value 0.28 exceeds critical threshold 0.05
[2025-03-10 16:36:42] CRITICAL violation for gpu_utilization:
  Value: 0.41 (Threshold: 0.23)
  Trend: stable

[2025-03-10 16:36:42] CRITICAL: gpu_utilization
Value 0.41 exceeds critical threshold 0.05
[2025-03-10 16:36:42] CRITICAL violation for gpu_utilization:
  Value: 0.24 (Threshold: 0.23)
  Trend: stable

[2025-03-10 16:36:42] CRITICAL: gpu_utilization
Value 0.24 exceeds critical threshold 0.05
[2025-03-10 16:36:43] CRITICAL violation for gpu_utilization:
  Value: 0.17 (Threshold: 0.22)
  Trend: stable

[2025-03-10 16:36:43] CRITICAL: gpu_utilization
Value 0.17 exceeds critical threshold 0.04
[2025-03-10 16:36:43] CRITICAL violation for gpu_utilization:
  Value: 0.27 (Threshold: 0.22)
  Trend: stable

[2025-03-10 16:36:43] CRITICAL: gpu_utilization
Value 0.27 exceeds critical threshold 0.04
[2025-03-10 16:36:45] CRITICAL violation for gpu_utilization:
  Value: 0.17 (Threshold: 0.19)
  Trend: stable

[2025-03-10 16:36:45] CRITICAL: gpu_utilization
Value 0.17 exceeds critical threshold 0.04
[2025-03-10 16:36:45] CRITICAL violation for gpu_utilization:
  Value: 0.39 (Threshold: 0.20)
  Trend: stable

[2025-03-10 16:36:45] CRITICAL: gpu_utilization
Value 0.39 exceeds critical threshold 0.04
[2025-03-10 16:36:45] WARNING violation for memory_ratio:
  Value: 4.64 (Threshold: 3.58)
  Trend: stable

[2025-03-10 16:36:45] WARNING: memory_ratio
Value 4.64 exceeds warning threshold 4.30
[2025-03-10 16:36:45] CRITICAL violation for gpu_utilization:
  Value: 0.18 (Threshold: 0.18)
  Trend: stable

[2025-03-10 16:36:45] CRITICAL: gpu_utilization
Value 0.18 exceeds critical threshold 0.04
[2025-03-10 16:36:46] CRITICAL violation for gpu_utilization:
  Value: 0.24 (Threshold: 0.18)
  Trend: stable

[2025-03-10 16:36:46] CRITICAL: gpu_utilization
Value 0.24 exceeds critical threshold 0.04
[2025-03-10 16:36:46] CRITICAL violation for gpu_utilization:
  Value: 0.06 (Threshold: 0.17)
  Trend: stable

[2025-03-10 16:36:46] CRITICAL: gpu_utilization
Value 0.06 exceeds critical threshold 0.03
[2025-03-10 16:36:46] CRITICAL violation for gpu_utilization:
  Value: 0.18 (Threshold: 0.17)
  Trend: stable

[2025-03-10 16:36:46] CRITICAL: gpu_utilization
Value 0.18 exceeds critical threshold 0.03
[2025-03-10 16:36:46] CRITICAL violation for gpu_utilization:
  Value: -0.04 (Threshold: 0.17)
  Trend: stable

[2025-03-10 16:36:47] CRITICAL violation for gpu_utilization:
  Value: 0.10 (Threshold: 0.14)
  Trend: stable

[2025-03-10 16:36:47] CRITICAL: gpu_utilization
Value 0.10 exceeds critical threshold 0.03
[2025-03-10 16:36:47] CRITICAL violation for gpu_utilization:
  Value: 0.24 (Threshold: 0.15)
  Trend: stable

[2025-03-10 16:36:47] CRITICAL: gpu_utilization
Value 0.24 exceeds critical threshold 0.03
[2025-03-10 16:36:47] CRITICAL violation for gpu_utilization:
  Value: 0.03 (Threshold: 0.09)
  Trend: stable

[2025-03-10 16:36:47] CRITICAL: gpu_utilization
Value 0.03 exceeds critical threshold 0.02
[2025-03-10 16:36:47] CRITICAL violation for gpu_utilization:
  Value: -0.04 (Threshold: 0.06)
  Trend: stable

[2025-03-10 16:36:47] CRITICAL violation for gpu_utilization:
  Value: 0.18 (Threshold: 0.06)
  Trend: stable

[2025-03-10 16:36:47] CRITICAL: gpu_utilization
Value 0.18 exceeds critical threshold 0.01
[2025-03-10 16:36:48] CRITICAL violation for gpu_utilization:
  Value: -0.12 (Threshold: 0.02)
  Trend: stable

[2025-03-10 16:36:48] CRITICAL violation for gpu_utilization:
  Value: -0.04 (Threshold: -0.04)
  Trend: stable

[2025-03-10 16:36:48] CRITICAL: gpu_utilization
Value -0.04 exceeds critical threshold -0.01
[2025-03-10 16:36:48] CRITICAL violation for gpu_utilization:
  Value: -0.01 (Threshold: -0.04)
  Trend: stable

[2025-03-10 16:36:48] CRITICAL: gpu_utilization
Value -0.01 exceeds critical threshold -0.01
[2025-03-10 16:36:48] WARNING violation for memory_ratio:
  Value: 5.66 (Threshold: 4.10)
  Trend: stable

[2025-03-10 16:36:48] WARNING: memory_ratio
Value 5.66 exceeds warning threshold 4.92
[2025-03-10 16:36:48] CRITICAL violation for gpu_utilization:
  Value: 0.42 (Threshold: -0.04)
  Trend: stable

[2025-03-10 16:36:48] CRITICAL: gpu_utilization
Value 0.42 exceeds critical threshold -0.01
[2025-03-10 16:36:50] CRITICAL violation for memory_ratio:
  Value: 3.31 (Threshold: 4.07)
  Trend: stable

[2025-03-10 16:36:50] CRITICAL violation for gpu_utilization:
  Value: -0.11 (Threshold: -0.04)
  Trend: stable

[2025-03-10 16:36:50] CRITICAL: gpu_utilization
Value -0.11 exceeds critical threshold -0.01
[2025-03-10 16:36:51] CRITICAL violation for memory_ratio:
  Value: 3.88 (Threshold: 4.04)
  Trend: stable

[2025-03-10 16:36:51] CRITICAL violation for gpu_utilization:
  Value: 0.04 (Threshold: -0.04)
  Trend: stable

[2025-03-10 16:36:51] CRITICAL: gpu_utilization
Value 0.04 exceeds critical threshold -0.01
[2025-03-10 16:36:51] CRITICAL violation for memory_ratio:
  Value: 3.77 (Threshold: 4.04)
  Trend: stable

[2025-03-10 16:36:51] CRITICAL violation for gpu_utilization:
  Value: -0.05 (Threshold: -0.04)
  Trend: stable

[2025-03-10 16:36:51] CRITICAL: gpu_utilization
Value -0.05 exceeds critical threshold -0.01
[2025-03-10 16:36:51] CRITICAL violation for memory_ratio:
  Value: 3.11 (Threshold: 4.03)
  Trend: stable

[2025-03-10 16:36:51] CRITICAL violation for gpu_utilization:
  Value: -0.12 (Threshold: -0.05)
  Trend: stable

[2025-03-10 16:36:51] CRITICAL: gpu_utilization
Value -0.12 exceeds critical threshold -0.01
[2025-03-10 16:36:51] CRITICAL violation for memory_ratio:
  Value: 4.29 (Threshold: 4.25)
  Trend: stable

[2025-03-10 16:36:51] CRITICAL violation for gpu_utilization:
  Value: 0.07 (Threshold: -0.05)
  Trend: stable

[2025-03-10 16:36:51] CRITICAL: gpu_utilization
Value 0.07 exceeds critical threshold -0.01
[2025-03-10 16:36:51] CRITICAL violation for memory_ratio:
  Value: 3.21 (Threshold: 4.24)
  Trend: stable

[2025-03-10 16:36:51] CRITICAL violation for gpu_utilization:
  Value: -0.15 (Threshold: -0.09)
  Trend: stable

[2025-03-10 16:36:51] CRITICAL: gpu_utilization
Value -0.15 exceeds critical threshold -0.02
[2025-03-10 16:36:51] CRITICAL violation for memory_ratio:
  Value: 3.30 (Threshold: 4.23)
  Trend: stable

[2025-03-10 16:36:51] CRITICAL violation for gpu_utilization:
  Value: -0.09 (Threshold: -0.10)
  Trend: stable

[2025-03-10 16:36:51] CRITICAL: gpu_utilization
Value -0.09 exceeds critical threshold -0.02
[2025-03-10 16:36:51] CRITICAL violation for memory_ratio:
  Value: 3.23 (Threshold: 4.22)
  Trend: stable

[2025-03-10 16:36:51] CRITICAL violation for memory_ratio:
  Value: 5.45 (Threshold: 4.52)
  Trend: stable

[2025-03-10 16:36:51] WARNING: memory_ratio
Value 5.45 exceeds warning threshold 5.42
[2025-03-10 16:36:51] CRITICAL violation for gpu_utilization:
  Value: -0.18 (Threshold: -0.12)
  Trend: stable

[2025-03-10 16:36:51] CRITICAL: gpu_utilization
Value -0.18 exceeds critical threshold -0.02
[2025-03-10 16:36:51] CRITICAL violation for memory_ratio:
  Value: 2.98 (Threshold: 4.50)
  Trend: stable

[2025-03-10 16:36:51] CRITICAL violation for gpu_utilization:
  Value: -0.15 (Threshold: -0.12)
  Trend: stable

[2025-03-10 16:36:51] CRITICAL: gpu_utilization
Value -0.15 exceeds critical threshold -0.02
[2025-03-10 16:36:52] CRITICAL violation for gpu_utilization:
  Value: 0.32 (Threshold: -0.12)
  Trend: stable

[2025-03-10 16:36:52] CRITICAL: gpu_utilization
Value 0.32 exceeds critical threshold -0.02
[2025-03-10 16:36:52] CRITICAL violation for memory_ratio:
  Value: 5.87 (Threshold: 4.70)
  Trend: stable

[2025-03-10 16:36:52] WARNING: memory_ratio
Value 5.87 exceeds warning threshold 5.64
[2025-03-10 16:36:52] CRITICAL violation for gpu_utilization:
  Value: -0.00 (Threshold: -0.12)
  Trend: stable

[2025-03-10 16:36:52] CRITICAL: gpu_utilization
Value -0.00 exceeds critical threshold -0.02
[2025-03-10 16:36:52] CRITICAL violation for memory_ratio:
  Value: 3.52 (Threshold: 4.70)
  Trend: stable

[2025-03-10 16:36:52] CRITICAL violation for gpu_utilization:
  Value: -0.01 (Threshold: -0.12)
  Trend: stable

[2025-03-10 16:36:52] CRITICAL: gpu_utilization
Value -0.01 exceeds critical threshold -0.02
[2025-03-10 16:36:52] CRITICAL violation for gpu_utilization:
  Value: 0.20 (Threshold: -0.12)
  Trend: stable

[2025-03-10 16:36:52] CRITICAL: gpu_utilization
Value 0.20 exceeds critical threshold -0.02
[2025-03-10 16:36:52] CRITICAL violation for memory_ratio:
  Value: 5.14 (Threshold: 4.93)
  Trend: stable

[2025-03-10 16:36:52] CRITICAL violation for gpu_utilization:
  Value: -0.15 (Threshold: -0.13)
  Trend: stable

[2025-03-10 16:36:52] CRITICAL: gpu_utilization
Value -0.15 exceeds critical threshold -0.03
[2025-03-10 16:36:52] CRITICAL violation for memory_ratio:
  Value: 3.43 (Threshold: 4.91)
  Trend: stable

[2025-03-10 16:36:52] CRITICAL violation for gpu_utilization:
  Value: -0.06 (Threshold: -0.13)
  Trend: stable

[2025-03-10 16:36:52] CRITICAL: gpu_utilization
Value -0.06 exceeds critical threshold -0.03
[2025-03-10 16:36:52] CRITICAL violation for memory_ratio:
  Value: 3.83 (Threshold: 4.89)
  Trend: stable

[2025-03-10 16:36:52] CRITICAL violation for gpu_utilization:
  Value: -0.07 (Threshold: -0.13)
  Trend: stable

[2025-03-10 16:36:52] CRITICAL: gpu_utilization
Value -0.07 exceeds critical threshold -0.03
[2025-03-10 16:36:52] CRITICAL violation for memory_ratio:
  Value: 3.32 (Threshold: 4.87)
  Trend: stable

[2025-03-10 16:36:52] CRITICAL violation for gpu_utilization:
  Value: -0.07 (Threshold: -0.12)
  Trend: stable

[2025-03-10 16:36:52] CRITICAL: gpu_utilization
Value -0.07 exceeds critical threshold -0.02
[2025-03-10 16:36:52] CRITICAL violation for gpu_utilization:
  Value: -0.15 (Threshold: -0.15)
  Trend: stable

[2025-03-10 16:36:52] CRITICAL: gpu_utilization
Value -0.15 exceeds critical threshold -0.03
[2025-03-10 16:36:53] CRITICAL violation for memory_ratio:
  Value: 3.32 (Threshold: 4.85)
  Trend: stable

[2025-03-10 16:36:53] CRITICAL violation for gpu_utilization:
  Value: -0.10 (Threshold: -0.15)
  Trend: stable

[2025-03-10 16:36:53] CRITICAL: gpu_utilization
Value -0.10 exceeds critical threshold -0.03
[2025-03-10 16:36:53] WARNING violation for cpu_threshold:
  Value: 123.39 (Threshold: 93.79)
  Trend: stable

[2025-03-10 16:36:53] WARNING: cpu_threshold
Value 123.39 exceeds warning threshold 112.54
[2025-03-10 16:36:53] CRITICAL violation for gpu_utilization:
  Value: -0.11 (Threshold: -0.14)
  Trend: stable

[2025-03-10 16:36:53] CRITICAL: gpu_utilization
Value -0.11 exceeds critical threshold -0.03
[2025-03-10 16:36:53] CRITICAL violation for memory_ratio:
  Value: 5.14 (Threshold: 5.14)
  Trend: stable

[2025-03-10 16:36:53] CRITICAL violation for gpu_utilization:
  Value: -0.07 (Threshold: -0.14)
  Trend: stable

[2025-03-10 16:36:53] CRITICAL: gpu_utilization
Value -0.07 exceeds critical threshold -0.03
[2025-03-10 16:36:53] CRITICAL violation for memory_ratio:
  Value: 3.09 (Threshold: 5.14)
  Trend: stable

[2025-03-10 16:36:53] CRITICAL violation for gpu_utilization:
  Value: -0.15 (Threshold: -0.15)
  Trend: stable

[2025-03-10 16:36:53] CRITICAL: gpu_utilization
Value -0.15 exceeds critical threshold -0.03
[2025-03-10 16:36:53] CRITICAL violation for memory_ratio:
  Value: 3.87 (Threshold: 5.14)
  Trend: stable

[2025-03-10 16:36:53] CRITICAL violation for gpu_utilization:
  Value: -0.05 (Threshold: -0.15)
  Trend: stable

[2025-03-10 16:36:53] CRITICAL: gpu_utilization
Value -0.05 exceeds critical threshold -0.03
[2025-03-10 16:36:53] CRITICAL violation for memory_ratio:
  Value: 3.21 (Threshold: 5.14)
  Trend: stable

[2025-03-10 16:36:53] CRITICAL violation for gpu_utilization:
  Value: -0.13 (Threshold: -0.15)
  Trend: stable

[2025-03-10 16:36:53] CRITICAL: gpu_utilization
Value -0.13 exceeds critical threshold -0.03
[2025-03-10 16:36:53] CRITICAL violation for memory_ratio:
  Value: 5.25 (Threshold: 5.14)
  Trend: stable

[2025-03-10 16:36:53] CRITICAL violation for memory_ratio:
  Value: 4.78 (Threshold: 5.14)
  Trend: stable

[2025-03-10 16:36:53] CRITICAL violation for gpu_utilization:
  Value: -0.15 (Threshold: -0.15)
  Trend: stable

[2025-03-10 16:36:53] CRITICAL: gpu_utilization
Value -0.15 exceeds critical threshold -0.03
[2025-03-10 16:36:53] CRITICAL violation for memory_ratio:
  Value: 4.15 (Threshold: 5.14)
  Trend: stable

[2025-03-10 16:36:53] CRITICAL violation for gpu_utilization:
  Value: 0.08 (Threshold: -0.15)
  Trend: stable

[2025-03-10 16:36:53] CRITICAL: gpu_utilization
Value 0.08 exceeds critical threshold -0.03
[2025-03-10 16:36:53] CRITICAL violation for memory_ratio:
  Value: 2.86 (Threshold: 5.14)
  Trend: stable

[2025-03-10 16:36:53] CRITICAL violation for gpu_utilization:
  Value: -0.27 (Threshold: -0.15)
  Trend: stable

[2025-03-10 16:36:53] CRITICAL: gpu_utilization
Value -0.27 exceeds critical threshold -0.03
[2025-03-10 16:36:54] CRITICAL violation for gpu_utilization:
  Value: -0.05 (Threshold: -0.15)
  Trend: stable

[2025-03-10 16:36:54] CRITICAL: gpu_utilization
Value -0.05 exceeds critical threshold -0.03
[2025-03-10 16:36:54] CRITICAL violation for memory_ratio:
  Value: 3.91 (Threshold: 5.14)
  Trend: stable

[2025-03-10 16:36:54] CRITICAL violation for gpu_utilization:
  Value: -0.05 (Threshold: -0.15)
  Trend: stable

[2025-03-10 16:36:54] CRITICAL: gpu_utilization
Value -0.05 exceeds critical threshold -0.03
[2025-03-10 16:36:54] CRITICAL violation for memory_ratio:
  Value: 3.69 (Threshold: 5.14)
  Trend: stable

[2025-03-10 16:36:54] CRITICAL violation for gpu_utilization:
  Value: -0.01 (Threshold: -0.15)
  Trend: stable

[2025-03-10 16:36:54] CRITICAL: gpu_utilization
Value -0.01 exceeds critical threshold -0.03
[2025-03-10 16:36:54] CRITICAL violation for memory_ratio:
  Value: 3.95 (Threshold: 5.14)
  Trend: stable

[2025-03-10 16:36:54] CRITICAL violation for gpu_utilization:
  Value: -0.02 (Threshold: -0.15)
  Trend: stable

[2025-03-10 16:36:54] CRITICAL: gpu_utilization
Value -0.02 exceeds critical threshold -0.03
[2025-03-10 16:36:54] CRITICAL violation for memory_ratio:
  Value: 3.32 (Threshold: 5.14)
  Trend: stable

[2025-03-10 16:36:54] CRITICAL violation for gpu_utilization:
  Value: -0.14 (Threshold: -0.15)
  Trend: stable

[2025-03-10 16:36:54] CRITICAL: gpu_utilization
Value -0.14 exceeds critical threshold -0.03
[2025-03-10 16:36:54] CRITICAL violation for memory_ratio:
  Value: 3.80 (Threshold: 5.14)
  Trend: stable

[2025-03-10 16:36:54] CRITICAL violation for gpu_utilization:
  Value: -0.02 (Threshold: -0.15)
  Trend: stable

[2025-03-10 16:36:54] CRITICAL: gpu_utilization
Value -0.02 exceeds critical threshold -0.03
[2025-03-10 16:36:56] CRITICAL violation for memory_ratio:
  Value: 3.93 (Threshold: 5.14)
  Trend: stable

[2025-03-10 16:36:56] CRITICAL violation for gpu_utilization:
  Value: 0.02 (Threshold: -0.15)
  Trend: stable

[2025-03-10 16:36:56] CRITICAL: gpu_utilization
Value 0.02 exceeds critical threshold -0.03
[2025-03-10 16:36:56] CRITICAL violation for memory_ratio:
  Value: 3.64 (Threshold: 5.14)
  Trend: stable

[2025-03-10 16:36:56] CRITICAL violation for gpu_utilization:
  Value: -0.10 (Threshold: -0.15)
  Trend: stable

[2025-03-10 16:36:56] CRITICAL: gpu_utilization
Value -0.10 exceeds critical threshold -0.03
[2025-03-10 16:36:56] CRITICAL violation for memory_ratio:
  Value: 3.68 (Threshold: 5.14)
  Trend: stable

[2025-03-10 16:36:56] CRITICAL violation for gpu_utilization:
  Value: -0.01 (Threshold: -0.15)
  Trend: stable

[2025-03-10 16:36:56] CRITICAL: gpu_utilization
Value -0.01 exceeds critical threshold -0.03
[2025-03-10 16:36:56] CRITICAL violation for memory_ratio:
  Value: 3.70 (Threshold: 5.14)
  Trend: stable

[2025-03-10 16:36:56] CRITICAL violation for gpu_utilization:
  Value: -0.05 (Threshold: -0.15)
  Trend: stable

[2025-03-10 16:36:56] CRITICAL: gpu_utilization
Value -0.05 exceeds critical threshold -0.03
[2025-03-10 16:36:56] CRITICAL violation for memory_ratio:
  Value: 6.36 (Threshold: 5.18)
  Trend: stable

[2025-03-10 16:36:56] WARNING: memory_ratio
Value 6.36 exceeds warning threshold 6.22
[2025-03-10 16:36:56] CRITICAL violation for gpu_utilization:
  Value: 0.07 (Threshold: -0.15)
  Trend: stable

[2025-03-10 16:36:56] CRITICAL: gpu_utilization
Value 0.07 exceeds critical threshold -0.03
[2025-03-10 16:36:57] CRITICAL violation for memory_ratio:
  Value: 4.07 (Threshold: 5.17)
  Trend: stable

[2025-03-10 16:36:57] CRITICAL violation for gpu_utilization:
  Value: 0.05 (Threshold: -0.15)
  Trend: stable

[2025-03-10 16:36:57] CRITICAL: gpu_utilization
Value 0.05 exceeds critical threshold -0.03
[2025-03-10 16:36:57] CRITICAL violation for memory_ratio:
  Value: 3.95 (Threshold: 5.17)
  Trend: stable

[2025-03-10 16:36:57] CRITICAL violation for gpu_utilization:
  Value: -0.01 (Threshold: -0.15)
  Trend: stable

[2025-03-10 16:36:57] CRITICAL: gpu_utilization
Value -0.01 exceeds critical threshold -0.03
[2025-03-10 16:36:58] CRITICAL violation for memory_ratio:
  Value: 4.02 (Threshold: 5.16)
  Trend: stable

[2025-03-10 16:36:58] CRITICAL violation for gpu_utilization:
  Value: -0.02 (Threshold: -0.15)
  Trend: stable

[2025-03-10 16:36:58] CRITICAL: gpu_utilization
Value -0.02 exceeds critical threshold -0.03
[2025-03-10 16:36:58] CRITICAL violation for memory_ratio:
  Value: 4.15 (Threshold: 5.16)
  Trend: stable

[2025-03-10 16:36:58] CRITICAL violation for gpu_utilization:
  Value: 0.05 (Threshold: -0.15)
  Trend: stable

[2025-03-10 16:36:58] CRITICAL: gpu_utilization
Value 0.05 exceeds critical threshold -0.03
[2025-03-10 16:37:00] CRITICAL violation for memory_ratio:
  Value: 3.90 (Threshold: 5.15)
  Trend: stable

[2025-03-10 16:37:00] CRITICAL violation for gpu_utilization:
  Value: 0.03 (Threshold: -0.15)
  Trend: stable

[2025-03-10 16:37:00] CRITICAL: gpu_utilization
Value 0.03 exceeds critical threshold -0.03
[2025-03-10 16:37:01] CRITICAL violation for memory_ratio:
  Value: 4.41 (Threshold: 5.15)
  Trend: stable

[2025-03-10 16:37:01] CRITICAL violation for memory_ratio:
  Value: 4.10 (Threshold: 5.15)
  Trend: stable

[2025-03-10 16:37:01] CRITICAL violation for gpu_utilization:
  Value: 0.16 (Threshold: -0.15)
  Trend: stable

[2025-03-10 16:37:01] CRITICAL: gpu_utilization
Value 0.16 exceeds critical threshold -0.03
[2025-03-10 16:37:01] CRITICAL violation for memory_ratio:
  Value: 4.54 (Threshold: 5.15)
  Trend: stable

[2025-03-10 16:37:01] CRITICAL violation for gpu_utilization:
  Value: 0.20 (Threshold: -0.15)
  Trend: stable

[2025-03-10 16:37:01] CRITICAL: gpu_utilization
Value 0.20 exceeds critical threshold -0.03
[2025-03-10 16:37:01] CRITICAL violation for memory_ratio:
  Value: 4.22 (Threshold: 5.15)
  Trend: stable

[2025-03-10 16:37:01] CRITICAL violation for gpu_utilization:
  Value: 0.12 (Threshold: -0.15)
  Trend: stable

[2025-03-10 16:37:01] CRITICAL: gpu_utilization
Value 0.12 exceeds critical threshold -0.03
[2025-03-10 16:37:01] CRITICAL violation for memory_ratio:
  Value: 4.54 (Threshold: 5.15)
  Trend: stable

[2025-03-10 16:37:01] CRITICAL violation for gpu_utilization:
  Value: 0.17 (Threshold: -0.15)
  Trend: stable

[2025-03-10 16:37:01] CRITICAL: gpu_utilization
Value 0.17 exceeds critical threshold -0.03
[2025-03-10 16:37:01] CRITICAL violation for memory_ratio:
  Value: 4.61 (Threshold: 5.15)
  Trend: increasing

[2025-03-10 16:37:01] CRITICAL violation for gpu_utilization:
  Value: 0.15 (Threshold: -0.15)
  Trend: increasing

[2025-03-10 16:37:01] CRITICAL: gpu_utilization
Value 0.15 exceeds critical threshold -0.03
[2025-03-10 16:37:01] CRITICAL violation for memory_ratio:
  Value: 4.81 (Threshold: 5.15)
  Trend: increasing

[2025-03-10 16:37:01] CRITICAL violation for gpu_utilization:
  Value: 0.22 (Threshold: -0.15)
  Trend: increasing

[2025-03-10 16:37:01] CRITICAL: gpu_utilization
Value 0.22 exceeds critical threshold -0.03
[2025-03-10 16:37:01] CRITICAL violation for memory_ratio:
  Value: 3.77 (Threshold: 5.15)
  Trend: stable

[2025-03-10 16:37:01] CRITICAL violation for gpu_utilization:
  Value: 0.06 (Threshold: -0.15)
  Trend: stable

[2025-03-10 16:37:01] CRITICAL: gpu_utilization
Value 0.06 exceeds critical threshold -0.03
[2025-03-10 16:37:01] CRITICAL violation for memory_ratio:
  Value: 4.62 (Threshold: 5.15)
  Trend: stable

[2025-03-10 16:37:01] CRITICAL violation for gpu_utilization:
  Value: 0.16 (Threshold: -0.15)
  Trend: stable

[2025-03-10 16:37:01] CRITICAL: gpu_utilization
Value 0.16 exceeds critical threshold -0.03
[2025-03-10 16:37:02] WARNING violation for cpu_threshold:
  Value: 123.08 (Threshold: 96.95)
  Trend: stable

[2025-03-10 16:37:02] WARNING: cpu_threshold
Value 123.08 exceeds warning threshold 116.34
[2025-03-10 16:37:02] CRITICAL violation for gpu_utilization:
  Value: -0.09 (Threshold: -0.15)
  Trend: stable

[2025-03-10 16:37:02] CRITICAL: gpu_utilization
Value -0.09 exceeds critical threshold -0.03
[2025-03-10 16:37:02] CRITICAL violation for memory_ratio:
  Value: 6.75 (Threshold: 5.26)
  Trend: stable

[2025-03-10 16:37:02] WARNING: memory_ratio
Value 6.75 exceeds warning threshold 6.32
[2025-03-10 16:37:02] CRITICAL violation for cpu_threshold:
  Value: 76.70 (Threshold: 96.95)
  Trend: stable

[2025-03-10 16:37:02] CRITICAL violation for gpu_utilization:
  Value: 0.19 (Threshold: -0.15)
  Trend: stable

[2025-03-10 16:37:02] CRITICAL: gpu_utilization
Value 0.19 exceeds critical threshold -0.03
[2025-03-10 16:37:02] CRITICAL violation for memory_ratio:
  Value: 4.42 (Threshold: 5.26)
  Trend: stable

[2025-03-10 16:37:02] CRITICAL violation for cpu_threshold:
  Value: 75.60 (Threshold: 96.95)
  Trend: stable

[2025-03-10 16:37:02] CRITICAL violation for gpu_utilization:
  Value: 0.18 (Threshold: -0.15)
  Trend: stable

[2025-03-10 16:37:02] CRITICAL: gpu_utilization
Value 0.18 exceeds critical threshold -0.03
[2025-03-10 16:37:02] CRITICAL violation for memory_ratio:
  Value: 4.54 (Threshold: 5.26)
  Trend: stable

[2025-03-10 16:37:02] CRITICAL violation for cpu_threshold:
  Value: 76.99 (Threshold: 96.95)
  Trend: stable

[2025-03-10 16:37:02] CRITICAL violation for gpu_utilization:
  Value: 0.20 (Threshold: -0.15)
  Trend: stable

[2025-03-10 16:37:02] CRITICAL: gpu_utilization
Value 0.20 exceeds critical threshold -0.03
[2025-03-10 16:37:02] CRITICAL violation for memory_ratio:
  Value: 4.51 (Threshold: 5.26)
  Trend: stable

[2025-03-10 16:37:02] CRITICAL violation for cpu_threshold:
  Value: 74.73 (Threshold: 96.95)
  Trend: stable

[2025-03-10 16:37:02] CRITICAL violation for gpu_utilization:
  Value: 0.13 (Threshold: -0.15)
  Trend: stable

[2025-03-10 16:37:02] CRITICAL: gpu_utilization
Value 0.13 exceeds critical threshold -0.03
[2025-03-10 16:37:02] CRITICAL violation for memory_ratio:
  Value: 4.73 (Threshold: 5.26)
  Trend: stable

[2025-03-10 16:37:02] CRITICAL violation for cpu_threshold:
  Value: 82.06 (Threshold: 96.95)
  Trend: stable

[2025-03-10 16:37:02] CRITICAL violation for gpu_utilization:
  Value: 0.20 (Threshold: -0.15)
  Trend: stable

[2025-03-10 16:37:02] CRITICAL: gpu_utilization
Value 0.20 exceeds critical threshold -0.03
[2025-03-10 16:37:02] CRITICAL violation for memory_ratio:
  Value: 3.64 (Threshold: 5.26)
  Trend: stable

[2025-03-10 16:37:02] CRITICAL violation for cpu_threshold:
  Value: 62.32 (Threshold: 96.95)
  Trend: stable

[2025-03-10 16:37:02] CRITICAL violation for gpu_utilization:
  Value: -0.00 (Threshold: -0.15)
  Trend: stable

[2025-03-10 16:37:02] CRITICAL: gpu_utilization
Value -0.00 exceeds critical threshold -0.03
[2025-03-10 16:37:03] CRITICAL violation for memory_ratio:
  Value: 4.32 (Threshold: 5.26)
  Trend: stable

[2025-03-10 16:37:03] CRITICAL violation for cpu_threshold:
  Value: 74.95 (Threshold: 96.95)
  Trend: stable

[2025-03-10 16:37:03] CRITICAL violation for gpu_utilization:
  Value: 0.16 (Threshold: -0.15)
  Trend: stable

[2025-03-10 16:37:03] CRITICAL: gpu_utilization
Value 0.16 exceeds critical threshold -0.03
[2025-03-10 16:37:03] CRITICAL violation for memory_ratio:
  Value: 4.77 (Threshold: 5.26)
  Trend: stable

[2025-03-10 16:37:03] CRITICAL violation for gpu_utilization:
  Value: 0.31 (Threshold: -0.15)
  Trend: stable

[2025-03-10 16:37:03] CRITICAL: gpu_utilization
Value 0.31 exceeds critical threshold -0.03
[2025-03-10 16:37:03] CRITICAL violation for cpu_threshold:
  Value: 112.49 (Threshold: 99.85)
  Trend: stable

[2025-03-10 16:37:03] CRITICAL violation for gpu_utilization:
  Value: 0.16 (Threshold: -0.15)
  Trend: stable

[2025-03-10 16:37:03] CRITICAL: gpu_utilization
Value 0.16 exceeds critical threshold -0.03
[2025-03-10 16:37:03] CRITICAL violation for memory_ratio:
  Value: 4.23 (Threshold: 5.26)
  Trend: stable

[2025-03-10 16:37:03] CRITICAL violation for cpu_threshold:
  Value: 64.34 (Threshold: 99.85)
  Trend: stable

[2025-03-10 16:37:03] CRITICAL violation for gpu_utilization:
  Value: 0.15 (Threshold: -0.15)
  Trend: stable

[2025-03-10 16:37:03] CRITICAL: gpu_utilization
Value 0.15 exceeds critical threshold -0.03
[2025-03-10 16:37:03] CRITICAL violation for memory_ratio:
  Value: 4.66 (Threshold: 5.26)
  Trend: stable

[2025-03-10 16:37:03] CRITICAL violation for cpu_threshold:
  Value: 73.49 (Threshold: 99.85)
  Trend: stable

[2025-03-10 16:37:03] CRITICAL violation for gpu_utilization:
  Value: 0.13 (Threshold: -0.15)
  Trend: stable

[2025-03-10 16:37:03] CRITICAL: gpu_utilization
Value 0.13 exceeds critical threshold -0.03
[2025-03-10 16:37:03] CRITICAL violation for memory_ratio:
  Value: 5.55 (Threshold: 5.46)
  Trend: stable

[2025-03-10 16:37:03] CRITICAL violation for cpu_threshold:
  Value: 89.26 (Threshold: 99.85)
  Trend: stable

[2025-03-10 16:37:03] CRITICAL violation for gpu_utilization:
  Value: 0.34 (Threshold: -0.15)
  Trend: stable

[2025-03-10 16:37:03] CRITICAL: gpu_utilization
Value 0.34 exceeds critical threshold -0.03
[2025-03-10 16:37:03] CRITICAL violation for memory_ratio:
  Value: 4.75 (Threshold: 5.46)
  Trend: stable

[2025-03-10 16:37:03] CRITICAL violation for cpu_threshold:
  Value: 77.55 (Threshold: 99.85)
  Trend: stable

[2025-03-10 16:37:03] CRITICAL violation for gpu_utilization:
  Value: 0.24 (Threshold: -0.15)
  Trend: stable

[2025-03-10 16:37:03] CRITICAL: gpu_utilization
Value 0.24 exceeds critical threshold -0.03
[2025-03-10 16:37:03] CRITICAL violation for memory_ratio:
  Value: 4.33 (Threshold: 5.46)
  Trend: stable

[2025-03-10 16:37:03] CRITICAL violation for cpu_threshold:
  Value: 67.72 (Threshold: 99.85)
  Trend: stable

[2025-03-10 16:37:03] CRITICAL violation for gpu_utilization:
  Value: 0.20 (Threshold: -0.15)
  Trend: stable

[2025-03-10 16:37:03] CRITICAL: gpu_utilization
Value 0.20 exceeds critical threshold -0.03
[2025-03-10 16:37:03] CRITICAL violation for memory_ratio:
  Value: 5.30 (Threshold: 5.46)
  Trend: stable

[2025-03-10 16:37:03] CRITICAL violation for cpu_threshold:
  Value: 83.52 (Threshold: 99.85)
  Trend: stable

[2025-03-10 16:37:03] CRITICAL violation for gpu_utilization:
  Value: 0.30 (Threshold: -0.15)
  Trend: stable

[2025-03-10 16:37:03] CRITICAL: gpu_utilization
Value 0.30 exceeds critical threshold -0.03
[2025-03-10 16:37:03] CRITICAL violation for memory_ratio:
  Value: 4.72 (Threshold: 5.46)
  Trend: stable

[2025-03-10 16:37:03] CRITICAL violation for cpu_threshold:
  Value: 69.80 (Threshold: 99.85)
  Trend: stable

[2025-03-10 16:37:03] CRITICAL violation for gpu_utilization:
  Value: 0.17 (Threshold: -0.15)
  Trend: stable

[2025-03-10 16:37:03] CRITICAL: gpu_utilization
Value 0.17 exceeds critical threshold -0.03
[2025-03-10 16:37:04] CRITICAL violation for memory_ratio:
  Value: 5.22 (Threshold: 5.46)
  Trend: stable

[2025-03-10 16:37:04] CRITICAL violation for cpu_threshold:
  Value: 84.07 (Threshold: 99.85)
  Trend: stable

[2025-03-10 16:37:04] CRITICAL violation for gpu_utilization:
  Value: 0.30 (Threshold: -0.15)
  Trend: stable

[2025-03-10 16:37:04] CRITICAL: gpu_utilization
Value 0.30 exceeds critical threshold -0.03
[2025-03-10 16:37:04] CRITICAL violation for memory_ratio:
  Value: 4.81 (Threshold: 5.46)
  Trend: stable

[2025-03-10 16:37:04] CRITICAL violation for cpu_threshold:
  Value: 70.31 (Threshold: 96.95)
  Trend: stable

[2025-03-10 16:37:04] CRITICAL violation for gpu_utilization:
  Value: 0.12 (Threshold: -0.15)
  Trend: stable

[2025-03-10 16:37:04] CRITICAL: gpu_utilization
Value 0.12 exceeds critical threshold -0.03
[2025-03-10 16:37:04] CRITICAL violation for memory_ratio:
  Value: 4.66 (Threshold: 5.46)
  Trend: stable

[2025-03-10 16:37:04] CRITICAL violation for cpu_threshold:
  Value: 62.57 (Threshold: 96.95)
  Trend: stable

[2025-03-10 16:37:04] CRITICAL violation for gpu_utilization:
  Value: 0.13 (Threshold: -0.15)
  Trend: stable

[2025-03-10 16:37:04] CRITICAL: gpu_utilization
Value 0.13 exceeds critical threshold -0.03
[2025-03-10 16:37:05] CRITICAL violation for memory_ratio:
  Value: 5.27 (Threshold: 5.46)
  Trend: stable

[2025-03-10 16:37:05] CRITICAL violation for cpu_threshold:
  Value: 81.35 (Threshold: 96.95)
  Trend: stable

[2025-03-10 16:37:05] CRITICAL violation for gpu_utilization:
  Value: 0.31 (Threshold: -0.15)
  Trend: stable

[2025-03-10 16:37:05] CRITICAL: gpu_utilization
Value 0.31 exceeds critical threshold -0.03
[2025-03-10 16:37:05] CRITICAL violation for memory_ratio:
  Value: 4.99 (Threshold: 5.46)
  Trend: stable

[2025-03-10 16:37:05] CRITICAL violation for cpu_threshold:
  Value: 74.37 (Threshold: 96.95)
  Trend: stable

[2025-03-10 16:37:05] CRITICAL violation for gpu_utilization:
  Value: 0.18 (Threshold: -0.15)
  Trend: stable

[2025-03-10 16:37:05] CRITICAL: gpu_utilization
Value 0.18 exceeds critical threshold -0.03
[2025-03-10 16:37:05] CRITICAL violation for memory_ratio:
  Value: 5.20 (Threshold: 5.46)
  Trend: stable

[2025-03-10 16:37:05] CRITICAL violation for cpu_threshold:
  Value: 78.66 (Threshold: 96.95)
  Trend: stable

[2025-03-10 16:37:05] CRITICAL violation for gpu_utilization:
  Value: 0.22 (Threshold: -0.15)
  Trend: stable

[2025-03-10 16:37:05] CRITICAL: gpu_utilization
Value 0.22 exceeds critical threshold -0.03
[2025-03-10 16:37:06] CRITICAL violation for memory_ratio:
  Value: 5.19 (Threshold: 5.46)
  Trend: stable

[2025-03-10 16:37:06] CRITICAL violation for cpu_threshold:
  Value: 75.48 (Threshold: 96.95)
  Trend: stable

[2025-03-10 16:37:06] CRITICAL violation for gpu_utilization:
  Value: 0.21 (Threshold: -0.15)
  Trend: stable

[2025-03-10 16:37:06] CRITICAL: gpu_utilization
Value 0.21 exceeds critical threshold -0.03
[2025-03-10 16:37:06] CRITICAL violation for memory_ratio:
  Value: 5.37 (Threshold: 5.46)
  Trend: stable

[2025-03-10 16:37:06] CRITICAL violation for cpu_threshold:
  Value: 86.37 (Threshold: 96.95)
  Trend: stable

[2025-03-10 16:37:06] CRITICAL violation for gpu_utilization:
  Value: 0.33 (Threshold: -0.15)
  Trend: stable

[2025-03-10 16:37:06] CRITICAL: gpu_utilization
Value 0.33 exceeds critical threshold -0.03
[2025-03-10 16:37:06] CRITICAL violation for memory_ratio:
  Value: 4.60 (Threshold: 5.46)
  Trend: stable

[2025-03-10 16:37:06] CRITICAL violation for cpu_threshold:
  Value: 68.55 (Threshold: 96.95)
  Trend: stable

[2025-03-10 16:37:06] CRITICAL violation for gpu_utilization:
  Value: 0.16 (Threshold: -0.15)
  Trend: stable

[2025-03-10 16:37:06] CRITICAL: gpu_utilization
Value 0.16 exceeds critical threshold -0.03
[2025-03-10 16:37:06] CRITICAL violation for memory_ratio:
  Value: 4.85 (Threshold: 5.46)
  Trend: stable

[2025-03-10 16:37:06] CRITICAL violation for cpu_threshold:
  Value: 77.05 (Threshold: 96.95)
  Trend: stable

[2025-03-10 16:37:06] CRITICAL violation for gpu_utilization:
  Value: 0.20 (Threshold: -0.15)
  Trend: stable

[2025-03-10 16:37:06] CRITICAL: gpu_utilization
Value 0.20 exceeds critical threshold -0.03
[2025-03-10 16:37:06] CRITICAL violation for memory_ratio:
  Value: 8.77 (Threshold: 5.56)
  Trend: stable

[2025-03-10 16:37:06] CRITICAL: memory_ratio
Value 8.77 exceeds critical threshold 8.33
[2025-03-10 16:37:06] CRITICAL violation for cpu_threshold:
  Value: 106.41 (Threshold: 99.74)
  Trend: stable

[2025-03-10 16:37:06] CRITICAL violation for gpu_utilization:
  Value: 0.01 (Threshold: -0.15)
  Trend: stable

[2025-03-10 16:37:06] CRITICAL: gpu_utilization
Value 0.01 exceeds critical threshold -0.03
[2025-03-10 16:37:07] CRITICAL violation for memory_ratio:
  Value: 4.40 (Threshold: 5.56)
  Trend: stable

[2025-03-10 16:37:07] CRITICAL violation for cpu_threshold:
  Value: 62.75 (Threshold: 99.74)
  Trend: stable

[2025-03-10 16:37:07] CRITICAL violation for gpu_utilization:
  Value: 0.03 (Threshold: -0.15)
  Trend: stable

[2025-03-10 16:37:07] CRITICAL: gpu_utilization
Value 0.03 exceeds critical threshold -0.03
[2025-03-10 16:37:07] CRITICAL violation for memory_ratio:
  Value: 5.14 (Threshold: 5.56)
  Trend: stable

[2025-03-10 16:37:07] CRITICAL violation for cpu_threshold:
  Value: 71.82 (Threshold: 99.74)
  Trend: stable

[2025-03-10 16:37:07] CRITICAL violation for gpu_utilization:
  Value: 0.12 (Threshold: -0.15)
  Trend: stable

[2025-03-10 16:37:07] CRITICAL: gpu_utilization
Value 0.12 exceeds critical threshold -0.03
[2025-03-10 16:37:07] CRITICAL violation for cpu_threshold:
  Value: 117.99 (Threshold: 106.51)
  Trend: stable

[2025-03-10 16:37:08] CRITICAL violation for memory_ratio:
  Value: 6.39 (Threshold: 5.67)
  Trend: stable

[2025-03-10 16:37:08] CRITICAL violation for cpu_threshold:
  Value: 98.31 (Threshold: 106.51)
  Trend: stable

[2025-03-10 16:37:08] CRITICAL violation for gpu_utilization:
  Value: 0.33 (Threshold: -0.15)
  Trend: stable

[2025-03-10 16:37:08] CRITICAL: gpu_utilization
Value 0.33 exceeds critical threshold -0.03
[2025-03-10 16:37:10] CRITICAL violation for memory_ratio:
  Value: 5.40 (Threshold: 5.67)
  Trend: stable

[2025-03-10 16:37:10] CRITICAL violation for cpu_threshold:
  Value: 71.61 (Threshold: 106.51)
  Trend: stable

[2025-03-10 16:37:10] CRITICAL violation for gpu_utilization:
  Value: 0.09 (Threshold: -0.15)
  Trend: stable

[2025-03-10 16:37:10] CRITICAL: gpu_utilization
Value 0.09 exceeds critical threshold -0.03
[2025-03-10 16:37:10] CRITICAL violation for memory_ratio:
  Value: 5.86 (Threshold: 5.86)
  Trend: stable

[2025-03-10 16:37:10] CRITICAL violation for cpu_threshold:
  Value: 75.14 (Threshold: 106.51)
  Trend: stable

[2025-03-10 16:37:10] CRITICAL violation for gpu_utilization:
  Value: 0.14 (Threshold: -0.15)
  Trend: stable

[2025-03-10 16:37:10] CRITICAL: gpu_utilization
Value 0.14 exceeds critical threshold -0.03
[2025-03-10 16:37:10] CRITICAL violation for memory_ratio:
  Value: 5.64 (Threshold: 5.86)
  Trend: stable

[2025-03-10 16:37:10] CRITICAL violation for cpu_threshold:
  Value: 77.39 (Threshold: 106.51)
  Trend: stable

[2025-03-10 16:37:10] CRITICAL violation for gpu_utilization:
  Value: 0.05 (Threshold: -0.15)
  Trend: stable

[2025-03-10 16:37:10] CRITICAL: gpu_utilization
Value 0.05 exceeds critical threshold -0.03
[2025-03-10 16:37:10] CRITICAL violation for memory_ratio:
  Value: 5.87 (Threshold: 5.87)
  Trend: stable

[2025-03-10 16:37:10] CRITICAL violation for cpu_threshold:
  Value: 80.03 (Threshold: 106.51)
  Trend: stable

[2025-03-10 16:37:10] CRITICAL violation for gpu_utilization:
  Value: 0.19 (Threshold: -0.15)
  Trend: stable

[2025-03-10 16:37:10] CRITICAL: gpu_utilization
Value 0.19 exceeds critical threshold -0.03
[2025-03-10 16:37:10] CRITICAL violation for memory_ratio:
  Value: 6.48 (Threshold: 5.89)
  Trend: stable

[2025-03-10 16:37:10] CRITICAL violation for cpu_threshold:
  Value: 86.61 (Threshold: 106.51)
  Trend: stable

[2025-03-10 16:37:10] CRITICAL violation for gpu_utilization:
  Value: 0.23 (Threshold: -0.15)
  Trend: stable

[2025-03-10 16:37:10] CRITICAL: gpu_utilization
Value 0.23 exceeds critical threshold -0.03
[2025-03-10 16:37:10] CRITICAL violation for memory_ratio:
  Value: 5.25 (Threshold: 5.89)
  Trend: stable

[2025-03-10 16:37:10] CRITICAL violation for cpu_threshold:
  Value: 77.33 (Threshold: 106.51)
  Trend: stable

[2025-03-10 16:37:10] CRITICAL violation for gpu_utilization:
  Value: 0.01 (Threshold: -0.15)
  Trend: stable

[2025-03-10 16:37:10] CRITICAL: gpu_utilization
Value 0.01 exceeds critical threshold -0.03
[2025-03-10 16:37:10] CRITICAL violation for memory_ratio:
  Value: 6.68 (Threshold: 6.36)
  Trend: stable

[2025-03-10 16:37:10] CRITICAL violation for cpu_threshold:
  Value: 100.42 (Threshold: 106.51)
  Trend: stable

[2025-03-10 16:37:10] CRITICAL violation for gpu_utilization:
  Value: 0.26 (Threshold: -0.15)
  Trend: stable

[2025-03-10 16:37:10] CRITICAL: gpu_utilization
Value 0.26 exceeds critical threshold -0.03
[2025-03-10 16:37:10] CRITICAL violation for memory_ratio:
  Value: 6.04 (Threshold: 6.36)
  Trend: stable

[2025-03-10 16:37:10] CRITICAL violation for cpu_threshold:
  Value: 78.74 (Threshold: 100.72)
  Trend: stable

[2025-03-10 16:37:10] CRITICAL violation for gpu_utilization:
  Value: 0.13 (Threshold: -0.15)
  Trend: stable

[2025-03-10 16:37:10] CRITICAL: gpu_utilization
Value 0.13 exceeds critical threshold -0.03
[2025-03-10 16:37:11] CRITICAL violation for memory_ratio:
  Value: 7.51 (Threshold: 6.39)
  Trend: stable

[2025-03-10 16:37:11] CRITICAL violation for cpu_threshold:
  Value: 65.83 (Threshold: 100.72)
  Trend: stable

[2025-03-10 16:37:11] CRITICAL violation for gpu_utilization:
  Value: -0.03 (Threshold: -0.15)
  Trend: stable

[2025-03-10 16:37:11] CRITICAL: gpu_utilization
Value -0.03 exceeds critical threshold -0.03
[2025-03-10 16:37:11] CRITICAL violation for memory_ratio:
  Value: 5.71 (Threshold: 6.39)
  Trend: stable

[2025-03-10 16:37:11] CRITICAL violation for cpu_threshold:
  Value: 82.00 (Threshold: 100.72)
  Trend: stable

[2025-03-10 16:37:11] CRITICAL violation for gpu_utilization:
  Value: 0.07 (Threshold: -0.15)
  Trend: stable

[2025-03-10 16:37:11] CRITICAL: gpu_utilization
Value 0.07 exceeds critical threshold -0.03
[2025-03-10 16:37:11] CRITICAL violation for memory_ratio:
  Value: 5.62 (Threshold: 6.39)
  Trend: stable

[2025-03-10 16:37:11] CRITICAL violation for cpu_threshold:
  Value: 75.55 (Threshold: 100.72)
  Trend: stable

[2025-03-10 16:37:11] CRITICAL violation for gpu_utilization:
  Value: 0.10 (Threshold: -0.15)
  Trend: stable

[2025-03-10 16:37:11] CRITICAL: gpu_utilization
Value 0.10 exceeds critical threshold -0.03
[2025-03-10 16:37:11] CRITICAL violation for memory_ratio:
  Value: 6.24 (Threshold: 6.39)
  Trend: stable

[2025-03-10 16:37:11] CRITICAL violation for cpu_threshold:
  Value: 87.43 (Threshold: 100.72)
  Trend: stable

[2025-03-10 16:37:11] CRITICAL violation for gpu_utilization:
  Value: 0.17 (Threshold: -0.15)
  Trend: stable

[2025-03-10 16:37:11] CRITICAL: gpu_utilization
Value 0.17 exceeds critical threshold -0.03
[2025-03-10 16:37:11] CRITICAL violation for memory_ratio:
  Value: 6.20 (Threshold: 6.39)
  Trend: stable

[2025-03-10 16:37:11] CRITICAL violation for cpu_threshold:
  Value: 89.51 (Threshold: 100.72)
  Trend: stable

[2025-03-10 16:37:11] CRITICAL violation for gpu_utilization:
  Value: 0.21 (Threshold: -0.15)
  Trend: stable

[2025-03-10 16:37:11] CRITICAL: gpu_utilization
Value 0.21 exceeds critical threshold -0.03
[2025-03-10 16:37:11] CRITICAL violation for memory_ratio:
  Value: 5.54 (Threshold: 6.39)
  Trend: stable

[2025-03-10 16:37:11] CRITICAL violation for cpu_threshold:
  Value: 78.55 (Threshold: 100.72)
  Trend: stable

[2025-03-10 16:37:11] CRITICAL violation for gpu_utilization:
  Value: 0.15 (Threshold: -0.15)
  Trend: stable

[2025-03-10 16:37:11] CRITICAL: gpu_utilization
Value 0.15 exceeds critical threshold -0.03
[2025-03-10 16:37:12] CRITICAL violation for memory_ratio:
  Value: 6.29 (Threshold: 6.39)
  Trend: stable

[2025-03-10 16:37:12] CRITICAL violation for cpu_threshold:
  Value: 82.00 (Threshold: 100.72)
  Trend: stable

[2025-03-10 16:37:12] CRITICAL violation for gpu_utilization:
  Value: 0.10 (Threshold: -0.15)
  Trend: stable

[2025-03-10 16:37:12] CRITICAL: gpu_utilization
Value 0.10 exceeds critical threshold -0.03
[2025-03-10 16:37:12] CRITICAL violation for memory_ratio:
  Value: 5.84 (Threshold: 6.39)
  Trend: stable

[2025-03-10 16:37:12] CRITICAL violation for cpu_threshold:
  Value: 84.57 (Threshold: 100.72)
  Trend: stable

[2025-03-10 16:37:12] CRITICAL violation for gpu_utilization:
  Value: 0.12 (Threshold: -0.15)
  Trend: stable

[2025-03-10 16:37:12] CRITICAL: gpu_utilization
Value 0.12 exceeds critical threshold -0.03
[2025-03-10 16:37:12] CRITICAL violation for memory_ratio:
  Value: 5.99 (Threshold: 6.39)
  Trend: stable

[2025-03-10 16:37:12] CRITICAL violation for memory_ratio:
  Value: 7.90 (Threshold: 6.49)
  Trend: stable

[2025-03-10 16:37:12] WARNING: memory_ratio
Value 7.90 exceeds warning threshold 7.79
[2025-03-10 16:37:12] CRITICAL violation for gpu_utilization:
  Value: -0.30 (Threshold: -0.15)
  Trend: stable

[2025-03-10 16:37:12] CRITICAL: gpu_utilization
Value -0.30 exceeds critical threshold -0.03
[2025-03-10 16:37:12] CRITICAL violation for cpu_threshold:
  Value: 124.51 (Threshold: 106.71)
  Trend: stable

[2025-03-10 16:37:12] CRITICAL violation for gpu_utilization:
  Value: 0.13 (Threshold: -0.15)
  Trend: stable

[2025-03-10 16:37:12] CRITICAL: gpu_utilization
Value 0.13 exceeds critical threshold -0.03
[2025-03-10 16:37:12] CRITICAL violation for memory_ratio:
  Value: 8.85 (Threshold: 6.69)
  Trend: stable

[2025-03-10 16:37:12] WARNING: memory_ratio
Value 8.85 exceeds warning threshold 8.03
[2025-03-10 16:37:12] CRITICAL violation for cpu_threshold:
  Value: 76.65 (Threshold: 106.71)
  Trend: stable

[2025-03-10 16:37:12] CRITICAL violation for gpu_utilization:
  Value: -0.03 (Threshold: -0.15)
  Trend: stable

[2025-03-10 16:37:12] CRITICAL: gpu_utilization
Value -0.03 exceeds critical threshold -0.03
[2025-03-10 16:37:12] CRITICAL violation for memory_ratio:
  Value: 5.45 (Threshold: 6.69)
  Trend: stable

[2025-03-10 16:37:12] CRITICAL violation for cpu_threshold:
  Value: 70.87 (Threshold: 106.71)
  Trend: stable

[2025-03-10 16:37:12] CRITICAL violation for memory_ratio:
  Value: 8.22 (Threshold: 6.79)
  Trend: stable

[2025-03-10 16:37:12] WARNING: memory_ratio
Value 8.22 exceeds warning threshold 8.15
[2025-03-10 16:37:12] CRITICAL violation for cpu_threshold:
  Value: 101.68 (Threshold: 106.71)
  Trend: stable

[2025-03-10 16:37:12] CRITICAL violation for gpu_utilization:
  Value: 0.01 (Threshold: -0.15)
  Trend: stable

[2025-03-10 16:37:12] CRITICAL: gpu_utilization
Value 0.01 exceeds critical threshold -0.03
[2025-03-10 16:37:12] CRITICAL violation for cpu_threshold:
  Value: 92.73 (Threshold: 106.71)
  Trend: stable

[2025-03-10 16:37:12] CRITICAL violation for gpu_utilization:
  Value: -0.03 (Threshold: -0.15)
  Trend: stable

[2025-03-10 16:37:12] CRITICAL: gpu_utilization
Value -0.03 exceeds critical threshold -0.03
[2025-03-10 16:37:12] CRITICAL violation for memory_ratio:
  Value: 8.77 (Threshold: 7.53)
  Trend: stable

[2025-03-10 16:37:12] CRITICAL violation for cpu_threshold:
  Value: 81.41 (Threshold: 106.71)
  Trend: stable

[2025-03-10 16:37:12] CRITICAL violation for gpu_utilization:
  Value: 0.07 (Threshold: -0.15)
  Trend: stable

[2025-03-10 16:37:12] CRITICAL: gpu_utilization
Value 0.07 exceeds critical threshold -0.03
[2025-03-10 16:37:12] CRITICAL violation for memory_ratio:
  Value: 5.24 (Threshold: 7.53)
  Trend: stable

[2025-03-10 16:37:12] CRITICAL violation for cpu_threshold:
  Value: 70.14 (Threshold: 106.71)
  Trend: stable

[2025-03-10 16:37:12] CRITICAL violation for gpu_utilization:
  Value: -0.12 (Threshold: -0.15)
  Trend: stable

[2025-03-10 16:37:12] CRITICAL: gpu_utilization
Value -0.12 exceeds critical threshold -0.03
[2025-03-10 16:37:12] CRITICAL violation for memory_ratio:
  Value: 5.80 (Threshold: 7.53)
  Trend: stable

[2025-03-10 16:37:12] CRITICAL violation for memory_ratio:
  Value: 8.24 (Threshold: 7.91)
  Trend: stable

[2025-03-10 16:37:12] CRITICAL violation for gpu_utilization:
  Value: -0.12 (Threshold: -0.15)
  Trend: stable

[2025-03-10 16:37:12] CRITICAL: gpu_utilization
Value -0.12 exceeds critical threshold -0.03
[2025-03-10 16:37:12] CRITICAL violation for cpu_threshold:
  Value: 121.14 (Threshold: 112.77)
  Trend: stable

[2025-03-10 16:37:12] CRITICAL violation for memory_ratio:
  Value: 9.59 (Threshold: 8.22)
  Trend: stable

[2025-03-10 16:37:12] CRITICAL violation for cpu_threshold:
  Value: 116.11 (Threshold: 116.20)
  Trend: stable

[2025-03-10 16:37:12] CRITICAL violation for gpu_utilization:
  Value: 0.07 (Threshold: -0.15)
  Trend: stable

[2025-03-10 16:37:12] CRITICAL: gpu_utilization
Value 0.07 exceeds critical threshold -0.03
[2025-03-10 16:37:13] CRITICAL violation for memory_ratio:
  Value: 5.50 (Threshold: 8.22)
  Trend: stable

[2025-03-10 16:37:13] CRITICAL violation for cpu_threshold:
  Value: 74.78 (Threshold: 116.20)
  Trend: stable

[2025-03-10 16:37:13] CRITICAL violation for gpu_utilization:
  Value: -0.14 (Threshold: -0.15)
  Trend: stable

[2025-03-10 16:37:13] CRITICAL: gpu_utilization
Value -0.14 exceeds critical threshold -0.03
[2025-03-10 16:37:13] CRITICAL violation for memory_ratio:
  Value: 6.32 (Threshold: 8.22)
  Trend: stable

[2025-03-10 16:37:13] CRITICAL violation for memory_ratio:
  Value: 9.03 (Threshold: 8.27)
  Trend: stable

[2025-03-10 16:37:13] CRITICAL violation for cpu_threshold:
  Value: 132.64 (Threshold: 118.15)
  Trend: stable

[2025-03-10 16:37:13] CRITICAL violation for gpu_utilization:
  Value: 0.07 (Threshold: -0.15)
  Trend: stable

[2025-03-10 16:37:13] CRITICAL: gpu_utilization
Value 0.07 exceeds critical threshold -0.03
[2025-03-10 16:37:13] CRITICAL violation for memory_ratio:
  Value: 6.04 (Threshold: 8.27)
  Trend: stable

[2025-03-10 16:37:13] CRITICAL violation for cpu_threshold:
  Value: 79.75 (Threshold: 118.15)
  Trend: stable

[2025-03-10 16:37:13] CRITICAL violation for gpu_utilization:
  Value: -0.03 (Threshold: -0.15)
  Trend: stable

[2025-03-10 16:37:13] CRITICAL: gpu_utilization
Value -0.03 exceeds critical threshold -0.03
[2025-03-10 16:37:13] CRITICAL violation for memory_ratio:
  Value: 6.51 (Threshold: 8.27)
  Trend: stable

[2025-03-10 16:37:13] CRITICAL violation for cpu_threshold:
  Value: 88.03 (Threshold: 118.15)
  Trend: stable

[2025-03-10 16:37:13] CRITICAL violation for gpu_utilization:
  Value: 0.03 (Threshold: -0.15)
  Trend: stable

[2025-03-10 16:37:13] CRITICAL: gpu_utilization
Value 0.03 exceeds critical threshold -0.03
[2025-03-10 16:37:14] CRITICAL violation for memory_ratio:
  Value: 5.46 (Threshold: 8.27)
  Trend: stable

[2025-03-10 16:37:14] CRITICAL violation for cpu_threshold:
  Value: 70.79 (Threshold: 118.15)
  Trend: stable

[2025-03-10 16:37:14] CRITICAL violation for gpu_utilization:
  Value: -0.11 (Threshold: -0.15)
  Trend: stable

[2025-03-10 16:37:14] CRITICAL: gpu_utilization
Value -0.11 exceeds critical threshold -0.03
[2025-03-10 16:37:14] CRITICAL violation for cpu_threshold:
  Value: 123.36 (Threshold: 121.24)
  Trend: stable

[2025-03-10 16:37:14] CRITICAL violation for gpu_utilization:
  Value: -0.20 (Threshold: -0.15)
  Trend: stable

[2025-03-10 16:37:14] CRITICAL: gpu_utilization
Value -0.20 exceeds critical threshold -0.03
[2025-03-10 16:37:14] CRITICAL violation for memory_ratio:
  Value: 9.18 (Threshold: 8.77)
  Trend: stable

[2025-03-10 16:37:14] CRITICAL violation for cpu_threshold:
  Value: 82.85 (Threshold: 121.24)
  Trend: stable

[2025-03-10 16:37:14] CRITICAL violation for gpu_utilization:
  Value: -0.11 (Threshold: -0.15)
  Trend: stable

[2025-03-10 16:37:14] CRITICAL: gpu_utilization
Value -0.11 exceeds critical threshold -0.03
[2025-03-10 16:37:14] CRITICAL violation for memory_ratio:
  Value: 5.80 (Threshold: 8.77)
  Trend: stable

[2025-03-10 16:37:14] CRITICAL violation for cpu_threshold:
  Value: 74.09 (Threshold: 121.24)
  Trend: stable

[2025-03-10 16:37:14] CRITICAL violation for gpu_utilization:
  Value: -0.14 (Threshold: -0.15)
  Trend: stable

[2025-03-10 16:37:14] CRITICAL: gpu_utilization
Value -0.14 exceeds critical threshold -0.03
[2025-03-10 16:37:15] CRITICAL violation for memory_ratio:
  Value: 6.19 (Threshold: 8.77)
  Trend: stable

[2025-03-10 16:37:15] CRITICAL violation for cpu_threshold:
  Value: 77.13 (Threshold: 121.24)
  Trend: stable

[2025-03-10 16:37:15] CRITICAL violation for gpu_utilization:
  Value: -0.16 (Threshold: -0.15)
  Trend: stable

[2025-03-10 16:37:15] CRITICAL: gpu_utilization
Value -0.16 exceeds critical threshold -0.03
[2025-03-10 16:37:15] CRITICAL violation for memory_ratio:
  Value: 6.37 (Threshold: 8.77)
  Trend: stable

[2025-03-10 16:37:15] CRITICAL violation for cpu_threshold:
  Value: 79.68 (Threshold: 121.24)
  Trend: stable

[2025-03-10 16:37:15] CRITICAL violation for memory_ratio:
  Value: 9.59 (Threshold: 8.78)
  Trend: stable

[2025-03-10 16:37:15] CRITICAL violation for cpu_threshold:
  Value: 125.74 (Threshold: 123.10)
  Trend: stable

[2025-03-10 16:37:15] CRITICAL violation for gpu_utilization:
  Value: -0.18 (Threshold: -0.15)
  Trend: stable

[2025-03-10 16:37:15] CRITICAL: gpu_utilization
Value -0.18 exceeds critical threshold -0.03
[2025-03-10 16:37:15] CRITICAL violation for memory_ratio:
  Value: 6.24 (Threshold: 8.78)
  Trend: stable

[2025-03-10 16:37:15] CRITICAL violation for cpu_threshold:
  Value: 80.06 (Threshold: 123.10)
  Trend: stable

[2025-03-10 16:37:15] CRITICAL violation for gpu_utilization:
  Value: -0.10 (Threshold: -0.15)
  Trend: stable

[2025-03-10 16:37:15] CRITICAL: gpu_utilization
Value -0.10 exceeds critical threshold -0.03
[2025-03-10 16:37:15] CRITICAL violation for memory_ratio:
  Value: 6.59 (Threshold: 8.78)
  Trend: stable

[2025-03-10 16:37:15] CRITICAL violation for cpu_threshold:
  Value: 92.28 (Threshold: 123.10)
  Trend: stable

[2025-03-10 16:37:15] CRITICAL violation for gpu_utilization:
  Value: -0.05 (Threshold: -0.15)
  Trend: stable

[2025-03-10 16:37:15] CRITICAL: gpu_utilization
Value -0.05 exceeds critical threshold -0.03
[2025-03-10 16:37:15] CRITICAL violation for memory_ratio:
  Value: 6.15 (Threshold: 8.78)
  Trend: stable

[2025-03-10 16:37:15] CRITICAL violation for memory_ratio:
  Value: 8.90 (Threshold: 8.85)
  Trend: stable

[2025-03-10 16:37:15] CRITICAL violation for cpu_threshold:
  Value: 106.95 (Threshold: 121.24)
  Trend: stable

[2025-03-10 16:37:15] CRITICAL violation for gpu_utilization:
  Value: -0.22 (Threshold: -0.16)
  Trend: stable

[2025-03-10 16:37:15] CRITICAL: gpu_utilization
Value -0.22 exceeds critical threshold -0.03
[2025-03-10 16:37:15] CRITICAL violation for memory_ratio:
  Value: 6.58 (Threshold: 8.85)
  Trend: stable

[2025-03-10 16:37:15] CRITICAL violation for cpu_threshold:
  Value: 89.79 (Threshold: 121.24)
  Trend: stable

[2025-03-10 16:37:15] CRITICAL violation for gpu_utilization:
  Value: -0.02 (Threshold: -0.16)
  Trend: stable

[2025-03-10 16:37:15] CRITICAL: gpu_utilization
Value -0.02 exceeds critical threshold -0.03
[2025-03-10 16:37:15] CRITICAL violation for memory_ratio:
  Value: 6.05 (Threshold: 8.85)
  Trend: stable

[2025-03-10 16:37:15] CRITICAL violation for cpu_threshold:
  Value: 79.83 (Threshold: 121.24)
  Trend: stable

[2025-03-10 16:37:15] CRITICAL violation for gpu_utilization:
  Value: -0.17 (Threshold: -0.17)
  Trend: stable

[2025-03-10 16:37:15] CRITICAL: gpu_utilization
Value -0.17 exceeds critical threshold -0.03
[2025-03-10 16:37:16] CRITICAL violation for memory_ratio:
  Value: 5.62 (Threshold: 8.85)
  Trend: stable

[2025-03-10 16:37:16] CRITICAL violation for cpu_threshold:
  Value: 78.25 (Threshold: 121.24)
  Trend: stable

[2025-03-10 16:37:16] CRITICAL violation for gpu_utilization:
  Value: -0.21 (Threshold: -0.18)
  Trend: stable

[2025-03-10 16:37:16] CRITICAL: gpu_utilization
Value -0.21 exceeds critical threshold -0.04
[2025-03-10 16:37:16] CRITICAL violation for memory_ratio:
  Value: 5.81 (Threshold: 8.85)
  Trend: stable

[2025-03-10 16:37:16] CRITICAL violation for cpu_threshold:
  Value: 71.91 (Threshold: 121.24)
  Trend: stable

[2025-03-10 16:37:16] CRITICAL violation for memory_ratio:
  Value: 8.53 (Threshold: 8.85)
  Trend: stable

[2025-03-10 16:37:16] CRITICAL violation for cpu_threshold:
  Value: 128.02 (Threshold: 123.10)
  Trend: stable

[2025-03-10 16:37:16] CRITICAL violation for gpu_utilization:
  Value: -0.26 (Threshold: -0.20)
  Trend: stable

[2025-03-10 16:37:16] CRITICAL: gpu_utilization
Value -0.26 exceeds critical threshold -0.04
[2025-03-10 16:37:16] CRITICAL violation for memory_ratio:
  Value: 6.36 (Threshold: 8.85)
  Trend: stable

[2025-03-10 16:37:16] CRITICAL violation for cpu_threshold:
  Value: 79.88 (Threshold: 123.10)
  Trend: stable

[2025-03-10 16:37:16] CRITICAL violation for gpu_utilization:
  Value: -0.20 (Threshold: -0.20)
  Trend: stable

[2025-03-10 16:37:16] CRITICAL: gpu_utilization
Value -0.20 exceeds critical threshold -0.04
[2025-03-10 16:37:16] CRITICAL violation for memory_ratio:
  Value: 6.42 (Threshold: 8.85)
  Trend: stable

[2025-03-10 16:37:16] CRITICAL violation for cpu_threshold:
  Value: 81.87 (Threshold: 123.10)
  Trend: stable

[2025-03-10 16:37:16] CRITICAL violation for gpu_utilization:
  Value: -0.09 (Threshold: -0.20)
  Trend: stable

[2025-03-10 16:37:16] CRITICAL: gpu_utilization
Value -0.09 exceeds critical threshold -0.04
[2025-03-10 16:37:16] CRITICAL violation for memory_ratio:
  Value: 5.79 (Threshold: 8.85)
  Trend: stable

[2025-03-10 16:37:16] CRITICAL violation for cpu_threshold:
  Value: 65.24 (Threshold: 123.10)
  Trend: stable

[2025-03-10 16:37:16] CRITICAL violation for gpu_utilization:
  Value: -0.27 (Threshold: -0.20)
  Trend: stable

[2025-03-10 16:37:16] CRITICAL: gpu_utilization
Value -0.27 exceeds critical threshold -0.04
[2025-03-10 16:37:16] CRITICAL violation for memory_ratio:
  Value: 6.20 (Threshold: 8.85)
  Trend: stable

[2025-03-10 16:37:16] CRITICAL violation for cpu_threshold:
  Value: 71.52 (Threshold: 123.10)
  Trend: stable

[2025-03-10 16:37:16] CRITICAL violation for gpu_utilization:
  Value: -0.20 (Threshold: -0.20)
  Trend: stable

[2025-03-10 16:37:16] CRITICAL: gpu_utilization
Value -0.20 exceeds critical threshold -0.04
[2025-03-10 16:37:16] CRITICAL violation for memory_ratio:
  Value: 6.12 (Threshold: 8.85)
  Trend: stable

[2025-03-10 16:37:16] CRITICAL violation for cpu_threshold:
  Value: 87.81 (Threshold: 123.10)
  Trend: stable

[2025-03-10 16:37:16] CRITICAL violation for gpu_utilization:
  Value: -0.18 (Threshold: -0.20)
  Trend: stable

[2025-03-10 16:37:16] CRITICAL: gpu_utilization
Value -0.18 exceeds critical threshold -0.04
[2025-03-10 16:37:16] CRITICAL violation for memory_ratio:
  Value: 6.62 (Threshold: 8.85)
  Trend: stable

[2025-03-10 16:37:16] CRITICAL violation for cpu_threshold:
  Value: 84.78 (Threshold: 123.10)
  Trend: stable

[2025-03-10 16:37:16] CRITICAL violation for gpu_utilization:
  Value: -0.19 (Threshold: -0.20)
  Trend: stable

[2025-03-10 16:37:16] CRITICAL: gpu_utilization
Value -0.19 exceeds critical threshold -0.04
[2025-03-10 16:37:17] CRITICAL violation for memory_ratio:
  Value: 6.25 (Threshold: 8.85)
  Trend: stable

[2025-03-10 16:37:17] CRITICAL violation for cpu_threshold:
  Value: 136.71 (Threshold: 123.42)
  Trend: stable

[2025-03-10 16:37:17] CRITICAL violation for memory_ratio:
  Value: 10.14 (Threshold: 8.91)
  Trend: stable

[2025-03-10 16:37:17] CRITICAL violation for cpu_threshold:
  Value: 94.77 (Threshold: 123.42)
  Trend: stable

[2025-03-10 16:37:17] CRITICAL violation for gpu_utilization:
  Value: -0.07 (Threshold: -0.20)
  Trend: stable

[2025-03-10 16:37:17] CRITICAL: gpu_utilization
Value -0.07 exceeds critical threshold -0.04
[2025-03-10 16:37:17] CRITICAL violation for cpu_threshold:
  Value: 106.54 (Threshold: 123.42)
  Trend: stable

[2025-03-10 16:37:17] CRITICAL violation for gpu_utilization:
  Value: -0.06 (Threshold: -0.20)
  Trend: stable

[2025-03-10 16:37:17] CRITICAL: gpu_utilization
Value -0.06 exceeds critical threshold -0.04
[2025-03-10 16:37:17] CRITICAL violation for memory_ratio:
  Value: 9.29 (Threshold: 9.04)
  Trend: stable

[2025-03-10 16:37:17] CRITICAL violation for cpu_threshold:
  Value: 81.75 (Threshold: 123.42)
  Trend: stable

[2025-03-10 16:37:17] CRITICAL violation for gpu_utilization:
  Value: -0.19 (Threshold: -0.20)
  Trend: stable

[2025-03-10 16:37:17] CRITICAL: gpu_utilization
Value -0.19 exceeds critical threshold -0.04
[2025-03-10 16:37:17] CRITICAL violation for cpu_threshold:
  Value: 114.89 (Threshold: 123.42)
  Trend: stable

[2025-03-10 16:37:17] CRITICAL violation for gpu_utilization:
  Value: -0.27 (Threshold: -0.21)
  Trend: stable

[2025-03-10 16:37:17] CRITICAL: gpu_utilization
Value -0.27 exceeds critical threshold -0.04
[2025-03-10 16:37:17] CRITICAL violation for memory_ratio:
  Value: 9.79 (Threshold: 9.19)
  Trend: increasing

[2025-03-10 16:37:17] CRITICAL violation for cpu_threshold:
  Value: 83.11 (Threshold: 123.42)
  Trend: stable

[2025-03-10 16:37:17] CRITICAL violation for gpu_utilization:
  Value: -0.18 (Threshold: -0.21)
  Trend: stable

[2025-03-10 16:37:17] CRITICAL: gpu_utilization
Value -0.18 exceeds critical threshold -0.04
[2025-03-10 16:37:17] CRITICAL violation for memory_ratio:
  Value: 6.67 (Threshold: 9.19)
  Trend: stable

[2025-03-10 16:37:17] CRITICAL violation for cpu_threshold:
  Value: 85.64 (Threshold: 123.42)
  Trend: stable

[2025-03-10 16:37:17] CRITICAL violation for gpu_utilization:
  Value: -0.15 (Threshold: -0.21)
  Trend: stable

[2025-03-10 16:37:17] CRITICAL: gpu_utilization
Value -0.15 exceeds critical threshold -0.04
[2025-03-10 16:37:18] CRITICAL violation for memory_ratio:
  Value: 6.06 (Threshold: 9.19)
  Trend: stable

[2025-03-10 16:37:18] CRITICAL violation for cpu_threshold:
  Value: 72.59 (Threshold: 123.42)
  Trend: stable

[2025-03-10 16:37:18] CRITICAL violation for memory_ratio:
  Value: 10.12 (Threshold: 9.30)
  Trend: stable

[2025-03-10 16:37:18] CRITICAL violation for gpu_utilization:
  Value: -0.46 (Threshold: -0.22)
  Trend: stable

[2025-03-10 16:37:18] CRITICAL: gpu_utilization
Value -0.46 exceeds critical threshold -0.04
[2025-03-10 16:37:18] CRITICAL violation for memory_ratio:
  Value: 5.97 (Threshold: 9.30)
  Trend: stable

[2025-03-10 16:37:18] CRITICAL violation for cpu_threshold:
  Value: 71.07 (Threshold: 123.42)
  Trend: stable

[2025-03-10 16:37:18] CRITICAL violation for gpu_utilization:
  Value: -0.49 (Threshold: -0.26)
  Trend: stable

[2025-03-10 16:37:18] CRITICAL: gpu_utilization
Value -0.49 exceeds critical threshold -0.05
[2025-03-10 16:37:19] CRITICAL violation for memory_ratio:
  Value: 6.25 (Threshold: 9.30)
  Trend: stable

[2025-03-10 16:37:19] CRITICAL violation for cpu_threshold:
  Value: 75.55 (Threshold: 123.42)
  Trend: decreasing

[2025-03-10 16:37:19] CRITICAL violation for gpu_utilization:
  Value: -0.25 (Threshold: -0.26)
  Trend: stable

[2025-03-10 16:37:19] CRITICAL: gpu_utilization
Value -0.25 exceeds critical threshold -0.05
[2025-03-10 16:37:19] CRITICAL violation for memory_ratio:
  Value: 8.85 (Threshold: 9.30)
  Trend: stable

[2025-03-10 16:37:19] CRITICAL violation for cpu_threshold:
  Value: 69.44 (Threshold: 123.42)
  Trend: stable

[2025-03-10 16:37:19] CRITICAL violation for gpu_utilization:
  Value: -0.28 (Threshold: -0.27)
  Trend: stable

[2025-03-10 16:37:19] CRITICAL: gpu_utilization
Value -0.28 exceeds critical threshold -0.05
[2025-03-10 16:37:19] CRITICAL violation for memory_ratio:
  Value: 6.63 (Threshold: 9.30)
  Trend: stable

[2025-03-10 16:37:19] CRITICAL violation for cpu_threshold:
  Value: 81.96 (Threshold: 123.42)
  Trend: stable

[2025-03-10 16:37:19] CRITICAL violation for gpu_utilization:
  Value: -0.27 (Threshold: -0.27)
  Trend: stable

[2025-03-10 16:37:19] CRITICAL: gpu_utilization
Value -0.27 exceeds critical threshold -0.05
[2025-03-10 16:37:20] CRITICAL violation for memory_ratio:
  Value: 6.34 (Threshold: 9.30)
  Trend: stable

[2025-03-10 16:37:20] CRITICAL violation for cpu_threshold:
  Value: 69.91 (Threshold: 123.42)
  Trend: stable

[2025-03-10 16:37:20] CRITICAL violation for gpu_utilization:
  Value: -0.38 (Threshold: -0.27)
  Trend: stable

[2025-03-10 16:37:20] CRITICAL: gpu_utilization
Value -0.38 exceeds critical threshold -0.05
[2025-03-10 16:37:20] CRITICAL violation for cpu_threshold:
  Value: 138.53 (Threshold: 124.57)
  Trend: stable

[2025-03-10 16:37:20] CRITICAL violation for gpu_utilization:
  Value: -0.16 (Threshold: -0.27)
  Trend: stable

[2025-03-10 16:37:20] CRITICAL: gpu_utilization
Value -0.16 exceeds critical threshold -0.05
[2025-03-10 16:37:20] CRITICAL violation for memory_ratio:
  Value: 10.30 (Threshold: 9.59)
  Trend: stable

[2025-03-10 16:37:20] CRITICAL violation for cpu_threshold:
  Value: 84.46 (Threshold: 124.57)
  Trend: stable

[2025-03-10 16:37:20] CRITICAL violation for gpu_utilization:
  Value: -0.25 (Threshold: -0.27)
  Trend: stable

[2025-03-10 16:37:20] CRITICAL: gpu_utilization
Value -0.25 exceeds critical threshold -0.05
[2025-03-10 16:37:21] CRITICAL violation for memory_ratio:
  Value: 6.49 (Threshold: 9.59)
  Trend: stable

[2025-03-10 16:37:21] CRITICAL violation for cpu_threshold:
  Value: 77.96 (Threshold: 124.57)
  Trend: stable

[2025-03-10 16:37:21] CRITICAL violation for gpu_utilization:
  Value: -0.38 (Threshold: -0.28)
  Trend: stable

[2025-03-10 16:37:21] CRITICAL: gpu_utilization
Value -0.38 exceeds critical threshold -0.06
[2025-03-10 16:37:21] CRITICAL violation for memory_ratio:
  Value: 6.78 (Threshold: 9.59)
  Trend: stable

[2025-03-10 16:37:21] CRITICAL violation for cpu_threshold:
  Value: 85.52 (Threshold: 124.57)
  Trend: stable

[2025-03-10 16:37:21] CRITICAL violation for gpu_utilization:
  Value: -0.29 (Threshold: -0.29)
  Trend: stable

[2025-03-10 16:37:21] CRITICAL: gpu_utilization
Value -0.29 exceeds critical threshold -0.06
[2025-03-10 16:37:22] CRITICAL violation for memory_ratio:
  Value: 5.86 (Threshold: 9.59)
  Trend: stable

[2025-03-10 16:37:22] CRITICAL violation for cpu_threshold:
  Value: 70.78 (Threshold: 124.57)
  Trend: stable

[2025-03-10 16:37:22] CRITICAL violation for gpu_utilization:
  Value: -0.57 (Threshold: -0.30)
  Trend: stable

[2025-03-10 16:37:22] CRITICAL: gpu_utilization
Value -0.57 exceeds critical threshold -0.06
[2025-03-10 16:37:22] CRITICAL violation for memory_ratio:
  Value: 6.50 (Threshold: 9.59)
  Trend: stable

[2025-03-10 16:37:22] CRITICAL violation for cpu_threshold:
  Value: 75.78 (Threshold: 124.57)
  Trend: stable

[2025-03-10 16:37:22] CRITICAL violation for gpu_utilization:
  Value: -0.45 (Threshold: -0.38)
  Trend: stable

[2025-03-10 16:37:22] CRITICAL: gpu_utilization
Value -0.45 exceeds critical threshold -0.08
[2025-03-10 16:37:22] CRITICAL violation for cpu_threshold:
  Value: 132.00 (Threshold: 125.85)
  Trend: stable

[2025-03-10 16:37:22] CRITICAL violation for gpu_utilization:
  Value: -0.59 (Threshold: -0.39)
  Trend: stable

[2025-03-10 16:37:22] CRITICAL: gpu_utilization
Value -0.59 exceeds critical threshold -0.08
[2025-03-10 16:37:22] CRITICAL violation for memory_ratio:
  Value: 9.91 (Threshold: 9.60)
  Trend: stable

[2025-03-10 16:37:22] CRITICAL violation for cpu_threshold:
  Value: 77.71 (Threshold: 125.85)
  Trend: stable

[2025-03-10 16:37:22] CRITICAL violation for gpu_utilization:
  Value: -0.34 (Threshold: -0.39)
  Trend: stable

[2025-03-10 16:37:22] CRITICAL: gpu_utilization
Value -0.34 exceeds critical threshold -0.08
[2025-03-10 16:37:22] CRITICAL violation for memory_ratio:
  Value: 6.70 (Threshold: 9.60)
  Trend: stable

[2025-03-10 16:37:22] CRITICAL violation for cpu_threshold:
  Value: 86.77 (Threshold: 125.85)
  Trend: stable

[2025-03-10 16:37:22] CRITICAL violation for gpu_utilization:
  Value: -0.30 (Threshold: -0.39)
  Trend: stable

[2025-03-10 16:37:22] CRITICAL: gpu_utilization
Value -0.30 exceeds critical threshold -0.08
[2025-03-10 16:37:22] CRITICAL violation for memory_ratio:
  Value: 6.41 (Threshold: 9.60)
  Trend: stable

[2025-03-10 16:37:22] CRITICAL violation for cpu_threshold:
  Value: 78.41 (Threshold: 125.85)
  Trend: stable

[2025-03-10 16:37:22] CRITICAL violation for gpu_utilization:
  Value: -0.52 (Threshold: -0.45)
  Trend: stable

[2025-03-10 16:37:22] CRITICAL: gpu_utilization
Value -0.52 exceeds critical threshold -0.09
[2025-03-10 16:37:22] CRITICAL violation for memory_ratio:
  Value: 7.06 (Threshold: 9.60)
  Trend: stable

[2025-03-10 16:37:22] CRITICAL violation for cpu_threshold:
  Value: 90.08 (Threshold: 125.85)
  Trend: stable

[2025-03-10 16:37:22] CRITICAL violation for gpu_utilization:
  Value: -0.28 (Threshold: -0.45)
  Trend: stable

[2025-03-10 16:37:22] CRITICAL: gpu_utilization
Value -0.28 exceeds critical threshold -0.09
[2025-03-10 16:37:22] CRITICAL violation for memory_ratio:
  Value: 6.57 (Threshold: 9.60)
  Trend: stable

[2025-03-10 16:37:22] CRITICAL violation for cpu_threshold:
  Value: 71.39 (Threshold: 125.85)
  Trend: stable

[2025-03-10 16:37:22] CRITICAL violation for gpu_utilization:
  Value: -0.48 (Threshold: -0.46)
  Trend: stable

[2025-03-10 16:37:22] CRITICAL: gpu_utilization
Value -0.48 exceeds critical threshold -0.09
[2025-03-10 16:37:22] CRITICAL violation for memory_ratio:
  Value: 6.80 (Threshold: 9.60)
  Trend: stable

[2025-03-10 16:37:22] CRITICAL violation for cpu_threshold:
  Value: 83.03 (Threshold: 125.85)
  Trend: stable

[2025-03-10 16:37:22] CRITICAL violation for gpu_utilization:
  Value: -0.38 (Threshold: -0.46)
  Trend: stable

[2025-03-10 16:37:22] CRITICAL: gpu_utilization
Value -0.38 exceeds critical threshold -0.09
[2025-03-10 16:37:22] CRITICAL violation for memory_ratio:
  Value: 6.20 (Threshold: 9.60)
  Trend: stable

[2025-03-10 16:37:22] CRITICAL violation for cpu_threshold:
  Value: 73.81 (Threshold: 125.85)
  Trend: stable

[2025-03-10 16:37:22] CRITICAL violation for gpu_utilization:
  Value: -0.55 (Threshold: -0.48)
  Trend: stable

[2025-03-10 16:37:22] CRITICAL: gpu_utilization
Value -0.55 exceeds critical threshold -0.10
[2025-03-10 16:37:23] CRITICAL violation for memory_ratio:
  Value: 7.12 (Threshold: 9.60)
  Trend: stable

[2025-03-10 16:37:23] CRITICAL violation for cpu_threshold:
  Value: 90.09 (Threshold: 125.85)
  Trend: stable

[2025-03-10 16:37:23] CRITICAL violation for gpu_utilization:
  Value: -0.35 (Threshold: -0.48)
  Trend: stable

[2025-03-10 16:37:23] CRITICAL: gpu_utilization
Value -0.35 exceeds critical threshold -0.10
[2025-03-10 16:37:23] CRITICAL violation for memory_ratio:
  Value: 6.86 (Threshold: 9.60)
  Trend: stable

[2025-03-10 16:37:23] CRITICAL violation for cpu_threshold:
  Value: 88.12 (Threshold: 125.85)
  Trend: stable

[2025-03-10 16:37:23] CRITICAL violation for gpu_utilization:
  Value: -0.32 (Threshold: -0.48)
  Trend: stable

[2025-03-10 16:37:23] CRITICAL: gpu_utilization
Value -0.32 exceeds critical threshold -0.10
[2025-03-10 16:37:23] CRITICAL violation for memory_ratio:
  Value: 6.82 (Threshold: 9.60)
  Trend: stable

[2025-03-10 16:37:23] CRITICAL violation for cpu_threshold:
  Value: 81.80 (Threshold: 125.85)
  Trend: stable

[2025-03-10 16:37:23] CRITICAL violation for gpu_utilization:
  Value: -0.33 (Threshold: -0.48)
  Trend: stable

[2025-03-10 16:37:23] CRITICAL: gpu_utilization
Value -0.33 exceeds critical threshold -0.10
[2025-03-10 16:37:23] CRITICAL violation for memory_ratio:
  Value: 6.83 (Threshold: 9.60)
  Trend: stable

[2025-03-10 16:37:23] CRITICAL violation for gpu_utilization:
  Value: -0.40 (Threshold: -0.48)
  Trend: stable

[2025-03-10 16:37:23] CRITICAL: gpu_utilization
Value -0.40 exceeds critical threshold -0.10
[2025-03-10 16:37:23] CRITICAL violation for memory_ratio:
  Value: 6.47 (Threshold: 9.60)
  Trend: stable

[2025-03-10 16:37:23] CRITICAL violation for cpu_threshold:
  Value: 77.56 (Threshold: 125.85)
  Trend: stable

[2025-03-10 16:37:23] CRITICAL violation for gpu_utilization:
  Value: -0.45 (Threshold: -0.48)
  Trend: stable

[2025-03-10 16:37:23] CRITICAL: gpu_utilization
Value -0.45 exceeds critical threshold -0.10
[2025-03-10 16:37:24] CRITICAL violation for memory_ratio:
  Value: 6.47 (Threshold: 9.60)
  Trend: stable

[2025-03-10 16:37:24] CRITICAL violation for cpu_threshold:
  Value: 81.36 (Threshold: 125.85)
  Trend: stable

[2025-03-10 16:37:24] CRITICAL violation for gpu_utilization:
  Value: -0.42 (Threshold: -0.48)
  Trend: stable

[2025-03-10 16:37:24] CRITICAL: gpu_utilization
Value -0.42 exceeds critical threshold -0.10
[2025-03-10 16:37:24] CRITICAL violation for memory_ratio:
  Value: 6.43 (Threshold: 9.60)
  Trend: stable

[2025-03-10 16:37:24] CRITICAL violation for cpu_threshold:
  Value: 129.61 (Threshold: 128.10)
  Trend: stable

[2025-03-10 16:37:24] CRITICAL violation for gpu_utilization:
  Value: -0.42 (Threshold: -0.48)
  Trend: stable

[2025-03-10 16:37:24] CRITICAL: gpu_utilization
Value -0.42 exceeds critical threshold -0.10
[2025-03-10 16:37:24] CRITICAL violation for memory_ratio:
  Value: 6.97 (Threshold: 9.60)
  Trend: stable

[2025-03-10 16:37:24] CRITICAL violation for cpu_threshold:
  Value: 87.92 (Threshold: 128.10)
  Trend: stable

[2025-03-10 16:37:24] CRITICAL violation for gpu_utilization:
  Value: -0.41 (Threshold: -0.48)
  Trend: stable

[2025-03-10 16:37:24] CRITICAL: gpu_utilization
Value -0.41 exceeds critical threshold -0.10
[2025-03-10 16:37:24] CRITICAL violation for memory_ratio:
  Value: 6.66 (Threshold: 9.60)
  Trend: stable

[2025-03-10 16:37:24] CRITICAL violation for memory_ratio:
  Value: 10.53 (Threshold: 9.80)
  Trend: stable

[2025-03-10 16:37:24] CRITICAL violation for gpu_utilization:
  Value: -0.51 (Threshold: -0.49)
  Trend: stable

[2025-03-10 16:37:24] CRITICAL: gpu_utilization
Value -0.51 exceeds critical threshold -0.10
[2025-03-10 16:37:24] CRITICAL violation for cpu_threshold:
  Value: 113.53 (Threshold: 128.10)
  Trend: stable

[2025-03-10 16:37:24] CRITICAL violation for gpu_utilization:
  Value: -0.78 (Threshold: -0.51)
  Trend: decreasing

[2025-03-10 16:37:24] CRITICAL: gpu_utilization
Value -0.78 exceeds critical threshold -0.10
[2025-03-10 16:37:24] CRITICAL violation for memory_ratio:
  Value: 6.66 (Threshold: 9.80)
  Trend: stable

[2025-03-10 16:37:24] CRITICAL violation for cpu_threshold:
  Value: 78.13 (Threshold: 128.10)
  Trend: stable

[2025-03-10 16:37:24] CRITICAL violation for gpu_utilization:
  Value: -0.42 (Threshold: -0.51)
  Trend: stable

[2025-03-10 16:37:24] CRITICAL: gpu_utilization
Value -0.42 exceeds critical threshold -0.10
[2025-03-10 16:37:25] CRITICAL violation for memory_ratio:
  Value: 7.15 (Threshold: 9.80)
  Trend: stable

[2025-03-10 16:37:25] CRITICAL violation for cpu_threshold:
  Value: 92.55 (Threshold: 128.10)
  Trend: stable

[2025-03-10 16:37:25] CRITICAL violation for gpu_utilization:
  Value: -0.36 (Threshold: -0.51)
  Trend: stable

[2025-03-10 16:37:25] CRITICAL: gpu_utilization
Value -0.36 exceeds critical threshold -0.10
[2025-03-10 16:37:25] CRITICAL violation for memory_ratio:
  Value: 8.14 (Threshold: 9.80)
  Trend: stable

[2025-03-10 16:37:25] CRITICAL violation for cpu_threshold:
  Value: 102.93 (Threshold: 128.10)
  Trend: stable

[2025-03-10 16:37:25] CRITICAL violation for gpu_utilization:
  Value: -0.10 (Threshold: -0.51)
  Trend: stable

[2025-03-10 16:37:25] CRITICAL: gpu_utilization
Value -0.10 exceeds critical threshold -0.10
[2025-03-10 16:37:25] CRITICAL violation for memory_ratio:
  Value: 6.65 (Threshold: 9.80)
  Trend: stable

[2025-03-10 16:37:25] CRITICAL violation for cpu_threshold:
  Value: 81.73 (Threshold: 128.10)
  Trend: stable

[2025-03-10 16:37:25] CRITICAL violation for gpu_utilization:
  Value: -0.40 (Threshold: -0.51)
  Trend: stable

[2025-03-10 16:37:25] CRITICAL: gpu_utilization
Value -0.40 exceeds critical threshold -0.10
[2025-03-10 16:37:26] CRITICAL violation for memory_ratio:
  Value: 6.26 (Threshold: 9.80)
  Trend: stable

[2025-03-10 16:37:26] CRITICAL violation for cpu_threshold:
  Value: 70.20 (Threshold: 128.10)
  Trend: stable

[2025-03-10 16:37:26] CRITICAL violation for gpu_utilization:
  Value: -0.44 (Threshold: -0.51)
  Trend: stable

[2025-03-10 16:37:26] CRITICAL: gpu_utilization
Value -0.44 exceeds critical threshold -0.10
[2025-03-10 16:37:26] CRITICAL violation for memory_ratio:
  Value: 7.56 (Threshold: 9.80)
  Trend: stable

[2025-03-10 16:37:26] CRITICAL violation for cpu_threshold:
  Value: 87.64 (Threshold: 128.10)
  Trend: stable

[2025-03-10 16:37:26] CRITICAL violation for gpu_utilization:
  Value: -0.27 (Threshold: -0.51)
  Trend: stable

[2025-03-10 16:37:26] CRITICAL: gpu_utilization
Value -0.27 exceeds critical threshold -0.10
[2025-03-10 16:37:28] CRITICAL violation for cpu_threshold:
  Value: 113.10 (Threshold: 128.10)
  Trend: stable

[2025-03-10 16:37:28] CRITICAL violation for memory_ratio:
  Value: 10.62 (Threshold: 9.92)
  Trend: stable

[2025-03-10 16:37:28] CRITICAL violation for cpu_threshold:
  Value: 88.30 (Threshold: 128.10)
  Trend: stable

[2025-03-10 16:37:28] CRITICAL violation for gpu_utilization:
  Value: -0.25 (Threshold: -0.51)
  Trend: stable

[2025-03-10 16:37:28] CRITICAL: gpu_utilization
Value -0.25 exceeds critical threshold -0.10
[2025-03-10 16:37:28] CRITICAL violation for memory_ratio:
  Value: 6.71 (Threshold: 9.92)
  Trend: stable

[2025-03-10 16:37:28] CRITICAL violation for cpu_threshold:
  Value: 83.27 (Threshold: 128.10)
  Trend: stable

[2025-03-10 16:37:28] CRITICAL violation for gpu_utilization:
  Value: -0.43 (Threshold: -0.51)
  Trend: stable

[2025-03-10 16:37:28] CRITICAL: gpu_utilization
Value -0.43 exceeds critical threshold -0.10
[2025-03-10 16:37:28] CRITICAL violation for memory_ratio:
  Value: 6.83 (Threshold: 9.92)
  Trend: stable

[2025-03-10 16:37:28] CRITICAL violation for cpu_threshold:
  Value: 79.10 (Threshold: 128.10)
  Trend: stable

[2025-03-10 16:37:28] CRITICAL violation for gpu_utilization:
  Value: -0.38 (Threshold: -0.51)
  Trend: stable

[2025-03-10 16:37:28] CRITICAL: gpu_utilization
Value -0.38 exceeds critical threshold -0.10
[2025-03-10 16:37:28] CRITICAL violation for memory_ratio:
  Value: 7.58 (Threshold: 9.92)
  Trend: stable

[2025-03-10 16:37:28] CRITICAL violation for cpu_threshold:
  Value: 96.53 (Threshold: 128.10)
  Trend: stable

[2025-03-10 16:37:28] CRITICAL violation for gpu_utilization:
  Value: -0.29 (Threshold: -0.51)
  Trend: stable

[2025-03-10 16:37:28] CRITICAL: gpu_utilization
Value -0.29 exceeds critical threshold -0.10
[2025-03-10 16:37:28] CRITICAL violation for memory_ratio:
  Value: 6.77 (Threshold: 9.92)
  Trend: stable

[2025-03-10 16:37:28] CRITICAL violation for cpu_threshold:
  Value: 80.73 (Threshold: 128.10)
  Trend: stable

[2025-03-10 16:37:28] CRITICAL violation for gpu_utilization:
  Value: -0.36 (Threshold: -0.51)
  Trend: stable

[2025-03-10 16:37:28] CRITICAL: gpu_utilization
Value -0.36 exceeds critical threshold -0.10
[2025-03-10 16:37:28] CRITICAL violation for memory_ratio:
  Value: 7.12 (Threshold: 9.92)
  Trend: stable

[2025-03-10 16:37:28] CRITICAL violation for cpu_threshold:
  Value: 85.13 (Threshold: 128.10)
  Trend: stable

[2025-03-10 16:37:28] CRITICAL violation for gpu_utilization:
  Value: -0.31 (Threshold: -0.51)
  Trend: stable

[2025-03-10 16:37:28] CRITICAL: gpu_utilization
Value -0.31 exceeds critical threshold -0.10
[2025-03-10 16:37:28] CRITICAL violation for gpu_utilization:
  Value: -0.32 (Threshold: -0.51)
  Trend: stable

[2025-03-10 16:37:28] CRITICAL: gpu_utilization
Value -0.32 exceeds critical threshold -0.10
[2025-03-10 16:37:28] CRITICAL violation for memory_ratio:
  Value: 10.22 (Threshold: 10.12)
  Trend: stable

[2025-03-10 16:37:28] CRITICAL violation for cpu_threshold:
  Value: 82.91 (Threshold: 128.10)
  Trend: stable

[2025-03-10 16:37:28] CRITICAL violation for gpu_utilization:
  Value: -0.35 (Threshold: -0.51)
  Trend: stable

[2025-03-10 16:37:28] CRITICAL: gpu_utilization
Value -0.35 exceeds critical threshold -0.10
[2025-03-10 16:37:28] CRITICAL violation for memory_ratio:
  Value: 7.01 (Threshold: 10.12)
  Trend: stable

[2025-03-10 16:37:28] CRITICAL violation for cpu_threshold:
  Value: 88.97 (Threshold: 128.10)
  Trend: stable

[2025-03-10 16:37:28] CRITICAL violation for gpu_utilization:
  Value: -0.30 (Threshold: -0.51)
  Trend: stable

[2025-03-10 16:37:28] CRITICAL: gpu_utilization
Value -0.30 exceeds critical threshold -0.10
[2025-03-10 16:37:28] CRITICAL violation for memory_ratio:
  Value: 6.74 (Threshold: 10.12)
  Trend: stable

[2025-03-10 16:37:28] CRITICAL violation for gpu_utilization:
  Value: -0.08 (Threshold: -0.51)
  Trend: stable

[2025-03-10 16:37:28] CRITICAL: gpu_utilization
Value -0.08 exceeds critical threshold -0.10
[2025-03-10 16:37:28] CRITICAL violation for cpu_threshold:
  Value: 123.56 (Threshold: 128.10)
  Trend: stable

[2025-03-10 16:37:28] CRITICAL violation for gpu_utilization:
  Value: -0.39 (Threshold: -0.51)
  Trend: stable

[2025-03-10 16:37:28] CRITICAL: gpu_utilization
Value -0.39 exceeds critical threshold -0.10
[2025-03-10 16:37:29] CRITICAL violation for memory_ratio:
  Value: 7.22 (Threshold: 10.12)
  Trend: stable

[2025-03-10 16:37:29] CRITICAL violation for cpu_threshold:
  Value: 87.13 (Threshold: 128.10)
  Trend: stable

[2025-03-10 16:37:29] CRITICAL violation for gpu_utilization:
  Value: -0.24 (Threshold: -0.51)
  Trend: stable

[2025-03-10 16:37:29] CRITICAL: gpu_utilization
Value -0.24 exceeds critical threshold -0.10
[2025-03-10 16:37:29] CRITICAL violation for memory_ratio:
  Value: 10.42 (Threshold: 10.14)
  Trend: stable

[2025-03-10 16:37:29] CRITICAL violation for gpu_utilization:
  Value: -0.63 (Threshold: -0.52)
  Trend: stable

[2025-03-10 16:37:29] CRITICAL: gpu_utilization
Value -0.63 exceeds critical threshold -0.10
[2025-03-10 16:37:29] CRITICAL violation for memory_ratio:
  Value: 7.23 (Threshold: 10.14)
  Trend: stable

[2025-03-10 16:37:29] CRITICAL violation for cpu_threshold:
  Value: 84.92 (Threshold: 128.10)
  Trend: stable

[2025-03-10 16:37:29] CRITICAL violation for memory_ratio:
  Value: 10.58 (Threshold: 10.22)
  Trend: stable

[2025-03-10 16:37:29] CRITICAL violation for cpu_threshold:
  Value: 133.63 (Threshold: 129.72)
  Trend: stable

[2025-03-10 16:37:29] CRITICAL violation for gpu_utilization:
  Value: -0.42 (Threshold: -0.52)
  Trend: stable

[2025-03-10 16:37:29] CRITICAL: gpu_utilization
Value -0.42 exceeds critical threshold -0.10
[2025-03-10 16:37:29] CRITICAL violation for memory_ratio:
  Value: 7.37 (Threshold: 10.22)
  Trend: stable

[2025-03-10 16:37:29] CRITICAL violation for cpu_threshold:
  Value: 96.54 (Threshold: 129.72)
  Trend: stable

[2025-03-10 16:37:29] CRITICAL violation for gpu_utilization:
  Value: -0.25 (Threshold: -0.52)
  Trend: stable

[2025-03-10 16:37:29] CRITICAL: gpu_utilization
Value -0.25 exceeds critical threshold -0.10
[2025-03-10 16:37:29] CRITICAL violation for memory_ratio:
  Value: 6.73 (Threshold: 10.22)
  Trend: stable

[2025-03-10 16:37:29] CRITICAL violation for cpu_threshold:
  Value: 73.56 (Threshold: 129.72)
  Trend: stable

[2025-03-10 16:37:29] CRITICAL violation for gpu_utilization:
  Value: -0.35 (Threshold: -0.52)
  Trend: stable

[2025-03-10 16:37:29] CRITICAL: gpu_utilization
Value -0.35 exceeds critical threshold -0.10
[2025-03-10 16:37:29] CRITICAL violation for memory_ratio:
  Value: 6.87 (Threshold: 10.22)
  Trend: stable

[2025-03-10 16:37:29] CRITICAL violation for cpu_threshold:
  Value: 83.84 (Threshold: 129.72)
  Trend: stable

[2025-03-10 16:37:29] CRITICAL violation for gpu_utilization:
  Value: -0.36 (Threshold: -0.52)
  Trend: stable

[2025-03-10 16:37:29] CRITICAL: gpu_utilization
Value -0.36 exceeds critical threshold -0.10
[2025-03-10 16:37:30] CRITICAL violation for cpu_threshold:
  Value: 83.99 (Threshold: 129.72)
  Trend: stable

[2025-03-10 16:37:30] CRITICAL violation for memory_ratio:
  Value: 7.23 (Threshold: 10.22)
  Trend: stable

[2025-03-10 16:37:30] CRITICAL violation for cpu_threshold:
  Value: 98.72 (Threshold: 129.72)
  Trend: stable

[2025-03-10 16:37:30] CRITICAL violation for gpu_utilization:
  Value: -0.15 (Threshold: -0.52)
  Trend: stable

[2025-03-10 16:37:30] CRITICAL: gpu_utilization
Value -0.15 exceeds critical threshold -0.10
[2025-03-10 16:37:30] CRITICAL violation for memory_ratio:
  Value: 7.21 (Threshold: 10.22)
  Trend: stable

[2025-03-10 16:37:30] CRITICAL violation for cpu_threshold:
  Value: 84.62 (Threshold: 129.72)
  Trend: stable

[2025-03-10 16:37:30] CRITICAL violation for gpu_utilization:
  Value: -0.29 (Threshold: -0.52)
  Trend: stable

[2025-03-10 16:37:30] CRITICAL: gpu_utilization
Value -0.29 exceeds critical threshold -0.10
[2025-03-10 16:37:30] CRITICAL violation for memory_ratio:
  Value: 7.12 (Threshold: 10.22)
  Trend: stable

[2025-03-10 16:37:30] CRITICAL violation for cpu_threshold:
  Value: 79.48 (Threshold: 129.72)
  Trend: stable

[2025-03-10 16:37:30] CRITICAL violation for gpu_utilization:
  Value: -0.29 (Threshold: -0.52)
  Trend: stable

[2025-03-10 16:37:30] CRITICAL: gpu_utilization
Value -0.29 exceeds critical threshold -0.10
[2025-03-10 16:37:30] CRITICAL violation for memory_ratio:
  Value: 7.16 (Threshold: 10.22)
  Trend: stable

[2025-03-10 16:37:30] CRITICAL violation for cpu_threshold:
  Value: 79.60 (Threshold: 129.72)
  Trend: stable

[2025-03-10 16:37:30] CRITICAL violation for gpu_utilization:
  Value: -0.35 (Threshold: -0.52)
  Trend: stable

[2025-03-10 16:37:30] CRITICAL: gpu_utilization
Value -0.35 exceeds critical threshold -0.10
[2025-03-10 16:37:30] CRITICAL violation for cpu_threshold:
  Value: 103.74 (Threshold: 129.72)
  Trend: stable

[2025-03-10 16:37:30] CRITICAL violation for gpu_utilization:
  Value: 0.03 (Threshold: -0.52)
  Trend: stable

[2025-03-10 16:37:30] CRITICAL: gpu_utilization
Value 0.03 exceeds critical threshold -0.10
[2025-03-10 16:37:30] CRITICAL violation for memory_ratio:
  Value: 11.20 (Threshold: 10.30)
  Trend: stable

[2025-03-10 16:37:30] CRITICAL violation for cpu_threshold:
  Value: 97.71 (Threshold: 129.72)
  Trend: stable

[2025-03-10 16:37:30] CRITICAL violation for gpu_utilization:
  Value: -0.25 (Threshold: -0.52)
  Trend: stable

[2025-03-10 16:37:30] CRITICAL: gpu_utilization
Value -0.25 exceeds critical threshold -0.10
[2025-03-10 16:37:30] CRITICAL violation for memory_ratio:
  Value: 6.86 (Threshold: 10.30)
  Trend: stable

[2025-03-10 16:37:30] CRITICAL violation for cpu_threshold:
  Value: 84.21 (Threshold: 129.72)
  Trend: stable

[2025-03-10 16:37:30] CRITICAL violation for gpu_utilization:
  Value: -0.27 (Threshold: -0.52)
  Trend: stable

[2025-03-10 16:37:30] CRITICAL: gpu_utilization
Value -0.27 exceeds critical threshold -0.10
[2025-03-10 16:37:30] CRITICAL violation for memory_ratio:
  Value: 7.50 (Threshold: 10.30)
  Trend: stable

[2025-03-10 16:37:30] CRITICAL violation for cpu_threshold:
  Value: 90.17 (Threshold: 129.72)
  Trend: stable

[2025-03-10 16:37:30] CRITICAL violation for gpu_utilization:
  Value: -0.24 (Threshold: -0.52)
  Trend: stable

[2025-03-10 16:37:30] CRITICAL: gpu_utilization
Value -0.24 exceeds critical threshold -0.10
[2025-03-10 16:37:31] CRITICAL violation for memory_ratio:
  Value: 7.25 (Threshold: 10.30)
  Trend: stable

[2025-03-10 16:37:31] CRITICAL violation for cpu_threshold:
  Value: 86.23 (Threshold: 129.72)
  Trend: stable

[2025-03-10 16:37:31] CRITICAL violation for memory_ratio:
  Value: 7.16 (Threshold: 10.30)
  Trend: stable

[2025-03-10 16:37:31] CRITICAL violation for cpu_threshold:
  Value: 83.82 (Threshold: 129.72)
  Trend: stable

[2025-03-10 16:37:31] CRITICAL violation for gpu_utilization:
  Value: -0.22 (Threshold: -0.52)
  Trend: stable

[2025-03-10 16:37:31] CRITICAL: gpu_utilization
Value -0.22 exceeds critical threshold -0.10
[2025-03-10 16:37:31] CRITICAL violation for memory_ratio:
  Value: 7.37 (Threshold: 10.30)
  Trend: stable

[2025-03-10 16:37:31] CRITICAL violation for cpu_threshold:
  Value: 87.53 (Threshold: 129.72)
  Trend: stable

[2025-03-10 16:37:31] CRITICAL violation for gpu_utilization:
  Value: -0.17 (Threshold: -0.52)
  Trend: stable

[2025-03-10 16:37:31] CRITICAL: gpu_utilization
Value -0.17 exceeds critical threshold -0.10
[2025-03-10 16:37:32] CRITICAL violation for memory_ratio:
  Value: 7.21 (Threshold: 10.30)
  Trend: stable

[2025-03-10 16:37:32] CRITICAL violation for cpu_threshold:
  Value: 78.56 (Threshold: 129.72)
  Trend: stable

[2025-03-10 16:37:32] CRITICAL violation for gpu_utilization:
  Value: -0.21 (Threshold: -0.52)
  Trend: stable

[2025-03-10 16:37:32] CRITICAL: gpu_utilization
Value -0.21 exceeds critical threshold -0.10
[2025-03-10 16:37:33] CRITICAL violation for memory_ratio:
  Value: 7.73 (Threshold: 10.30)
  Trend: stable

[2025-03-10 16:37:33] CRITICAL violation for cpu_threshold:
  Value: 97.81 (Threshold: 129.72)
  Trend: stable

[2025-03-10 16:37:33] CRITICAL violation for gpu_utilization:
  Value: -0.15 (Threshold: -0.52)
  Trend: stable

[2025-03-10 16:37:33] CRITICAL: gpu_utilization
Value -0.15 exceeds critical threshold -0.10
[2025-03-10 16:37:33] CRITICAL violation for memory_ratio:
  Value: 8.04 (Threshold: 10.30)
  Trend: stable

[2025-03-10 16:37:33] CRITICAL violation for cpu_threshold:
  Value: 94.67 (Threshold: 129.72)
  Trend: stable

[2025-03-10 16:37:33] CRITICAL violation for gpu_utilization:
  Value: -0.12 (Threshold: -0.52)
  Trend: stable

[2025-03-10 16:37:33] CRITICAL: gpu_utilization
Value -0.12 exceeds critical threshold -0.10
